产品,问题,答案,召回信息,召回文档块索引
平安守护尊享成人意外险,产品：平安守护尊享成人意外险	问题：该产品的最高投保年龄是多少？,"根据平安守护尊享成人意外险条款第二条规定，该产品的最高投保年龄为：
- 首次投保年龄不超过75周岁（含）
- 续保不超过80周岁（含）","[{'content': '中国平安财产保险股份有限公司 平安产险意外伤害保险（互联网版）条款 注册号：C00001732312021120910153 总则 第一条 本保险合同由保险条款、投保单、保险单、保险凭证以及批单等组成。凡涉及 本保险合同的约定，均应采用书面形式。 第二条 本保险合同的被保险人应为身体健康，能正常工作或生活的，首次投保年龄 不超过七十五周岁（含）、续保不超过八十周岁（含）的自然人。 第三条 本保险合同的投保人应为具有完全民事行为能力的被保险人本人、对被保险人 有保险利益的其他人。 第四条 本保险合同的受益人包括： （一）身故保险金受益人 订立本保险合同时，被保险人或投保人可指定一人或数人为身故保险金受益人。身故保 险金受益人为数人时，应确定其受益顺序和受益份额；未确定受益份额的，各身故保险金 受益人按照相等份额享有受益权。投保人指定受益人时须经被保险人同意。 被保险人死亡后，有下列情形之一的'}, {'content': '但被保险人自杀时为无民事行为能力人的除外； （三）因被保险人挑衅或故意行为而导致的打斗、被袭击或被谋杀； （四）被保险人妊娠、流产、分娩、疾病、药物过敏、中暑、猝死； （五）被保险人接受整容手术及其他内、外科手术； （六）被保险人未遵医嘱，私自服用、涂用、注射药物； （七）核爆炸、核辐射或核污染； （八）被保险人犯罪或拒捕； （九）被保险人从事高风险运动或参加职业或半职业体育运动； （十）被保险人病理性骨折或被诊断为骨质疏松并因该病症而导致的伤害； （十一）被保险人投保前已有骨折的； （十二）被保险人没有遭受骨折伤害，因其他原因或主动进行骨密度检测。 第九条 被保险人在下列期间遭受伤害导致身故、伤残或医疗费用支出的，保险人也 不承担给付保险金责任： （一）战争、军事行动、暴动或武装叛乱期间； （二）被保险人主动吸食或注射毒品期间； （三）被保险人酒后驾车、无有效驾驶证驾驶或驾驶无有效行驶证'}, {'content': '商业营运的火车、轮船或汽车期间。 第十条 下列费用，保险人不承担给付保险金责任： （一）保险单签发地社会医疗保险或其他公费医疗管理部门规定的自费项目，如自费 药品费用等； （二）因椎间盘膨出和突出造成被保险人支出的医疗费用； （三）营养费、康复费、辅助器具费、整容费、美容费、修复手术费、牙齿整形费、 牙齿修复费、镶牙费、护理费、交通费、伙食费、误工费、丧葬费。 保险金额、免赔额与赔付比例 第十一条 保险金额是保险人承担给付保险金责任的最高限额。 本保险合同的保险金额分为“飞机意外伤害保险金额”、“火车意外伤害保险金额”、“轮 船意外伤害保险金额”和“汽车意外伤害保险金额”和“意外伤害医疗保险金额”，由投保人、 保险人双方约定，并在保险单中载明。 本保险合同中的免赔额是指被保险人在保险期间内发生的、虽然属于本保险合同保险 责任范围内的医疗费用，但依照本保险合同约定仍旧由被保险人自行承担，保险'}, {'content': '国家标准化委员会备 案的中华人民共和国金融行业标准。 【乘坐民航客机或商业营运的火车、轮船、汽车期间】指自被保险人进入客运民航班机 的舱门、商业营运的火车车厢、轮船甲板或汽车车厢时起，至抵达目的地走出舱门、车厢或 甲板时止的期间。 【火车】包括铁路列车、地铁、轻轨。 【商业营运】指经相关政府部门登记许可的以客运为目的的运输经营活动。 【不可抗力】指不能预见、不能避免并不能克服的客观情况。 【保险金申请人】指受益人或被保险人的继承人或依法享有保险金请求权的其他自然 人。 【医院】指保险人与投保人约定的定点医院，未约定定点医院的，则指经中华人民共和 国卫生部门评审确定的二级或二级以上的公立医院，但不包括主要作为诊所、康复、护理、 休养、静养、戒酒、戒毒等或类似的医疗机构。该医院必须具有符合国家有关医院管理规 则设置标准的医疗设备，且全天二十四小时有合格医师及护士驻院提供医疗及护理服务。 【毒品'}, {'content': '力终止。保险人收到上述证明文件和资料之日起三十日内退还保险单的现金价值。 第二十八条 释义 【周岁】指以法定身份证明文件中记载的出生日期为基础计算的实足年龄。 【意外伤害】指以外来的、突发的、非本意的和非疾病的客观事件为直接且单独的原因 致使身体受到的伤害。 【医院】指保险人与投保人约定的定点医院，未约定定点医院的，则指经中华人民共和 国卫生部门评审确定的二级或二级以上的公立医院，但不包括主要作为诊所、康复、护理、 休养、静养、戒酒、戒毒等或类似的医疗机构。该医院必须具有符合国家有关医院管理规 则设置标准的医疗设备，且全天二十四小时有合格医师及护士驻院提供医疗及护理服务。 【人身保险伤残评定标准及代码】 《人身保险伤残评定标准及代码》（JR/T 0083—2013） 是由中国保险监督管理委员会发布（原保监会保监发[2014]6 号）并经国家标准化委员会备 案的中华人民共和国金融行业标准。 '}, {'content': '伤残等级在原评定基础上最多晋升一级，最高晋升至第一级。同一部位和性质的 伤残，不应采用《伤残评定标准》条文两条以上或者同一条文两次以上进行评定。 2．被保险人如在本次意外伤害事故之前已有伤残，保险人按合并后的伤残程度在《伤 残评定标准》中所对应的给付比例给付伤残保险金，但应扣除原有伤残程度在《伤残评定 标准》所对应的伤残保险金。 保险期间内，被保险人前述第（一）、（二）款下乘坐同一类型交通工具期间遭受意外 伤害事故的保险金累计给付金额以保险单载明的事故对应类型的交通工具意外伤害保险金 额为限。 （三）可选责任：医疗保险责任 保险期间内，被保险人在以乘客身份乘坐民航客机或商业营运的火车、轮船、汽车期间 遭受意外伤害事故，并因此在符合本保险合同释义约定的医院（以下简称“释义医院”）进行 治疗，就其事故发生之日起一百八十日内实际支出的按照当地社会医疗保险主管部门规定 可报销的、必要的、合理的医疗'}, {'content': '无对应取值。'}]","3, 18, 32, 48, 52, 64"
平安守护尊享成人意外险,产品：平安守护尊享成人意外险	问题：续保时年龄限制会放宽吗？,"根据平安守护尊享成人意外险的条款规定，续保时的年龄限制不会放宽。条款第二条明确规定：

""首次投保年龄不超过七十五周岁（含）、续保不超过八十周岁（含）的自然人""

这意味着：
1. 首次投保时，被保险人年龄不得超过75周岁
2. 续保时，被保险人年龄不得超过80周岁

该年龄限制是固定的，条款中未提及任何关于放宽续保年龄限制的内容。因此，续保时的年龄上限严格限定在80周岁以内，超过此年龄将无法继续投保或续保此产品。","[{'content': '中国平安财产保险股份有限公司 平安产险意外伤害保险（互联网版）条款 注册号：C00001732312021120910153 总则 第一条 本保险合同由保险条款、投保单、保险单、保险凭证以及批单等组成。凡涉及 本保险合同的约定，均应采用书面形式。 第二条 本保险合同的被保险人应为身体健康，能正常工作或生活的，首次投保年龄 不超过七十五周岁（含）、续保不超过八十周岁（含）的自然人。 第三条 本保险合同的投保人应为具有完全民事行为能力的被保险人本人、对被保险人 有保险利益的其他人。 第四条 本保险合同的受益人包括： （一）身故保险金受益人 订立本保险合同时，被保险人或投保人可指定一人或数人为身故保险金受益人。身故保 险金受益人为数人时，应确定其受益顺序和受益份额；未确定受益份额的，各身故保险金 受益人按照相等份额享有受益权。投保人指定受益人时须经被保险人同意。 被保险人死亡后，有下列情形之一的'}, {'content': '中国平安财产保险股份有限公司 平安产险交通工具意外伤害保险（互联网版）条款 注册号：C00001732312021120910133 总则 第一条 本保险合同由保险条款、投保单、保险单、保险凭证以及批单等组成。凡涉及 本保险合同的约定，均应采用书面形式。 第二条 本保险合同的被保险人应为身体健康、能正常工作或正常生活的自然人。 第三条 本保险合同的投保人应为具有完全民事行为能力的被保险人本人、对被保险人 有保险利益的其他人。 第四条 本保险合同的受益人包括： （一）身故保险金受益人 订立本保险合同时，被保险人或投保人可指定一人或数人为身故保险金受益人。身故保 险金受益人为数人时，应确定其受益顺序和受益份额；未确定受益份额的，各身故保险金 受益人按照相等份额享有受益权。投保人指定受益人时须经被保险人同意。 被保险人死亡后，有下列情形之一的，保险金作为被保险人的遗产，由保险人依照有关 法律法规'}, {'content': '力终止。保险人收到上述证明文件和资料之日起三十日内退还保险单的现金价值。 第二十八条 释义 【周岁】指以法定身份证明文件中记载的出生日期为基础计算的实足年龄。 【意外伤害】指以外来的、突发的、非本意的和非疾病的客观事件为直接且单独的原因 致使身体受到的伤害。 【医院】指保险人与投保人约定的定点医院，未约定定点医院的，则指经中华人民共和 国卫生部门评审确定的二级或二级以上的公立医院，但不包括主要作为诊所、康复、护理、 休养、静养、戒酒、戒毒等或类似的医疗机构。该医院必须具有符合国家有关医院管理规 则设置标准的医疗设备，且全天二十四小时有合格医师及护士驻院提供医疗及护理服务。 【人身保险伤残评定标准及代码】 《人身保险伤残评定标准及代码》（JR/T 0083—2013） 是由中国保险监督管理委员会发布（原保监会保监发[2014]6 号）并经国家标准化委员会备 案的中华人民共和国金融行业标准。 '}, {'content': '国家标准化委员会备 案的中华人民共和国金融行业标准。 【乘坐民航客机或商业营运的火车、轮船、汽车期间】指自被保险人进入客运民航班机 的舱门、商业营运的火车车厢、轮船甲板或汽车车厢时起，至抵达目的地走出舱门、车厢或 甲板时止的期间。 【火车】包括铁路列车、地铁、轻轨。 【商业营运】指经相关政府部门登记许可的以客运为目的的运输经营活动。 【不可抗力】指不能预见、不能避免并不能克服的客观情况。 【保险金申请人】指受益人或被保险人的继承人或依法享有保险金请求权的其他自然 人。 【医院】指保险人与投保人约定的定点医院，未约定定点医院的，则指经中华人民共和 国卫生部门评审确定的二级或二级以上的公立医院，但不包括主要作为诊所、康复、护理、 休养、静养、戒酒、戒毒等或类似的医疗机构。该医院必须具有符合国家有关医院管理规 则设置标准的医疗设备，且全天二十四小时有合格医师及护士驻院提供医疗及护理服务。 【毒品'}, {'content': '合同涉及的外币与人民币的汇率，以结算当日中华人民共和国中国 人民银行公布的外汇汇率为准。 第二十六条 投保人和保险人可以协商变更合同内容。 变更保险合同的，应当由保险人在保险单或者其他保险凭证上批注或附贴批单，或者投 保人和保险人订立变更的书面协议。 第二十七条 在本保险合同成立后，投保人可以书面形式通知保险人解除合同，但保险 人已根据本保险合同约定给付保险金的除外。 投保人解除本保险合同时，应提供下列证明文件和资料： （一）保险合同解除申请书； （二）保险单原件； （三）保险费交付凭证； （四）投保人身份证明。 投保人要求解除本保险合同，自保险人接到保险合同解除申请书之时起，本保险合同 的效力终止。保险人收到上述证明文件和资料之日起三十日内退还保险单的现金价值。 第二十八条 释义 【周岁】指以法定身份证明文件中记载的出生日期为基础计算的实足年龄。 【意外伤害】指以外来的、突发的、非本意的'}, {'content': '承担给付保险金责任的最高限额。 本保险合同的保险金额分为意外伤害保险金额，意外伤害医疗保险金额，意外伤害住院 津贴保险金，住院护理津贴保险金额，交通意外伤害身故特别保险金额，交通意外伤害伤残 特别保险金额，意外伤害骨折、关节脱位保险金额，轻度骨折保险金额，每次轻度骨折津贴， 骨密度检测保险金额，每次骨密度检测津贴，由投保人、保险人双方约定，并在保险单中载 明。 本保险合同中的免赔额是指被保险人在保险期间内发生的、虽然属于本保险合同保险 责任范围内的医疗费用，但依照本保险合同约定仍旧由被保险人自行承担，保险人不予赔 付的金额。被保险人从其他途径已获得的医疗费用补偿可用于抵扣免赔额，但通过基本医 疗保险、政府主办补充医疗、公费医疗获得的补偿，不可用于抵扣免赔额。 免赔额、免赔天数、赔付比例由投保人、保险人在投保时协商确定，并在保险合同中 载明。 第十二条 本保险合同保险期间由保险人和投保人协商'}, {'content': '无对应取值。'}]","3, 20, 31, 32, 42, 64"
平安守护尊享成人意外险,产品：平安守护尊享成人意外险	问题：分期付款如果忘记缴费会有什么后果？,"根据平安守护尊享成人意外险条款规定，分期付款忘记缴费的后果如下：

1. **宽限期保障**：忘记缴费后，保险公司会进行催告，并提供30天的宽限期。在此期间：
   - 可以补缴欠费
   - 如果发生保险事故，保险公司仍承担保险责任，但有权从赔付金额中扣除欠缴保费

2. **合同终止**：如果在宽限期（30天）结束后仍未补缴保费：
   - 保险合同自当期保费应付之日起终止
   - 合同终止后发生的保险事故，保险公司不再承担保险责任

3. **现金价值退还**：合同终止后，保险公司将在收到相关证明文件和资料之日起30日内退还保险单的现金价值。

建议您按时缴纳保费，如遇特殊情况无法按时缴费，请务必在30天宽限期内完成补缴，以免影响保险保障。","[{'content': '力终止。保险人收到上述证明文件和资料之日起三十日内退还保险单的现金价值。 第二十八条 释义 【周岁】指以法定身份证明文件中记载的出生日期为基础计算的实足年龄。 【意外伤害】指以外来的、突发的、非本意的和非疾病的客观事件为直接且单独的原因 致使身体受到的伤害。 【医院】指保险人与投保人约定的定点医院，未约定定点医院的，则指经中华人民共和 国卫生部门评审确定的二级或二级以上的公立医院，但不包括主要作为诊所、康复、护理、 休养、静养、戒酒、戒毒等或类似的医疗机构。该医院必须具有符合国家有关医院管理规 则设置标准的医疗设备，且全天二十四小时有合格医师及护士驻院提供医疗及护理服务。 【人身保险伤残评定标准及代码】 《人身保险伤残评定标准及代码》（JR/T 0083—2013） 是由中国保险监督管理委员会发布（原保监会保监发[2014]6 号）并经国家标准化委员会备 案的中华人民共和国金融行业标准。 '}, {'content': '。 保险责任 第三条 兹经投保人和保险人双方同意，本保险合同项下保险费可以按照约定的分期支 付日期和金额支付，具体以保险单载明为准。 在交纳首月保险费后，投保人应当在每月保险费约定支付日交纳对应月份的保险费。 第四条 若投保人分期支付保险费，在支付首期保险费后未按约定在应付之日交纳保险 费，保险人允许投保人在催告之日起三十日（含第三十日）内补交保险费，如果被保险人 在此三十日内发生保险事故，保险人仍按照合同约定给付保险金，但有权从给付的保险金 中扣除投保人欠缴的保险费。 若投保人在保险人催告之日起三十日（含第三十日）内未补交保险费，则本合同自当 期保费的应付之日起终止，对于保险合同终止后发生的保险事故，保险人不承担保险责 任。'}, {'content': '费相关要求的，保险人应当按照保险法相 关规定退还保险单的现金价值。 投保人、被保险人义务 第十八条 除另有约定外，投保人应当在保险合同成立时交清保险费。 第十九条 订立保险合同，保险人就被保险人的有关情况提出询问的，投保人应当如实 告知。 投保人故意或者因重大过失未履行前款规定的义务，足以影响保险人决定是否同意承 保或者提高保险费率的，保险人有权解除本保险合同。 前款规定的合同解除权，自保险人知道有解除事由之日起，超过三十日不行使而消灭。 自合同成立之日起超过二年的，保险人不得解除合同；发生保险事故的，保险人应当承担给 付保险金责任。 投保人故意不履行如实告知义务的，保险人对于合同解除前发生的保险事故，不承担 给付保险金责任，并不退还保险费。 投保人因重大过失未履行如实告知义务，对保险事故的发生有严重影响的，保险人对 于合同解除前发生的保险事故，不承担给付保险金责任，但应当退还保险费。 保'}, {'content': '的差额。 第十八条 投保人符合保险法规定的退还保险费相关要求的，保险人应当按照保险法相 关规定退还保险单的现金价值。 投保人、被保险人义务 第十九条 除另有约定外，投保人应当在保险合同成立时交清保险费。 第二十条 订立保险合同，保险人就被保险人的有关情况提出询问的，投保人应当如实 告知。 投保人故意或者因重大过失未履行前款规定的义务，足以影响保险人决定是否同意承 保或者提高保险费率的，保险人有权解除本保险合同。 前款规定的合同解除权，自保险人知道有解除事由之日起，超过三十日不行使而消灭。 自合同成立之日起超过二年的，保险人不得解除合同；发生保险事故的，保险人应当承担给 付保险金责任。 投保人故意不履行如实告知义务的，保险人对于合同解除前发生的保险事故，不承担 给付保险金责任，并不退还保险费。 投保人因重大过失未履行如实告知义务，对保险事故的发生有严重影响的，保险人对 于合同解除前发生的保险'}, {'content': '人向投保人提 供的投保单应当附格式条款，保险人应当向投保人说明本附加保险合同的内容。对保险合同 中免除保险人责任的条款，保险人在订立合同时应当在投保单、保险单或者其他保险凭证上 做出足以引起投保人注意的提示，并对该条款的内容以书面或者口头形式向投保人做出明确 说明。未作提示或者明确说明的，该条款不产生效力。 第十四条 本保险合同成立后，保险人应当及时向投保人签发保险单或其他保险凭证。 第十五条 保险人按照本保险合同的约定，认为被保险人提供的有关索赔的证明和资料 不完整的，应当及时一次性通知投保人、被保险人补充提供。 第十六条 保险人收到被保险人的给付保险金的请求后，应当及时作出是否属于保险责 任的核定；情形复杂的，保险人将在确定是否属于保险责任的基本材料收集齐全后，尽快做 出核定。 保险人应当将核定结果通知被保险人；对属于保险责任的，在与被保险人达成给付保险 金的协议后十日内，履行给付保险'}, {'content': '任的基本材料收集齐全后，尽快做 出核定。 保险人应当将核定结果通知被保险人；对属于保险责任的，在与被保险人达成给付保险 金的协议后十日内，履行给付保险金义务。保险合同对给付保险金的期限有约定的，保险人 应当按照约定履行给付保险金的义务。保险人依照前款约定作出核定后，对不属于保险责任 的，应当自作出核定之日起三日内向被保险人发出拒绝给付保险金通知书，并说明理由。 第十六条 保险人自收到给付保险金的请求和有关证明、资料之日起六十日内，对其给 付的数额不能确定的，应当根据已有证明和资料可以确定的数额先予支付；保险人最终确定 给付的数额后，应当支付相应的差额。 第十七条 投保人符合保险法规定的退还保险费相关要求的，保险人应当按照保险法相 关规定退还保险单的现金价值。 投保人、被保险人义务 第十八条 除另有约定外，投保人应当在保险合同成立时交清保险费。 第十九条 订立保险合同，保险人就被保险人的有关'}, {'content': '无对应取值。'}]","2, 22, 23, 32, 54, 56"
平安守护尊享成人意外险,产品：平安守护尊享成人意外险	问题：猝死是否在保障范围内？,"根据平安守护尊享成人意外险的相关条款，猝死是在保障范围内的。

具体说明如下：
1. 该产品包含""平安附加猝死保障保险""，明确约定""被保险人在保险期间内猝死的，按保险单载明的'猝死保险金额'给付猝死保险金""

2. 条款中对猝死的定义为：""身体急性症状发生后即刻或二十四小时内发生的死亡""

3. 需要注意的是，猝死保障是作为附加险提供的，需要投保人在投保时选择附加此项保障，并支付相应保费

因此，如果投保时附加了猝死保障，那么猝死是在该保险的保障范围内的，保险公司将按照保单载明的猝死保险金额进行赔付。","[{'content': '中国平安财产保险股份有限公司 平安附加猝死保障保险条款 注册号:C00001731922019122701412 本附加保险合同须附加于各种意外伤害保险或健康保险合同（以下简称“主保险合 同”）。主保险合同所附条款、投保单、保险单、保险凭证以及批单等，凡与本附加保险 合同相关者，均为本附加保险合同的构成部分。凡涉及本附加保险合同的约定，均应采用 书面形式。 经投保人申请并经保险人同意，被保险人在保险期间内猝死的，按保险单载明的“猝 死保险金额”给付猝死保险金。 若 主 保险 合 同 与本 附 加 保险 合 同 的条 款 互 有冲 突 ， 则以 本 附 加保 险 合 同的 条 款 为准。本附加保险合同未尽事宜，以主保险合同的条款规定为准。 【猝死】指身体急性症状发生后即刻或二十四小时内发生的死亡。'}, {'content': '商业营运的火车、轮船或汽车期间。 第十条 下列费用，保险人不承担给付保险金责任： （一）保险单签发地社会医疗保险或其他公费医疗管理部门规定的自费项目，如自费 药品费用等； （二）因椎间盘膨出和突出造成被保险人支出的医疗费用； （三）营养费、康复费、辅助器具费、整容费、美容费、修复手术费、牙齿整形费、 牙齿修复费、镶牙费、护理费、交通费、伙食费、误工费、丧葬费。 保险金额、免赔额与赔付比例 第十一条 保险金额是保险人承担给付保险金责任的最高限额。 本保险合同的保险金额分为“飞机意外伤害保险金额”、“火车意外伤害保险金额”、“轮 船意外伤害保险金额”和“汽车意外伤害保险金额”和“意外伤害医疗保险金额”，由投保人、 保险人双方约定，并在保险单中载明。 本保险合同中的免赔额是指被保险人在保险期间内发生的、虽然属于本保险合同保险 责任范围内的医疗费用，但依照本保险合同约定仍旧由被保险人自行承担，保险'}, {'content': '天计算。 【不可抗力】指不能预见、不能避免并不能克服的客观情况。 【保险金申请人】指受益人或被保险人的继承人或依法享有保险金请求权的其他自然 人。 【保险人认可的机构】指有执业资格的医疗机构、公安机关、法院，其出具的包含死亡 原因和时间的身故证明，须加盖有效的公章。 给付表一： 骨折或关节 脱位项目 头部骨折 头部骨折 头部骨折 头部骨折 躯干骨折 躯干骨折 中国平安财产保险股份有限公司 骨折或关节脱位给付比例表 项目等级 给付比例 颅盖骨（包括额、顶、枕、筛、颞或蝶骨）骨折 下颌骨骨折 颧骨或上颌骨骨折 鼻骨骨折 100% 20% 20% 20% 椎骨（注 1）椎体压缩性骨折（注 2）且棘突、横突或椎弓根骨折 100% 椎骨椎体压缩性骨折或棘突、横突或椎弓根骨折 躯干骨折 骨盆骨折（包括髋臼、骶、髂、耻、坐骨骨折，但不包括尾骨骨折） 躯干骨折 躯干骨折 躯干骨折 躯干骨折 躯干骨折 上肢'}, {'content': '承担给付保险金责任的最高限额。 本保险合同的保险金额分为意外伤害保险金额，意外伤害医疗保险金额，意外伤害住院 津贴保险金，住院护理津贴保险金额，交通意外伤害身故特别保险金额，交通意外伤害伤残 特别保险金额，意外伤害骨折、关节脱位保险金额，轻度骨折保险金额，每次轻度骨折津贴， 骨密度检测保险金额，每次骨密度检测津贴，由投保人、保险人双方约定，并在保险单中载 明。 本保险合同中的免赔额是指被保险人在保险期间内发生的、虽然属于本保险合同保险 责任范围内的医疗费用，但依照本保险合同约定仍旧由被保险人自行承担，保险人不予赔 付的金额。被保险人从其他途径已获得的医疗费用补偿可用于抵扣免赔额，但通过基本医 疗保险、政府主办补充医疗、公费医疗获得的补偿，不可用于抵扣免赔额。 免赔额、免赔天数、赔付比例由投保人、保险人在投保时协商确定，并在保险合同中 载明。 第十二条 本保险合同保险期间由保险人和投保人协商'}, {'content': '但被保险人自杀时为无民事行为能力人的除外； （三）因被保险人挑衅或故意行为而导致的打斗、被袭击或被谋杀； （四）被保险人妊娠、流产、分娩、疾病、药物过敏、中暑、猝死； （五）被保险人接受整容手术及其他内、外科手术； （六）被保险人未遵医嘱，私自服用、涂用、注射药物； （七）核爆炸、核辐射或核污染； （八）被保险人犯罪或拒捕； （九）被保险人从事高风险运动或参加职业或半职业体育运动； （十）被保险人病理性骨折或被诊断为骨质疏松并因该病症而导致的伤害； （十一）被保险人投保前已有骨折的； （十二）被保险人没有遭受骨折伤害，因其他原因或主动进行骨密度检测。 第九条 被保险人在下列期间遭受伤害导致身故、伤残或医疗费用支出的，保险人也 不承担给付保险金责任： （一）战争、军事行动、暴动或武装叛乱期间； （二）被保险人主动吸食或注射毒品期间； （三）被保险人酒后驾车、无有效驾驶证驾驶或驾驶无有效行驶证'}, {'content': '、伤残或医疗费用支出的，保险人也 不承担给付保险金责任： （一）战争、军事行动、暴动或武装叛乱期间； （二）被保险人主动吸食或注射毒品期间； （三）被保险人酒后驾车、无有效驾驶证驾驶或驾驶无有效行驶证的机动车期间。 第十条 下列费用，保险人不承担给付保险金责任： （一）保险单签发地社会医疗保险或其他公费医疗管理部门规定的自费项目，如自费 药品费用等； （二）因椎间盘膨出和突出造成被保险人支出的医疗费用； （三）营养费、康复费、辅助器具费、整容费、美容费、修复手术费、牙齿整形费、 牙齿修复费、镶牙费、护理费、交通费、伙食费、误工费、丧葬费。 保险金额、赔付比例与免赔额 第十一条 保险金额是保险人承担给付保险金责任的最高限额。 本保险合同的保险金额分为意外伤害保险金额，意外伤害医疗保险金额，意外伤害住院 津贴保险金，住院护理津贴保险金额，交通意外伤害身故特别保险金额，交通意外伤害伤残 特别保险'}, {'content': '被保险人在保险期间内猝死的，按保险单载明的“猝死保险金额”给付猝死保险金。'}, {'content': '被保险人以乘客身份乘坐民航客机或商业营运的火车、轮船、汽车期间因遭受意外伤害事故导致身故、伤残或医疗费用支出。'}]","18, 19, 20, 39, 52, 68"
平安守护尊享成人意外险,产品：平安守护尊享成人意外险	问题：哪些情况下保险公司不承担赔付责任？,"根据平安守护尊享成人意外险的条款规定，以下情况保险公司不承担赔付责任：

**一、因下列原因造成的保险事故：**
1. 投保人、被保险人的故意行为
2. 被保险人自致伤害或自杀（被保险人自杀时为无民事行为能力人的除外）
3. 因被保险人挑衅或故意行为而导致的打斗、被袭击或被谋杀
4. 被保险人妊娠、流产、分娩、疾病、药物过敏、中暑、猝死
5. 被保险人未遵医嘱，私自服用、涂用、注射药物
6. 核爆炸、核辐射或核污染
7. 被保险人犯罪或拒捕
8. 被保险人从事高风险运动或参加职业或半职业体育运动
9. 被保险人违反承运人或交通安全部门关于安全乘坐的规定

**二、在下列期间发生的保险事故：**
1. 战争、军事行动、暴动或武装叛乱期间
2. 被保险人主动吸食或注射毒品期间
3. 被保险人非以乘客的身份置身于任何交通工具期间
4. 被保险人乘坐非商业营运的火车、轮船或汽车期间

**三、下列费用不予赔付：**
1. 保险单签发地社会医疗保险或其他公费医疗管理部门规定的自费项目
2. 因椎间盘膨出和突出造成的医疗费用
3. 营养费、康复费、辅助器具费、整容费、美容费、修复手术费、牙齿整形费、牙齿修复费、镶牙费、护理费、交通费、伙食费、误工费、丧葬费

建议您在投保前仔细阅读保险条款，如有疑问可咨询保险公司客服人员。","[{'content': '保险人挑衅或故意行为而导致的打斗、被袭击或被谋杀； （四）被保险人妊娠、流产、分娩、疾病、药物过敏、中暑、猝死； （五）被保险人未遵医嘱，私自服用、涂用、注射药物； （六）核爆炸、核辐射或核污染； （七）被保险人犯罪或拒捕； （八）被保险人从事高风险运动或参加职业或半职业体育运动； （九）被保险人违反承运人或交通安全部门关于安全乘坐的规定。 第九条 被保险人在下列期间遭受伤害导致身故、伤残或医疗费用支出的，保险人不承 担给付保险金责任： （一）战争、军事行动、暴动或武装叛乱期间； （二）被保险人主动吸食或注射毒品期间； （三）被保险人非以乘客的身份置身于任何交通工具期间； （四）被保险人乘坐非商业营运的火车、轮船或汽车期间。 第十条 下列费用，保险人不承担给付保险金责任： （一）保险单签发地社会医疗保险或其他公费医疗管理部门规定的自费项目，如自费 药品费用等； （二）因椎间盘膨出和突出造成'}, {'content': '国家标准化委员会备 案的中华人民共和国金融行业标准。 【乘坐民航客机或商业营运的火车、轮船、汽车期间】指自被保险人进入客运民航班机 的舱门、商业营运的火车车厢、轮船甲板或汽车车厢时起，至抵达目的地走出舱门、车厢或 甲板时止的期间。 【火车】包括铁路列车、地铁、轻轨。 【商业营运】指经相关政府部门登记许可的以客运为目的的运输经营活动。 【不可抗力】指不能预见、不能避免并不能克服的客观情况。 【保险金申请人】指受益人或被保险人的继承人或依法享有保险金请求权的其他自然 人。 【医院】指保险人与投保人约定的定点医院，未约定定点医院的，则指经中华人民共和 国卫生部门评审确定的二级或二级以上的公立医院，但不包括主要作为诊所、康复、护理、 休养、静养、戒酒、戒毒等或类似的医疗机构。该医院必须具有符合国家有关医院管理规 则设置标准的医疗设备，且全天二十四小时有合格医师及护士驻院提供医疗及护理服务。 【毒品'}, {'content': '商业营运的火车、轮船或汽车期间。 第十条 下列费用，保险人不承担给付保险金责任： （一）保险单签发地社会医疗保险或其他公费医疗管理部门规定的自费项目，如自费 药品费用等； （二）因椎间盘膨出和突出造成被保险人支出的医疗费用； （三）营养费、康复费、辅助器具费、整容费、美容费、修复手术费、牙齿整形费、 牙齿修复费、镶牙费、护理费、交通费、伙食费、误工费、丧葬费。 保险金额、免赔额与赔付比例 第十一条 保险金额是保险人承担给付保险金责任的最高限额。 本保险合同的保险金额分为“飞机意外伤害保险金额”、“火车意外伤害保险金额”、“轮 船意外伤害保险金额”和“汽车意外伤害保险金额”和“意外伤害医疗保险金额”，由投保人、 保险人双方约定，并在保险单中载明。 本保险合同中的免赔额是指被保险人在保险期间内发生的、虽然属于本保险合同保险 责任范围内的医疗费用，但依照本保险合同约定仍旧由被保险人自行承担，保险'}, {'content': '医疗保险金额”时， 对被保险人的该项保险责任终止。 若被保险人已从其他途径（包括基本医疗保险、公费医疗、工作单位、保险人在内的 任何商业保险机构，以及依法承担侵权损害赔偿责任的第三人等）获得医疗费用补偿，则 保险人仅对被保险人实际发生的医疗费用扣除其所获医疗费用补偿后的剩余部分按本保险 合同约定负责赔偿。基本医疗保险个人账户部分支出视为个人支付，不属于已获得的医疗 费用补偿。 第八条 因下列原因造成被保险人身故、伤残或医疗费用支出的，保险人不承担给付保 责任免除 险金责任： （一）投保人、被保险人的故意行为； （二）被保险人自致伤害或自杀，但被保险人自杀时为无民事行为能力人的除外； （三）因被保险人挑衅或故意行为而导致的打斗、被袭击或被谋杀； （四）被保险人妊娠、流产、分娩、疾病、药物过敏、中暑、猝死； （五）被保险人未遵医嘱，私自服用、涂用、注射药物； （六）核爆炸、核辐射或核污染； （'}, {'content': '质、原因、 损失程度等难以确定的，保险人对无法确定的部分，不承担给付保险金责任，但保险人通 过其他途径已经及时知道或者应当及时知道保险事故发生的除外。 保险事故发生后，被保险人需要治疗的，应在释义医院就诊，若因急诊未在释义医院就 诊的，应在三日内通知保险人，并根据病情及时转入释义医院。若确需转入非释义医院就 诊的，应向保险人提出书面申请，保险人在接到申请后三日内给予答复，对于保险人同意 在非释义医院就诊的，对这期间发生的医疗费用按本保险合同规定给付保险金。 上述约定，不包括因不可抗力而导致的迟延。 保险金申请与给付 第二十二条 保险金申请人向保险人申请给付保险金时，应提交以下材料。保险金申请 人因特殊原因不能提供以下材料的，应提供其他合法有效的材料。保险金申请人未能提供有 关材料，导致保险人无法核实该申请的真实性的，保险人对无法核实部分不承担给付保险 金的责任。 （一）意外伤害身故保险金、'}, {'content': '承担给付保险金责任的最高限额。 本保险合同的保险金额分为意外伤害保险金额，意外伤害医疗保险金额，意外伤害住院 津贴保险金，住院护理津贴保险金额，交通意外伤害身故特别保险金额，交通意外伤害伤残 特别保险金额，意外伤害骨折、关节脱位保险金额，轻度骨折保险金额，每次轻度骨折津贴， 骨密度检测保险金额，每次骨密度检测津贴，由投保人、保险人双方约定，并在保险单中载 明。 本保险合同中的免赔额是指被保险人在保险期间内发生的、虽然属于本保险合同保险 责任范围内的医疗费用，但依照本保险合同约定仍旧由被保险人自行承担，保险人不予赔 付的金额。被保险人从其他途径已获得的医疗费用补偿可用于抵扣免赔额，但通过基本医 疗保险、政府主办补充医疗、公费医疗获得的补偿，不可用于抵扣免赔额。 免赔额、免赔天数、赔付比例由投保人、保险人在投保时协商确定，并在保险合同中 载明。 第十二条 本保险合同保险期间由保险人和投保人协商'}, {'content': '无对应取值。'}, {'content': '因下列原因或期间造成被保险人身故、伤残或医疗费用支出的，保险人不承担给付保险金责任：（1）投保人、被保险人的故意行为；（2）被保险人自致伤害或自杀（无民事行为能力人除外）；（3）因被保险人挑衅或故意行为导致的打斗、被袭击或被谋杀；（4）被保险人妊娠、流产、分娩、疾病、药物过敏、中暑、猝死；（5）被保险人未遵医嘱，私自服用、涂用、注射药物；（6）核爆炸、核辐射或核污染；（7）被保险人犯罪或拒捕；（8）被保险人从事高风险运动或参加职业或半职业体育运动；（9）被保险人违反承运人或交通安全部门关于安全乘坐的规定；（10）战争、军事行动、暴动或武装叛乱期间；（11）被保险人主动吸食或注射毒品期间；（12）被保险人非以乘客身份置身于任何交通工具期间；（13）被保险人乘坐非商业营运的火车、轮船或汽车期间。下列费用，保险人不承担给付保险金责任：（1）保险单签发地社会医疗保险或其他公费医疗管理部门规定的自费项目，如自费药品费用等；（2）因椎间盘膨出和突出造成的医疗费用；（3）营养费、康复费、辅助器具费、整容费、美容费、修复手术费、牙齿整形费、牙齿修复费、镶牙费、护理费、交通费、伙食费、误工费、丧葬费。'}]","20, 26, 50, 51, 52, 64"
平安守护尊享成人意外险,产品：平安守护尊享成人意外险	问题：意外伤害医疗费用报销比例是多少？,"根据平安守护尊享成人意外险条款，意外伤害医疗费用的报销比例为80%。

具体规定如下：
- 对于乘坐商业营运的火车、轮船或汽车期间发生的意外伤害事故
- 在扣除人民币100元免赔额后
- 按80%的比例给付意外伤害医疗保险金

需要注意的是：
1. 此报销比例适用于未从其他途径获得医疗费用补偿的情况
2. 实际赔付时还需扣除已从其他途径获得的医疗费用补偿
3. 投保人与保险人可在保险单中另行约定免赔额和赔付比例
4. 报销范围仅限于当地社会医疗保险主管部门规定可报销的必要、合理医疗费用","[{'content': '商业营运的火车、轮船或汽车期间。 第十条 下列费用，保险人不承担给付保险金责任： （一）保险单签发地社会医疗保险或其他公费医疗管理部门规定的自费项目，如自费 药品费用等； （二）因椎间盘膨出和突出造成被保险人支出的医疗费用； （三）营养费、康复费、辅助器具费、整容费、美容费、修复手术费、牙齿整形费、 牙齿修复费、镶牙费、护理费、交通费、伙食费、误工费、丧葬费。 保险金额、免赔额与赔付比例 第十一条 保险金额是保险人承担给付保险金责任的最高限额。 本保险合同的保险金额分为“飞机意外伤害保险金额”、“火车意外伤害保险金额”、“轮 船意外伤害保险金额”和“汽车意外伤害保险金额”和“意外伤害医疗保险金额”，由投保人、 保险人双方约定，并在保险单中载明。 本保险合同中的免赔额是指被保险人在保险期间内发生的、虽然属于本保险合同保险 责任范围内的医疗费用，但依照本保险合同约定仍旧由被保险人自行承担，保险'}, {'content': '．被保险人身份证明； 4．释义医院出具的医疗证明和医疗费用原始凭证； 5．由承运人或交通安全部门提供的意外事故证明； 6．保险金申请人所能提供的与确认保险事故的性质、原因、损失程度等有关的其他证 明和资料； 若保险金申请人委托他人申请的，还应提供授权委托书原件、委托人和受托人的身份证 明等相关证明文件。被保险人经基本医疗保险或公费医疗报销后又通过其它途径获得了部分 医疗费用的补偿并无法提供医疗费用原始凭证时，需提供住院医疗费用凭证复印件等相关证 明并注明已给付的比例和金额，加盖支付费用单位的印章后保险人按本保险合同约定承担剩 余合理医疗费用的保险责任。 争议处理和法律适用 第二十三条 因履行本保险合同发生的争议，由当事人协商解决。协商不成的，提交保 险单载明的仲裁机构仲裁；保险单未载明仲裁机构且争议发生后未达成仲裁协议的，依法向 中华人民共和国境内（不包括港澳台地区）人民法院起诉。 第二十'}, {'content': '外伤害医疗保险责任 保险期间内，被保险人因遭受意外伤害事故，并因此在符合本保险合同释义的医院（以 下简称“释义医院”）进行治疗，保险人就其自事故发生之日起一百八十日内实际支出的按 照当地社会医疗保险主管部门规定可报销的、必要、合理的医疗费用扣除保险单载明的免 赔额按赔付比例给付意外伤害医疗保险金。 被保险人不论一次或多次发生本项保险事故，保险人均按上述规定分别给付意外伤害医 疗保险金，但累计给付金额以保险单载明的意外伤害医疗保险金额为限，累计给付金额达 到意外伤害医疗保险金额时，对被保险人的该项保险责任终止。 若被保险人已从其他途径（包括公费医疗、社会基本医疗保险、其他费用补偿型医疗 保险以及依法承担侵权损害赔偿责任的第三人等）获得医疗费用补偿，则保险人仅对被保 险人实际发生的医疗费用扣除其所获医疗费用补偿后的剩余部分按本保险合同约定负责赔 偿。社会基本医疗保险个人帐户部分支出视为个人支付'}, {'content': '车期间 遭受意外伤害事故，并因此在符合本保险合同释义约定的医院（以下简称“释义医院”）进行 治疗，就其事故发生之日起一百八十日内实际支出的按照当地社会医疗保险主管部门规定 可报销的、必要的、合理的医疗费用，保险人对于未从其他途径获得补偿且超过人民币 100 元部分，按 80%的比例给付意外伤害医疗保险金。如投保人与保险人对免赔额和赔付比例 另有约定，可在保险单中进行载明。 被保险人不论一次或多次以乘客身份乘坐民航客机或商业营运的火车、轮船、汽车遭受 意外伤害保险事故，保险人均按上述规定分别给付医疗保险金，但累计给付金额以本保险合 同约定的“意外伤害医疗保险金额”为限，累计给付金额达到“意外伤害医疗保险金额”时， 对被保险人的该项保险责任终止。 若被保险人已从其他途径（包括基本医疗保险、公费医疗、工作单位、保险人在内的 任何商业保险机构，以及依法承担侵权损害赔偿责任的第三人等）获得医疗费用补'}, {'content': '承担给付保险金责任的最高限额。 本保险合同的保险金额分为意外伤害保险金额，意外伤害医疗保险金额，意外伤害住院 津贴保险金，住院护理津贴保险金额，交通意外伤害身故特别保险金额，交通意外伤害伤残 特别保险金额，意外伤害骨折、关节脱位保险金额，轻度骨折保险金额，每次轻度骨折津贴， 骨密度检测保险金额，每次骨密度检测津贴，由投保人、保险人双方约定，并在保险单中载 明。 本保险合同中的免赔额是指被保险人在保险期间内发生的、虽然属于本保险合同保险 责任范围内的医疗费用，但依照本保险合同约定仍旧由被保险人自行承担，保险人不予赔 付的金额。被保险人从其他途径已获得的医疗费用补偿可用于抵扣免赔额，但通过基本医 疗保险、政府主办补充医疗、公费医疗获得的补偿，不可用于抵扣免赔额。 免赔额、免赔天数、赔付比例由投保人、保险人在投保时协商确定，并在保险合同中 载明。 第十二条 本保险合同保险期间由保险人和投保人协商'}, {'content': '国家标准化委员会备 案的中华人民共和国金融行业标准。 【乘坐民航客机或商业营运的火车、轮船、汽车期间】指自被保险人进入客运民航班机 的舱门、商业营运的火车车厢、轮船甲板或汽车车厢时起，至抵达目的地走出舱门、车厢或 甲板时止的期间。 【火车】包括铁路列车、地铁、轻轨。 【商业营运】指经相关政府部门登记许可的以客运为目的的运输经营活动。 【不可抗力】指不能预见、不能避免并不能克服的客观情况。 【保险金申请人】指受益人或被保险人的继承人或依法享有保险金请求权的其他自然 人。 【医院】指保险人与投保人约定的定点医院，未约定定点医院的，则指经中华人民共和 国卫生部门评审确定的二级或二级以上的公立医院，但不包括主要作为诊所、康复、护理、 休养、静养、戒酒、戒毒等或类似的医疗机构。该医院必须具有符合国家有关医院管理规 则设置标准的医疗设备，且全天二十四小时有合格医师及护士驻院提供医疗及护理服务。 【毒品'}, {'content': '无对应取值。'}, {'content': '80%'}]","9, 20, 40, 41, 49, 52, 61, 64"
平安守护尊享成人意外险,产品：平安守护尊享成人意外险	问题：投保后可以变更受益人吗？,"根据平安守护尊享成人意外险相关条款规定：

**可以变更受益人**。具体规定如下：

1. **变更权限**：被保险人或投保人均可变更身故保险金受益人

2. **变更条件**：
   - 需采用**书面形式**通知保险人
   - 由保险人在保险合同上**批注**
   - 投保人变更受益人时，**必须经被保险人书面同意**

3. **注意事项**：
   - 因受益人变更产生的法律纠纷，保险公司不承担责任
   - 对于伤残保险金和医疗保险金，除另有约定外，受益人默认为被保险人本人

**建议**：如需变更受益人，请通过平安保险官方渠道办理书面变更手续，并确保符合上述规定要求。","[{'content': '中国平安财产保险股份有限公司 平安产险意外伤害保险（互联网版）条款 注册号：C00001732312021120910153 总则 第一条 本保险合同由保险条款、投保单、保险单、保险凭证以及批单等组成。凡涉及 本保险合同的约定，均应采用书面形式。 第二条 本保险合同的被保险人应为身体健康，能正常工作或生活的，首次投保年龄 不超过七十五周岁（含）、续保不超过八十周岁（含）的自然人。 第三条 本保险合同的投保人应为具有完全民事行为能力的被保险人本人、对被保险人 有保险利益的其他人。 第四条 本保险合同的受益人包括： （一）身故保险金受益人 订立本保险合同时，被保险人或投保人可指定一人或数人为身故保险金受益人。身故保 险金受益人为数人时，应确定其受益顺序和受益份额；未确定受益份额的，各身故保险金 受益人按照相等份额享有受益权。投保人指定受益人时须经被保险人同意。 被保险人死亡后，有下列情形之一的'}, {'content': '中国平安财产保险股份有限公司 平安产险交通工具意外伤害保险（互联网版）条款 注册号：C00001732312021120910133 总则 第一条 本保险合同由保险条款、投保单、保险单、保险凭证以及批单等组成。凡涉及 本保险合同的约定，均应采用书面形式。 第二条 本保险合同的被保险人应为身体健康、能正常工作或正常生活的自然人。 第三条 本保险合同的投保人应为具有完全民事行为能力的被保险人本人、对被保险人 有保险利益的其他人。 第四条 本保险合同的受益人包括： （一）身故保险金受益人 订立本保险合同时，被保险人或投保人可指定一人或数人为身故保险金受益人。身故保 险金受益人为数人时，应确定其受益顺序和受益份额；未确定受益份额的，各身故保险金 受益人按照相等份额享有受益权。投保人指定受益人时须经被保险人同意。 被保险人死亡后，有下列情形之一的，保险金作为被保险人的遗产，由保险人依照有关 法律法规'}, {'content': '序和受益份额；未确定受益份额的，各身故保险金 受益人按照相等份额享有受益权。投保人指定受益人时须经被保险人同意。 被保险人死亡后，有下列情形之一的，保险金作为被保险人的遗产，由保险人依照有关 法律法规履行给付保险金的义务： 1．没有指定受益人，或者受益人指定不明无法确定的； 2．受益人先于被保险人死亡，没有其他受益人的； 3．受益人依法丧失受益权或者放弃受益权，没有其他受益人的。 受益人与被保险人在同一事件中死亡，且不能确定死亡先后顺序的，推定受益人死亡在 先。 被保险人或投保人可以变更身故保险金受益人，但需书面通知保险人，由保险人在本保 险合同上批注。对因身故保险金受益人变更发生的法律纠纷，保险人不承担任何责任。 投保人指定或变更身故保险金受益人的，应经被保险人书面同意。被保险人为无民事行 为能力人或限制民事行为能力人的，应由其监护人指定或变更身故保险金受益人。 （二）伤残或医疗保险金受'}, {'content': '险金受益人。身故保 险金受益人为数人时，应确定其受益顺序和受益份额；未确定受益份额的，各身故保险金 受益人按照相等份额享有受益权。投保人指定受益人时须经被保险人同意。 被保险人死亡后，有下列情形之一的，保险金作为被保险人的遗产，由保险人依照有关 法律法规履行给付保险金的义务： 1．没有指定受益人，或者受益人指定不明无法确定的； 2．受益人先于被保险人死亡，没有其他受益人的； 3．受益人依法丧失受益权或者放弃受益权，没有其他受益人的。 受益人与被保险人在同一事件中死亡，且不能确定死亡先后顺序的，推定受益人死亡在 先。 被保险人或投保人可以变更身故保险金受益人，但需书面通知保险人，由保险人在本保 险合同上批注。对因身故保险金受益人变更发生的法律纠纷，保险人不承担任何责任。 投保人指定或变更身故保险金受益人的，应经被保险人书面同意。被保险人为无民事行 为能力人或限制民事行为能力人的，应由其监护人'}, {'content': '险合同上批注。对因身故保险金受益人变更发生的法律纠纷，保险人不承担任何责任。 投保人指定或变更身故保险金受益人的，应经被保险人书面同意。被保险人为无民事行 为能力人或限制民事行为能力人的，应由其监护人指定或变更身故保险金受益人。 （二）其他保险责任的保险金受益人 除另有约定外，本保险合同除身故保险金以外的其他保险责任的保险金受益人为被保险 人本人。 第五条 本保险合同仅限于互联网渠道销售。 第六条 本保险合同的保险责任分为“必选责任”及“可选责任”。投保人在已投保“必 选责任”的前提下，可以同时投保“可选责任”；若投保人未投保“必选责任”，不得单独 保险责任 投保“可选责任”。保险责任由投保人在投保时与保险人协商确定，并在保险合同中载明。 第七条 保险期间内，被保险人因遭受意外伤害事故导致身故、伤残或医疗费用支出的， 保险人依照下列约定给付保险金，具体承担的责任和对应的保险金以保险单载明的'}, {'content': '的差额。 第十八条 投保人符合保险法规定的退还保险费相关要求的，保险人应当按照保险法相 关规定退还保险单的现金价值。 投保人、被保险人义务 第十九条 除另有约定外，投保人应当在保险合同成立时交清保险费。 第二十条 订立保险合同，保险人就被保险人的有关情况提出询问的，投保人应当如实 告知。 投保人故意或者因重大过失未履行前款规定的义务，足以影响保险人决定是否同意承 保或者提高保险费率的，保险人有权解除本保险合同。 前款规定的合同解除权，自保险人知道有解除事由之日起，超过三十日不行使而消灭。 自合同成立之日起超过二年的，保险人不得解除合同；发生保险事故的，保险人应当承担给 付保险金责任。 投保人故意不履行如实告知义务的，保险人对于合同解除前发生的保险事故，不承担 给付保险金责任，并不退还保险费。 投保人因重大过失未履行如实告知义务，对保险事故的发生有严重影响的，保险人对 于合同解除前发生的保险'}]","3, 4, 5, 42, 43, 56"
平安守护尊享成人意外险,产品：平安守护尊享成人意外险	问题：如果受益人和被保险人同时死亡，保险金归谁？,"根据平安守护尊享成人意外险相关条款规定，当受益人与被保险人在同一事件中死亡，且不能确定死亡先后顺序时，推定受益人死亡在先。

在这种情况下，保险金将作为被保险人的遗产，由保险人依照有关法律法规履行给付保险金的义务，由被保险人的法定继承人继承。

具体依据条款内容：
""受益人与被保险人在同一事件中死亡，且不能确定死亡先后顺序的，推定受益人死亡在先。""

同时条款还规定，当""受益人先于被保险人死亡，没有其他受益人的""时，保险金作为被保险人的遗产处理。","[{'content': '中国平安财产保险股份有限公司 平安产险交通工具意外伤害保险（互联网版）条款 注册号：C00001732312021120910133 总则 第一条 本保险合同由保险条款、投保单、保险单、保险凭证以及批单等组成。凡涉及 本保险合同的约定，均应采用书面形式。 第二条 本保险合同的被保险人应为身体健康、能正常工作或正常生活的自然人。 第三条 本保险合同的投保人应为具有完全民事行为能力的被保险人本人、对被保险人 有保险利益的其他人。 第四条 本保险合同的受益人包括： （一）身故保险金受益人 订立本保险合同时，被保险人或投保人可指定一人或数人为身故保险金受益人。身故保 险金受益人为数人时，应确定其受益顺序和受益份额；未确定受益份额的，各身故保险金 受益人按照相等份额享有受益权。投保人指定受益人时须经被保险人同意。 被保险人死亡后，有下列情形之一的，保险金作为被保险人的遗产，由保险人依照有关 法律法规'}, {'content': '费相关要求的，保险人应当按照保险法相 关规定退还保险单的现金价值。 投保人、被保险人义务 第十八条 除另有约定外，投保人应当在保险合同成立时交清保险费。 第十九条 订立保险合同，保险人就被保险人的有关情况提出询问的，投保人应当如实 告知。 投保人故意或者因重大过失未履行前款规定的义务，足以影响保险人决定是否同意承 保或者提高保险费率的，保险人有权解除本保险合同。 前款规定的合同解除权，自保险人知道有解除事由之日起，超过三十日不行使而消灭。 自合同成立之日起超过二年的，保险人不得解除合同；发生保险事故的，保险人应当承担给 付保险金责任。 投保人故意不履行如实告知义务的，保险人对于合同解除前发生的保险事故，不承担 给付保险金责任，并不退还保险费。 投保人因重大过失未履行如实告知义务，对保险事故的发生有严重影响的，保险人对 于合同解除前发生的保险事故，不承担给付保险金责任，但应当退还保险费。 保'}, {'content': '中国平安财产保险股份有限公司 平安产险意外伤害保险（互联网版）条款 注册号：C00001732312021120910153 总则 第一条 本保险合同由保险条款、投保单、保险单、保险凭证以及批单等组成。凡涉及 本保险合同的约定，均应采用书面形式。 第二条 本保险合同的被保险人应为身体健康，能正常工作或生活的，首次投保年龄 不超过七十五周岁（含）、续保不超过八十周岁（含）的自然人。 第三条 本保险合同的投保人应为具有完全民事行为能力的被保险人本人、对被保险人 有保险利益的其他人。 第四条 本保险合同的受益人包括： （一）身故保险金受益人 订立本保险合同时，被保险人或投保人可指定一人或数人为身故保险金受益人。身故保 险金受益人为数人时，应确定其受益顺序和受益份额；未确定受益份额的，各身故保险金 受益人按照相等份额享有受益权。投保人指定受益人时须经被保险人同意。 被保险人死亡后，有下列情形之一的'}, {'content': '人向投保人提 供的投保单应当附格式条款，保险人应当向投保人说明本附加保险合同的内容。对保险合同 中免除保险人责任的条款，保险人在订立合同时应当在投保单、保险单或者其他保险凭证上 做出足以引起投保人注意的提示，并对该条款的内容以书面或者口头形式向投保人做出明确 说明。未作提示或者明确说明的，该条款不产生效力。 第十四条 本保险合同成立后，保险人应当及时向投保人签发保险单或其他保险凭证。 第十五条 保险人按照本保险合同的约定，认为被保险人提供的有关索赔的证明和资料 不完整的，应当及时一次性通知投保人、被保险人补充提供。 第十六条 保险人收到被保险人的给付保险金的请求后，应当及时作出是否属于保险责 任的核定；情形复杂的，保险人将在确定是否属于保险责任的基本材料收集齐全后，尽快做 出核定。 保险人应当将核定结果通知被保险人；对属于保险责任的，在与被保险人达成给付保险 金的协议后十日内，履行给付保险'}, {'content': '险金受益人。身故保 险金受益人为数人时，应确定其受益顺序和受益份额；未确定受益份额的，各身故保险金 受益人按照相等份额享有受益权。投保人指定受益人时须经被保险人同意。 被保险人死亡后，有下列情形之一的，保险金作为被保险人的遗产，由保险人依照有关 法律法规履行给付保险金的义务： 1．没有指定受益人，或者受益人指定不明无法确定的； 2．受益人先于被保险人死亡，没有其他受益人的； 3．受益人依法丧失受益权或者放弃受益权，没有其他受益人的。 受益人与被保险人在同一事件中死亡，且不能确定死亡先后顺序的，推定受益人死亡在 先。 被保险人或投保人可以变更身故保险金受益人，但需书面通知保险人，由保险人在本保 险合同上批注。对因身故保险金受益人变更发生的法律纠纷，保险人不承担任何责任。 投保人指定或变更身故保险金受益人的，应经被保险人书面同意。被保险人为无民事行 为能力人或限制民事行为能力人的，应由其监护人'}, {'content': '序和受益份额；未确定受益份额的，各身故保险金 受益人按照相等份额享有受益权。投保人指定受益人时须经被保险人同意。 被保险人死亡后，有下列情形之一的，保险金作为被保险人的遗产，由保险人依照有关 法律法规履行给付保险金的义务： 1．没有指定受益人，或者受益人指定不明无法确定的； 2．受益人先于被保险人死亡，没有其他受益人的； 3．受益人依法丧失受益权或者放弃受益权，没有其他受益人的。 受益人与被保险人在同一事件中死亡，且不能确定死亡先后顺序的，推定受益人死亡在 先。 被保险人或投保人可以变更身故保险金受益人，但需书面通知保险人，由保险人在本保 险合同上批注。对因身故保险金受益人变更发生的法律纠纷，保险人不承担任何责任。 投保人指定或变更身故保险金受益人的，应经被保险人书面同意。被保险人为无民事行 为能力人或限制民事行为能力人的，应由其监护人指定或变更身故保险金受益人。 （二）伤残或医疗保险金受'}, {'content': '无对应取值。'}, {'content': '因下列原因或期间造成被保险人身故、伤残或医疗费用支出的，保险人不承担给付保险金责任：（1）投保人、被保险人的故意行为；（2）被保险人自致伤害或自杀（无民事行为能力人除外）；（3）因被保险人挑衅或故意行为导致的打斗、被袭击或被谋杀；（4）被保险人妊娠、流产、分娩、疾病、药物过敏、中暑、猝死；（5）被保险人未遵医嘱，私自服用、涂用、注射药物；（6）核爆炸、核辐射或核污染；（7）被保险人犯罪或拒捕；（8）被保险人从事高风险运动或参加职业或半职业体育运动；（9）被保险人违反承运人或交通安全部门关于安全乘坐的规定；（10）战争、军事行动、暴动或武装叛乱期间；（11）被保险人主动吸食或注射毒品期间；（12）被保险人非以乘客身份置身于任何交通工具期间；（13）被保险人乘坐非商业营运的火车、轮船或汽车期间。下列费用，保险人不承担给付保险金责任：（1）保险单签发地社会医疗保险或其他公费医疗管理部门规定的自费项目，如自费药品费用等；（2）因椎间盘膨出和突出造成的医疗费用；（3）营养费、康复费、辅助器具费、整容费、美容费、修复手术费、牙齿整形费、牙齿修复费、镶牙费、护理费、交通费、伙食费、误工费、丧葬费。'}]","3, 4, 23, 42, 43, 54"
平安守护尊享成人意外险,产品：平安守护尊享成人意外险	问题：这个产品可以在线下购买吗？,"根据提供的条款内容，平安守护尊享成人意外险是一款互联网专属产品。在《平安产险附加分期支付保费保险（互联网版）条款》第二条中明确写明：""本附加保险合同仅限于互联网渠道销售""。

因此，该产品不支持线下购买，只能通过互联网渠道进行投保。","[{'content': '国家标准化委员会备 案的中华人民共和国金融行业标准。 【乘坐民航客机或商业营运的火车、轮船、汽车期间】指自被保险人进入客运民航班机 的舱门、商业营运的火车车厢、轮船甲板或汽车车厢时起，至抵达目的地走出舱门、车厢或 甲板时止的期间。 【火车】包括铁路列车、地铁、轻轨。 【商业营运】指经相关政府部门登记许可的以客运为目的的运输经营活动。 【不可抗力】指不能预见、不能避免并不能克服的客观情况。 【保险金申请人】指受益人或被保险人的继承人或依法享有保险金请求权的其他自然 人。 【医院】指保险人与投保人约定的定点医院，未约定定点医院的，则指经中华人民共和 国卫生部门评审确定的二级或二级以上的公立医院，但不包括主要作为诊所、康复、护理、 休养、静养、戒酒、戒毒等或类似的医疗机构。该医院必须具有符合国家有关医院管理规 则设置标准的医疗设备，且全天二十四小时有合格医师及护士驻院提供医疗及护理服务。 【毒品'}, {'content': '中国平安财产保险股份有限公司 平安产险交通工具意外伤害保险（互联网版）条款 注册号：C00001732312021120910133 总则 第一条 本保险合同由保险条款、投保单、保险单、保险凭证以及批单等组成。凡涉及 本保险合同的约定，均应采用书面形式。 第二条 本保险合同的被保险人应为身体健康、能正常工作或正常生活的自然人。 第三条 本保险合同的投保人应为具有完全民事行为能力的被保险人本人、对被保险人 有保险利益的其他人。 第四条 本保险合同的受益人包括： （一）身故保险金受益人 订立本保险合同时，被保险人或投保人可指定一人或数人为身故保险金受益人。身故保 险金受益人为数人时，应确定其受益顺序和受益份额；未确定受益份额的，各身故保险金 受益人按照相等份额享有受益权。投保人指定受益人时须经被保险人同意。 被保险人死亡后，有下列情形之一的，保险金作为被保险人的遗产，由保险人依照有关 法律法规'}, {'content': '中国平安财产保险股份有限公司 平安产险意外伤害保险（互联网版）条款 注册号：C00001732312021120910153 总则 第一条 本保险合同由保险条款、投保单、保险单、保险凭证以及批单等组成。凡涉及 本保险合同的约定，均应采用书面形式。 第二条 本保险合同的被保险人应为身体健康，能正常工作或生活的，首次投保年龄 不超过七十五周岁（含）、续保不超过八十周岁（含）的自然人。 第三条 本保险合同的投保人应为具有完全民事行为能力的被保险人本人、对被保险人 有保险利益的其他人。 第四条 本保险合同的受益人包括： （一）身故保险金受益人 订立本保险合同时，被保险人或投保人可指定一人或数人为身故保险金受益人。身故保 险金受益人为数人时，应确定其受益顺序和受益份额；未确定受益份额的，各身故保险金 受益人按照相等份额享有受益权。投保人指定受益人时须经被保险人同意。 被保险人死亡后，有下列情形之一的'}, {'content': '中国平安财产保险股份有限公司 平安产险附加分期支付保费保险（互联网版）条款 注册号：C00001731922022091538001 总则 第一条 本附加保险合同须附加于各种意外伤害保险、健康保险、家庭财产保险、责任 保险、其他保险合同（以下简称“主保险合同”）。主保险合同所附条款、投保单、保险单、 保险凭证以及批单等，凡与本附加保险合同相关者，均为本附加保险合同的构成部分。凡涉 及本附加保险合同的约定，均应采用书面形式。 若主保险合同与本附加保险合同的条款互有冲突，则以本附加保险合同的条款为准。 本附加保险合同未尽事宜，以主保险合同的条款规定为准。 第二条 本保附加险合同仅限于互联网渠道销售。 保险责任 第三条 兹经投保人和保险人双方同意，本保险合同项下保险费可以按照约定的分期支 付日期和金额支付，具体以保险单载明为准。 在交纳首月保险费后，投保人应当在每月保险费约定支付日交纳对应月份的'}, {'content': '中国平安财产保险股份有限公司 平安附加猝死保障保险条款 注册号:C00001731922019122701412 本附加保险合同须附加于各种意外伤害保险或健康保险合同（以下简称“主保险合 同”）。主保险合同所附条款、投保单、保险单、保险凭证以及批单等，凡与本附加保险 合同相关者，均为本附加保险合同的构成部分。凡涉及本附加保险合同的约定，均应采用 书面形式。 经投保人申请并经保险人同意，被保险人在保险期间内猝死的，按保险单载明的“猝 死保险金额”给付猝死保险金。 若 主 保险 合 同 与本 附 加 保险 合 同 的条 款 互 有冲 突 ， 则以 本 附 加保 险 合 同的 条 款 为准。本附加保险合同未尽事宜，以主保险合同的条款规定为准。 【猝死】指身体急性症状发生后即刻或二十四小时内发生的死亡。'}, {'content': '径已经 及时知道或者应当及时知道保险事故发生的除外。 保险事故发生后，被保险人需要治疗的，应在释义医院就诊，若因急诊未在释义医院 就诊的，应在三日内通知保险人，并根据病情及时转入释义医院。若确需转入非释义医院 就诊的，应向保险人提出书面申请，保险人在接到申请后三日内给予答复，对于保险人同意 在非释义医院就诊的，对这期间发生的医疗费用按本保险合同约定给付保险金。上述约定， 不包括因不可抗力而导致的迟延。 保险金申请与给付 第二十二条 保险金申请人向保险人申请给付保险金时，应提交以下材料。保险金申请 人因特殊原因不能提供以下材料的，应提供其他合法有效的材料。保险金申请人未能提供有 关材料，导致保险人无法核实该申请的真实性的，保险人对无法核实部分不承担给付保险 金的责任。 （一）身故保险金申请 1．保险金给付申请书； 2．保单号或其他有效保险凭证； 3．保险金申请人的身份证明； 4．公安部门或医'}]","1, 3, 42, 58, 64, 68"
平安守护尊享成人意外险,产品：平安守护尊享成人意外险	问题：保险事故发生后需要在多长时间内报案？,"根据提供的保险条款内容，保险事故发生后应在**10日内**通知保险人。

具体依据来自条款中明确规定的：""保险事故发生后，投保人、被保险人或受益人应在知道保险事故发生后十日内通知保险人。""

需要特别注意的是：
1. 若因急诊未在约定医院就诊，应在**三日内**通知保险人
2. 如需转入非约定医院就诊，需向保险人提出书面申请，保险人在接到申请后**三日内**给予答复

建议发生保险事故后尽快报案，以确保理赔流程顺利进行。","[{'content': '中国平安财产保险股份有限公司 平安产险交通工具意外伤害保险（互联网版）条款 注册号：C00001732312021120910133 总则 第一条 本保险合同由保险条款、投保单、保险单、保险凭证以及批单等组成。凡涉及 本保险合同的约定，均应采用书面形式。 第二条 本保险合同的被保险人应为身体健康、能正常工作或正常生活的自然人。 第三条 本保险合同的投保人应为具有完全民事行为能力的被保险人本人、对被保险人 有保险利益的其他人。 第四条 本保险合同的受益人包括： （一）身故保险金受益人 订立本保险合同时，被保险人或投保人可指定一人或数人为身故保险金受益人。身故保 险金受益人为数人时，应确定其受益顺序和受益份额；未确定受益份额的，各身故保险金 受益人按照相等份额享有受益权。投保人指定受益人时须经被保险人同意。 被保险人死亡后，有下列情形之一的，保险金作为被保险人的遗产，由保险人依照有关 法律法规'}, {'content': '中国平安财产保险股份有限公司 平安产险意外伤害保险（互联网版）条款 注册号：C00001732312021120910153 总则 第一条 本保险合同由保险条款、投保单、保险单、保险凭证以及批单等组成。凡涉及 本保险合同的约定，均应采用书面形式。 第二条 本保险合同的被保险人应为身体健康，能正常工作或生活的，首次投保年龄 不超过七十五周岁（含）、续保不超过八十周岁（含）的自然人。 第三条 本保险合同的投保人应为具有完全民事行为能力的被保险人本人、对被保险人 有保险利益的其他人。 第四条 本保险合同的受益人包括： （一）身故保险金受益人 订立本保险合同时，被保险人或投保人可指定一人或数人为身故保险金受益人。身故保 险金受益人为数人时，应确定其受益顺序和受益份额；未确定受益份额的，各身故保险金 受益人按照相等份额享有受益权。投保人指定受益人时须经被保险人同意。 被保险人死亡后，有下列情形之一的'}, {'content': '中国平安财产保险股份有限公司 平安附加猝死保障保险条款 注册号:C00001731922019122701412 本附加保险合同须附加于各种意外伤害保险或健康保险合同（以下简称“主保险合 同”）。主保险合同所附条款、投保单、保险单、保险凭证以及批单等，凡与本附加保险 合同相关者，均为本附加保险合同的构成部分。凡涉及本附加保险合同的约定，均应采用 书面形式。 经投保人申请并经保险人同意，被保险人在保险期间内猝死的，按保险单载明的“猝 死保险金额”给付猝死保险金。 若 主 保险 合 同 与本 附 加 保险 合 同 的条 款 互 有冲 突 ， 则以 本 附 加保 险 合 同的 条 款 为准。本附加保险合同未尽事宜，以主保险合同的条款规定为准。 【猝死】指身体急性症状发生后即刻或二十四小时内发生的死亡。'}, {'content': '车期间 遭受意外伤害事故，并因此在符合本保险合同释义约定的医院（以下简称“释义医院”）进行 治疗，就其事故发生之日起一百八十日内实际支出的按照当地社会医疗保险主管部门规定 可报销的、必要的、合理的医疗费用，保险人对于未从其他途径获得补偿且超过人民币 100 元部分，按 80%的比例给付意外伤害医疗保险金。如投保人与保险人对免赔额和赔付比例 另有约定，可在保险单中进行载明。 被保险人不论一次或多次以乘客身份乘坐民航客机或商业营运的火车、轮船、汽车遭受 意外伤害保险事故，保险人均按上述规定分别给付医疗保险金，但累计给付金额以本保险合 同约定的“意外伤害医疗保险金额”为限，累计给付金额达到“意外伤害医疗保险金额”时， 对被保险人的该项保险责任终止。 若被保险人已从其他途径（包括基本医疗保险、公费医疗、工作单位、保险人在内的 任何商业保险机构，以及依法承担侵权损害赔偿责任的第三人等）获得医疗费用补'}, {'content': '力终止。保险人收到上述证明文件和资料之日起三十日内退还保险单的现金价值。 第二十八条 释义 【周岁】指以法定身份证明文件中记载的出生日期为基础计算的实足年龄。 【意外伤害】指以外来的、突发的、非本意的和非疾病的客观事件为直接且单独的原因 致使身体受到的伤害。 【医院】指保险人与投保人约定的定点医院，未约定定点医院的，则指经中华人民共和 国卫生部门评审确定的二级或二级以上的公立医院，但不包括主要作为诊所、康复、护理、 休养、静养、戒酒、戒毒等或类似的医疗机构。该医院必须具有符合国家有关医院管理规 则设置标准的医疗设备，且全天二十四小时有合格医师及护士驻院提供医疗及护理服务。 【人身保险伤残评定标准及代码】 《人身保险伤残评定标准及代码》（JR/T 0083—2013） 是由中国保险监督管理委员会发布（原保监会保监发[2014]6 号）并经国家标准化委员会备 案的中华人民共和国金融行业标准。 '}, {'content': '径已经 及时知道或者应当及时知道保险事故发生的除外。 保险事故发生后，被保险人需要治疗的，应在释义医院就诊，若因急诊未在释义医院 就诊的，应在三日内通知保险人，并根据病情及时转入释义医院。若确需转入非释义医院 就诊的，应向保险人提出书面申请，保险人在接到申请后三日内给予答复，对于保险人同意 在非释义医院就诊的，对这期间发生的医疗费用按本保险合同约定给付保险金。上述约定， 不包括因不可抗力而导致的迟延。 保险金申请与给付 第二十二条 保险金申请人向保险人申请给付保险金时，应提交以下材料。保险金申请 人因特殊原因不能提供以下材料的，应提供其他合法有效的材料。保险金申请人未能提供有 关材料，导致保险人无法核实该申请的真实性的，保险人对无法核实部分不承担给付保险 金的责任。 （一）身故保险金申请 1．保险金给付申请书； 2．保单号或其他有效保险凭证； 3．保险金申请人的身份证明； 4．公安部门或医'}, {'content': '被保险人在保险期间内猝死的，按保险单载明的“猝死保险金额”给付猝死保险金。'}, {'content': '被保险人以乘客身份乘坐民航客机或商业营运的火车、轮船、汽车期间因遭受意外伤害事故导致身故、伤残或医疗费用支出。'}]","3, 32, 42, 49, 58, 68"
平安守护尊享成人意外险,产品：平安守护尊享成人意外险	问题：投保时需要提供哪些健康证明？,"根据平安守护尊享成人意外险的相关条款，投保时无需提供额外的健康证明。该产品作为意外险，主要保障意外伤害风险，而非健康疾病风险，因此投保时不需要提供健康体检报告或健康证明文件。

投保时主要需要提供的是被保险人的身份证明等基本信息。","[{'content': '不包括主要作为诊所、康复、护理、 休养、静养、戒酒、戒毒等或类似的医疗机构。该医院必须具有符合国家有关医院管理规 则设置标准的医疗设备，且全天二十四小时有合格医师及护士驻院提供医疗及护理服务。 【毒品】指《中华人民共和国刑法》规定的鸦片、海洛因、甲基苯丙胺（冰毒）、吗啡、 大麻、可卡因以及国家规定管制的其他能够使人形成瘾癖的麻醉药品和精神药品，但不包括 由医生开具并遵医嘱使用的用于治疗疾病但含有毒品成分的处方药品。 【高风险运动】指比一般常规性的运动风险等级更高、更容易发生人身伤害的运动，在 进行此类运动前需有充分的心理准备和行动上的准备，必须具备一般人不具备的相关知识和 技能或者必须在接受专业人士提供的培训或训练之后方能掌握。被保险人进行此类运动时须 具备相关防护措施或设施，以避免发生损失或减轻损失，包括但不限于潜水、滑水、滑雪、 滑冰、驾驶或乘坐滑翔翼、滑翔伞、跳伞、攀岩运动、探险活动'}, {'content': '国家标准化委员会备 案的中华人民共和国金融行业标准。 【乘坐民航客机或商业营运的火车、轮船、汽车期间】指自被保险人进入客运民航班机 的舱门、商业营运的火车车厢、轮船甲板或汽车车厢时起，至抵达目的地走出舱门、车厢或 甲板时止的期间。 【火车】包括铁路列车、地铁、轻轨。 【商业营运】指经相关政府部门登记许可的以客运为目的的运输经营活动。 【不可抗力】指不能预见、不能避免并不能克服的客观情况。 【保险金申请人】指受益人或被保险人的继承人或依法享有保险金请求权的其他自然 人。 【医院】指保险人与投保人约定的定点医院，未约定定点医院的，则指经中华人民共和 国卫生部门评审确定的二级或二级以上的公立医院，但不包括主要作为诊所、康复、护理、 休养、静养、戒酒、戒毒等或类似的医疗机构。该医院必须具有符合国家有关医院管理规 则设置标准的医疗设备，且全天二十四小时有合格医师及护士驻院提供医疗及护理服务。 【毒品'}, {'content': '．被保险人身份证明； 4．释义医院出具的医疗证明和医疗费用原始凭证； 5．由承运人或交通安全部门提供的意外事故证明； 6．保险金申请人所能提供的与确认保险事故的性质、原因、损失程度等有关的其他证 明和资料； 若保险金申请人委托他人申请的，还应提供授权委托书原件、委托人和受托人的身份证 明等相关证明文件。被保险人经基本医疗保险或公费医疗报销后又通过其它途径获得了部分 医疗费用的补偿并无法提供医疗费用原始凭证时，需提供住院医疗费用凭证复印件等相关证 明并注明已给付的比例和金额，加盖支付费用单位的印章后保险人按本保险合同约定承担剩 余合理医疗费用的保险责任。 争议处理和法律适用 第二十三条 因履行本保险合同发生的争议，由当事人协商解决。协商不成的，提交保 险单载明的仲裁机构仲裁；保险单未载明仲裁机构且争议发生后未达成仲裁协议的，依法向 中华人民共和国境内（不包括港澳台地区）人民法院起诉。 第二十'}, {'content': '力终止。保险人收到上述证明文件和资料之日起三十日内退还保险单的现金价值。 第二十八条 释义 【周岁】指以法定身份证明文件中记载的出生日期为基础计算的实足年龄。 【意外伤害】指以外来的、突发的、非本意的和非疾病的客观事件为直接且单独的原因 致使身体受到的伤害。 【医院】指保险人与投保人约定的定点医院，未约定定点医院的，则指经中华人民共和 国卫生部门评审确定的二级或二级以上的公立医院，但不包括主要作为诊所、康复、护理、 休养、静养、戒酒、戒毒等或类似的医疗机构。该医院必须具有符合国家有关医院管理规 则设置标准的医疗设备，且全天二十四小时有合格医师及护士驻院提供医疗及护理服务。 【人身保险伤残评定标准及代码】 《人身保险伤残评定标准及代码》（JR/T 0083—2013） 是由中国保险监督管理委员会发布（原保监会保监发[2014]6 号）并经国家标准化委员会备 案的中华人民共和国金融行业标准。 '}, {'content': '径已经 及时知道或者应当及时知道保险事故发生的除外。 保险事故发生后，被保险人需要治疗的，应在释义医院就诊，若因急诊未在释义医院 就诊的，应在三日内通知保险人，并根据病情及时转入释义医院。若确需转入非释义医院 就诊的，应向保险人提出书面申请，保险人在接到申请后三日内给予答复，对于保险人同意 在非释义医院就诊的，对这期间发生的医疗费用按本保险合同约定给付保险金。上述约定， 不包括因不可抗力而导致的迟延。 保险金申请与给付 第二十二条 保险金申请人向保险人申请给付保险金时，应提交以下材料。保险金申请 人因特殊原因不能提供以下材料的，应提供其他合法有效的材料。保险金申请人未能提供有 关材料，导致保险人无法核实该申请的真实性的，保险人对无法核实部分不承担给付保险 金的责任。 （一）身故保险金申请 1．保险金给付申请书； 2．保单号或其他有效保险凭证； 3．保险金申请人的身份证明； 4．公安部门或医'}, {'content': '出具的病历和住院证明； 5. 保险金申请人所能提供的与确认保险事故的性质、原因、伤害程度等有关的其他证 明和资料； 6. 若保险金申请人委托他人申请的，还应提供授权委托书原件、委托人和受托人的身 份证明等相关证明文件。 争议处理和法律适用 第二十三条 因履行本保险合同发生的争议，由当事人协商解决。协商不成的，提交保 险单载明的仲裁机构仲裁；保险单未载明仲裁机构且争议发生后未达成仲裁协议的，依法向 中华人民共和国境内（不包括港澳台地区）人民法院起诉。 第二十四条 与本保险合同有关的以及履行本保险合同产生的一切争议处理适用中华 人民共和国法律（不包括港澳台地区法律）。 其他事项 第二十五条 本保险合同涉及的外币与人民币的汇率，以结算当日中华人民共和国中国 人民银行公布的外汇汇率为准。 第二十六条 投保人和保险人可以协商变更合同内容。 变更保险合同的，应当由保险人在保险单或者其他保险凭证上批注或'}, {'content': '无对应取值。'}]","30, 32, 58, 61, 64, 65"
平安守护尊享成人意外险,产品：平安守护尊享成人意外险	问题：交通意外是否有额外赔付？,"根据平安守护尊享成人意外险的相关条款，该产品确实提供交通意外额外赔付。具体说明如下：

**交通意外伤害身故特别保险责任：**
- 在保险期间内，被保险人以乘客身份乘坐客运公共交通工具期间遭受意外伤害事故，并在180日内身故的，保险人除给付基础""意外伤害身故保险金""外，还会按同等金额额外给付""交通意外伤害身故特别保险金""。

**交通意外伤害伤残特别保险责任：**
- 在保险期间内，被保险人以乘客身份乘坐客运公共交通工具期间遭受意外伤害事故，并在180日内造成伤残的，保险人除给付基础""意外伤害伤残保险金""外，还会根据条款约定额外给付""交通意外伤害伤残特别保险金""。

**注意事项：**
1. 仅限以乘客身份乘坐客运公共交通工具期间发生的意外
2. 需符合条款约定的客运公共交通工具范围
3. 不包含非商业营运的交通工具

因此，平安守护尊享成人意外险确实对交通意外提供额外赔付保障，在基础意外保障之上增加了专门的交通意外特别保险责任。","[{'content': '中国平安财产保险股份有限公司 平安产险交通工具意外伤害保险（互联网版）条款 注册号：C00001732312021120910133 总则 第一条 本保险合同由保险条款、投保单、保险单、保险凭证以及批单等组成。凡涉及 本保险合同的约定，均应采用书面形式。 第二条 本保险合同的被保险人应为身体健康、能正常工作或正常生活的自然人。 第三条 本保险合同的投保人应为具有完全民事行为能力的被保险人本人、对被保险人 有保险利益的其他人。 第四条 本保险合同的受益人包括： （一）身故保险金受益人 订立本保险合同时，被保险人或投保人可指定一人或数人为身故保险金受益人。身故保 险金受益人为数人时，应确定其受益顺序和受益份额；未确定受益份额的，各身故保险金 受益人按照相等份额享有受益权。投保人指定受益人时须经被保险人同意。 被保险人死亡后，有下列情形之一的，保险金作为被保险人的遗产，由保险人依照有关 法律法规'}, {'content': '、伤残或医疗费用支出的，保险人也 不承担给付保险金责任： （一）战争、军事行动、暴动或武装叛乱期间； （二）被保险人主动吸食或注射毒品期间； （三）被保险人酒后驾车、无有效驾驶证驾驶或驾驶无有效行驶证的机动车期间。 第十条 下列费用，保险人不承担给付保险金责任： （一）保险单签发地社会医疗保险或其他公费医疗管理部门规定的自费项目，如自费 药品费用等； （二）因椎间盘膨出和突出造成被保险人支出的医疗费用； （三）营养费、康复费、辅助器具费、整容费、美容费、修复手术费、牙齿整形费、 牙齿修复费、镶牙费、护理费、交通费、伙食费、误工费、丧葬费。 保险金额、赔付比例与免赔额 第十一条 保险金额是保险人承担给付保险金责任的最高限额。 本保险合同的保险金额分为意外伤害保险金额，意外伤害医疗保险金额，意外伤害住院 津贴保险金，住院护理津贴保险金额，交通意外伤害身故特别保险金额，交通意外伤害伤残 特别保险'}, {'content': '商业营运的火车、轮船或汽车期间。 第十条 下列费用，保险人不承担给付保险金责任： （一）保险单签发地社会医疗保险或其他公费医疗管理部门规定的自费项目，如自费 药品费用等； （二）因椎间盘膨出和突出造成被保险人支出的医疗费用； （三）营养费、康复费、辅助器具费、整容费、美容费、修复手术费、牙齿整形费、 牙齿修复费、镶牙费、护理费、交通费、伙食费、误工费、丧葬费。 保险金额、免赔额与赔付比例 第十一条 保险金额是保险人承担给付保险金责任的最高限额。 本保险合同的保险金额分为“飞机意外伤害保险金额”、“火车意外伤害保险金额”、“轮 船意外伤害保险金额”和“汽车意外伤害保险金额”和“意外伤害医疗保险金额”，由投保人、 保险人双方约定，并在保险单中载明。 本保险合同中的免赔额是指被保险人在保险期间内发生的、虽然属于本保险合同保险 责任范围内的医疗费用，但依照本保险合同约定仍旧由被保险人自行承担，保险'}, {'content': '保险人挑衅或故意行为而导致的打斗、被袭击或被谋杀； （四）被保险人妊娠、流产、分娩、疾病、药物过敏、中暑、猝死； （五）被保险人未遵医嘱，私自服用、涂用、注射药物； （六）核爆炸、核辐射或核污染； （七）被保险人犯罪或拒捕； （八）被保险人从事高风险运动或参加职业或半职业体育运动； （九）被保险人违反承运人或交通安全部门关于安全乘坐的规定。 第九条 被保险人在下列期间遭受伤害导致身故、伤残或医疗费用支出的，保险人不承 担给付保险金责任： （一）战争、军事行动、暴动或武装叛乱期间； （二）被保险人主动吸食或注射毒品期间； （三）被保险人非以乘客的身份置身于任何交通工具期间； （四）被保险人乘坐非商业营运的火车、轮船或汽车期间。 第十条 下列费用，保险人不承担给付保险金责任： （一）保险单签发地社会医疗保险或其他公费医疗管理部门规定的自费项目，如自费 药品费用等； （二）因椎间盘膨出和突出造成'}, {'content': '承担给付保险金责任的最高限额。 本保险合同的保险金额分为意外伤害保险金额，意外伤害医疗保险金额，意外伤害住院 津贴保险金，住院护理津贴保险金额，交通意外伤害身故特别保险金额，交通意外伤害伤残 特别保险金额，意外伤害骨折、关节脱位保险金额，轻度骨折保险金额，每次轻度骨折津贴， 骨密度检测保险金额，每次骨密度检测津贴，由投保人、保险人双方约定，并在保险单中载 明。 本保险合同中的免赔额是指被保险人在保险期间内发生的、虽然属于本保险合同保险 责任范围内的医疗费用，但依照本保险合同约定仍旧由被保险人自行承担，保险人不予赔 付的金额。被保险人从其他途径已获得的医疗费用补偿可用于抵扣免赔额，但通过基本医 疗保险、政府主办补充医疗、公费医疗获得的补偿，不可用于抵扣免赔额。 免赔额、免赔天数、赔付比例由投保人、保险人在投保时协商确定，并在保险合同中 载明。 第十二条 本保险合同保险期间由保险人和投保人协商'}, {'content': '故一次住院治疗的，保险人给付住院护理津贴保险金天数以六 十天为限；被保险人因同一伤情间歇性住院，前次出院与后次入院日期间隔未超过九十天（含 九十天）的，视为一次住院治疗。 被保险人无论一次或多次遭受意外伤害事故进行住院治疗，保险人均按上述规定分别 给付住院护理津贴保险金，但对被保险人累计给付天数以九十天为限。 （六）可选责任：交通意外伤害身故或伤残特别保险责任 在保险期间内，被保险人以乘客身份乘坐客运公共交通工具期间遭受意外伤害事故，并 自事故发生之日起一百八十日内身故的，保险人除给付第（一）项“意外伤害身故保险金” 外还按第（一）项确定的“意外伤害身故保险金”金额给付“交通意外伤害身故特别保险 金”。 在保险期间内，被保险人以乘客身份乘坐客运公共交通工具期间遭受意外伤害事故， 并自事故发生之日起一百八十日内造成《伤残评定标准》所列伤残程度之一的，保险人除 给付第（二）项“意外伤害伤残保险'}, {'content': '被保险人在保险期间内猝死的，按保险单载明的“猝死保险金额”给付猝死保险金。'}, {'content': '被保险人以乘客身份乘坐民航客机或商业营运的火车、轮船、汽车期间因遭受意外伤害事故导致身故、伤残或医疗费用支出。'}]","12, 19, 20, 42, 51, 52"
平安守护尊享成人意外险,产品：平安守护尊享成人意外险	问题：如果选择分期付款，总共需要支付多少期？,"根据平安守护尊享成人意外险的相关条款，关于分期付款的具体期数，条款中明确说明：

**分期支付期数以保险单载明为准**

具体依据：
- 《平安产险附加分期支付保费保险（互联网版）》第三条明确规定：""本保险合同项下保险费可以按照约定的分期支付日期和金额支付，具体以保险单载明为准""
- 投保人在交纳首月保险费后，应当按照每月保险费约定支付日交纳对应月份的保险费

因此，分期付款的具体期数需要查看您个人保险单上的具体约定，不同投保方案可能会有不同的分期期数安排。建议您查阅保单原件或联系平安客服获取准确的期数信息。","[{'content': '中国平安财产保险股份有限公司 平安产险附加分期支付保费保险（互联网版）条款 注册号：C00001731922022091538001 总则 第一条 本附加保险合同须附加于各种意外伤害保险、健康保险、家庭财产保险、责任 保险、其他保险合同（以下简称“主保险合同”）。主保险合同所附条款、投保单、保险单、 保险凭证以及批单等，凡与本附加保险合同相关者，均为本附加保险合同的构成部分。凡涉 及本附加保险合同的约定，均应采用书面形式。 若主保险合同与本附加保险合同的条款互有冲突，则以本附加保险合同的条款为准。 本附加保险合同未尽事宜，以主保险合同的条款规定为准。 第二条 本保附加险合同仅限于互联网渠道销售。 保险责任 第三条 兹经投保人和保险人双方同意，本保险合同项下保险费可以按照约定的分期支 付日期和金额支付，具体以保险单载明为准。 在交纳首月保险费后，投保人应当在每月保险费约定支付日交纳对应月份的'}, {'content': '商业营运的火车、轮船或汽车期间。 第十条 下列费用，保险人不承担给付保险金责任： （一）保险单签发地社会医疗保险或其他公费医疗管理部门规定的自费项目，如自费 药品费用等； （二）因椎间盘膨出和突出造成被保险人支出的医疗费用； （三）营养费、康复费、辅助器具费、整容费、美容费、修复手术费、牙齿整形费、 牙齿修复费、镶牙费、护理费、交通费、伙食费、误工费、丧葬费。 保险金额、免赔额与赔付比例 第十一条 保险金额是保险人承担给付保险金责任的最高限额。 本保险合同的保险金额分为“飞机意外伤害保险金额”、“火车意外伤害保险金额”、“轮 船意外伤害保险金额”和“汽车意外伤害保险金额”和“意外伤害医疗保险金额”，由投保人、 保险人双方约定，并在保险单中载明。 本保险合同中的免赔额是指被保险人在保险期间内发生的、虽然属于本保险合同保险 责任范围内的医疗费用，但依照本保险合同约定仍旧由被保险人自行承担，保险'}, {'content': '。 保险责任 第三条 兹经投保人和保险人双方同意，本保险合同项下保险费可以按照约定的分期支 付日期和金额支付，具体以保险单载明为准。 在交纳首月保险费后，投保人应当在每月保险费约定支付日交纳对应月份的保险费。 第四条 若投保人分期支付保险费，在支付首期保险费后未按约定在应付之日交纳保险 费，保险人允许投保人在催告之日起三十日（含第三十日）内补交保险费，如果被保险人 在此三十日内发生保险事故，保险人仍按照合同约定给付保险金，但有权从给付的保险金 中扣除投保人欠缴的保险费。 若投保人在保险人催告之日起三十日（含第三十日）内未补交保险费，则本合同自当 期保费的应付之日起终止，对于保险合同终止后发生的保险事故，保险人不承担保险责 任。'}, {'content': '国家标准化委员会备 案的中华人民共和国金融行业标准。 【乘坐民航客机或商业营运的火车、轮船、汽车期间】指自被保险人进入客运民航班机 的舱门、商业营运的火车车厢、轮船甲板或汽车车厢时起，至抵达目的地走出舱门、车厢或 甲板时止的期间。 【火车】包括铁路列车、地铁、轻轨。 【商业营运】指经相关政府部门登记许可的以客运为目的的运输经营活动。 【不可抗力】指不能预见、不能避免并不能克服的客观情况。 【保险金申请人】指受益人或被保险人的继承人或依法享有保险金请求权的其他自然 人。 【医院】指保险人与投保人约定的定点医院，未约定定点医院的，则指经中华人民共和 国卫生部门评审确定的二级或二级以上的公立医院，但不包括主要作为诊所、康复、护理、 休养、静养、戒酒、戒毒等或类似的医疗机构。该医院必须具有符合国家有关医院管理规 则设置标准的医疗设备，且全天二十四小时有合格医师及护士驻院提供医疗及护理服务。 【毒品'}, {'content': '径已经 及时知道或者应当及时知道保险事故发生的除外。 保险事故发生后，被保险人需要治疗的，应在释义医院就诊，若因急诊未在释义医院 就诊的，应在三日内通知保险人，并根据病情及时转入释义医院。若确需转入非释义医院 就诊的，应向保险人提出书面申请，保险人在接到申请后三日内给予答复，对于保险人同意 在非释义医院就诊的，对这期间发生的医疗费用按本保险合同约定给付保险金。上述约定， 不包括因不可抗力而导致的迟延。 保险金申请与给付 第二十二条 保险金申请人向保险人申请给付保险金时，应提交以下材料。保险金申请 人因特殊原因不能提供以下材料的，应提供其他合法有效的材料。保险金申请人未能提供有 关材料，导致保险人无法核实该申请的真实性的，保险人对无法核实部分不承担给付保险 金的责任。 （一）身故保险金申请 1．保险金给付申请书； 2．保单号或其他有效保险凭证； 3．保险金申请人的身份证明； 4．公安部门或医'}, {'content': '人向投保人提 供的投保单应当附格式条款，保险人应当向投保人说明本附加保险合同的内容。对保险合同 中免除保险人责任的条款，保险人在订立合同时应当在投保单、保险单或者其他保险凭证上 做出足以引起投保人注意的提示，并对该条款的内容以书面或者口头形式向投保人做出明确 说明。未作提示或者明确说明的，该条款不产生效力。 第十四条 本保险合同成立后，保险人应当及时向投保人签发保险单或其他保险凭证。 第十五条 保险人按照本保险合同的约定，认为被保险人提供的有关索赔的证明和资料 不完整的，应当及时一次性通知投保人、被保险人补充提供。 第十六条 保险人收到被保险人的给付保险金的请求后，应当及时作出是否属于保险责 任的核定；情形复杂的，保险人将在确定是否属于保险责任的基本材料收集齐全后，尽快做 出核定。 保险人应当将核定结果通知被保险人；对属于保险责任的，在与被保险人达成给付保险 金的协议后十日内，履行给付保险'}, {'content': '无对应取值。'}]","1, 2, 52, 54, 58, 64"
平安守护尊享成人意外险,"产品：平安守护尊享成人意外险	问题：保险合同中""必选责任""和""可选责任""有什么区别？","根据平安守护尊享成人意外险的条款内容，""必选责任""和""可选责任""的区别如下：

**核心区别：**
- **必选责任**是基础保障，必须投保
- **可选责任**是附加保障，只有在投保必选责任的前提下才能选择投保

**具体规定：**
1. **投保顺序**：投保人必须先投保""必选责任""，才能同时投保""可选责任""
2. **独立性**：如果未投保""必选责任""，不得单独投保""可选责任""
3. **灵活性**：保险责任由投保人在投保时与保险人协商确定，并在保险合同中明确载明

**可选责任示例：**
从条款中可以看出，该产品的可选责任包括：
- 交通意外伤害身故或伤残特别保险责任
- 猝死保险责任等

**总结：**
必选责任构成了该意外险的基础保障框架，而可选责任是在此基础上提供的补充保障，投保人可以根据自身需求和预算选择是否增加这些附加保障。","[{'content': '无交通运输管理部门核发的许可证书或 其他必备证书。 【无有效行驶证】指下列情形之一： （1）机动车行驶证、号牌被注销的； （2）未按规定检验或检验不合格。 【辅助器具费】指购买、安装或修理假肢、矫形器、假眼、假牙和配置轮椅等辅助器具 的费用。 【保险单的现金价值】 保险期间为一年及以内的，计算方法为：净保费×[1－（保险单已经过天数/保险期间 天数）]，经过天数不足一天的按一天计算。 保险期间为一年以上的，计算方法由投保人、保险人依据法律法规、人身保险精算规定 确定，并在保险合同中载明；如保险合同未载明的，则计算方法为净保费×[1－（保险单已 经过天数/保险期间天数）]，经过天数不足一天的按一天计算。 【不可抗力】指不能预见、不能避免并不能克服的客观情况。 【保险金申请人】指受益人或被保险人的继承人或依法享有保险金请求权的其他自然 人。 【保险人认可的机构】指有执业资格的医疗机构、公安机关'}, {'content': '险合同上批注。对因身故保险金受益人变更发生的法律纠纷，保险人不承担任何责任。 投保人指定或变更身故保险金受益人的，应经被保险人书面同意。被保险人为无民事行 为能力人或限制民事行为能力人的，应由其监护人指定或变更身故保险金受益人。 （二）其他保险责任的保险金受益人 除另有约定外，本保险合同除身故保险金以外的其他保险责任的保险金受益人为被保险 人本人。 第五条 本保险合同仅限于互联网渠道销售。 第六条 本保险合同的保险责任分为“必选责任”及“可选责任”。投保人在已投保“必 选责任”的前提下，可以同时投保“可选责任”；若投保人未投保“必选责任”，不得单独 保险责任 投保“可选责任”。保险责任由投保人在投保时与保险人协商确定，并在保险合同中载明。 第七条 保险期间内，被保险人因遭受意外伤害事故导致身故、伤残或医疗费用支出的， 保险人依照下列约定给付保险金，具体承担的责任和对应的保险金以保险单载明的'}, {'content': '保险人不承担任何责任。 投保人指定或变更身故保险金受益人的，应经被保险人书面同意。被保险人为无民事行 为能力人或限制民事行为能力人的，应由其监护人指定或变更身故保险金受益人。 （二）伤残或医疗保险金受益人 除另有约定外，本保险合同的伤残或医疗保险金的受益人为被保险人本人。 第五条 本保险合同仅限于互联网渠道销售。 保险责任 第六条 本保险合同的保险责任分为“必选责任”及“可选责任”。投保人在已投保“必 选责任”的前提下，可以投保“可选责任”，若投保人未投保“必选责任”，则不得投保“可 选责任”。保险责任由投保人在投保时与保险人协商确定，并在保险合同中载明。 第七条 保险期间内，被保险人以乘客身份乘坐民航客机或商业营运的火车、轮船、汽 车期间因遭受意外伤害事故导致身故、伤残或医疗费用支出的，保险人依照下列约定承担保 险责任，且身故保险金和伤残保险金累计给付不超过各项意外伤害保险金额，医疗保险'}, {'content': '费相关要求的，保险人应当按照保险法相 关规定退还保险单的现金价值。 投保人、被保险人义务 第十八条 除另有约定外，投保人应当在保险合同成立时交清保险费。 第十九条 订立保险合同，保险人就被保险人的有关情况提出询问的，投保人应当如实 告知。 投保人故意或者因重大过失未履行前款规定的义务，足以影响保险人决定是否同意承 保或者提高保险费率的，保险人有权解除本保险合同。 前款规定的合同解除权，自保险人知道有解除事由之日起，超过三十日不行使而消灭。 自合同成立之日起超过二年的，保险人不得解除合同；发生保险事故的，保险人应当承担给 付保险金责任。 投保人故意不履行如实告知义务的，保险人对于合同解除前发生的保险事故，不承担 给付保险金责任，并不退还保险费。 投保人因重大过失未履行如实告知义务，对保险事故的发生有严重影响的，保险人对 于合同解除前发生的保险事故，不承担给付保险金责任，但应当退还保险费。 保'}, {'content': '人向投保人提 供的投保单应当附格式条款，保险人应当向投保人说明本附加保险合同的内容。对保险合同 中免除保险人责任的条款，保险人在订立合同时应当在投保单、保险单或者其他保险凭证上 做出足以引起投保人注意的提示，并对该条款的内容以书面或者口头形式向投保人做出明确 说明。未作提示或者明确说明的，该条款不产生效力。 第十四条 本保险合同成立后，保险人应当及时向投保人签发保险单或其他保险凭证。 第十五条 保险人按照本保险合同的约定，认为被保险人提供的有关索赔的证明和资料 不完整的，应当及时一次性通知投保人、被保险人补充提供。 第十六条 保险人收到被保险人的给付保险金的请求后，应当及时作出是否属于保险责 任的核定；情形复杂的，保险人将在确定是否属于保险责任的基本材料收集齐全后，尽快做 出核定。 保险人应当将核定结果通知被保险人；对属于保险责任的，在与被保险人达成给付保险 金的协议后十日内，履行给付保险'}, {'content': '故一次住院治疗的，保险人给付住院护理津贴保险金天数以六 十天为限；被保险人因同一伤情间歇性住院，前次出院与后次入院日期间隔未超过九十天（含 九十天）的，视为一次住院治疗。 被保险人无论一次或多次遭受意外伤害事故进行住院治疗，保险人均按上述规定分别 给付住院护理津贴保险金，但对被保险人累计给付天数以九十天为限。 （六）可选责任：交通意外伤害身故或伤残特别保险责任 在保险期间内，被保险人以乘客身份乘坐客运公共交通工具期间遭受意外伤害事故，并 自事故发生之日起一百八十日内身故的，保险人除给付第（一）项“意外伤害身故保险金” 外还按第（一）项确定的“意外伤害身故保险金”金额给付“交通意外伤害身故特别保险 金”。 在保险期间内，被保险人以乘客身份乘坐客运公共交通工具期间遭受意外伤害事故， 并自事故发生之日起一百八十日内造成《伤残评定标准》所列伤残程度之一的，保险人除 给付第（二）项“意外伤害伤残保险'}, {'content': '被保险人在保险期间内猝死的，按保险单载明的“猝死保险金额”给付猝死保险金。'}, {'content': '被保险人以乘客身份乘坐民航客机或商业营运的火车、轮船、汽车期间因遭受意外伤害事故导致身故、伤残或医疗费用支出。'}]","5, 12, 23, 38, 44, 54"
平安守护尊享成人意外险,产品：平安守护尊享成人意外险	问题：意外伤残的评定标准是什么？,"根据平安守护尊享成人意外险的相关条款，意外伤残的评定标准如下：

**评定标准依据：**
采用《人身保险伤残评定标准及代码》（JR/T 0083—2013），该标准是由原中国保险监督管理委员会发布（保监发[2014]6号）并经国家标准化委员会备案的中华人民共和国金融行业标准。

**评定流程与规则：**
1. **评定时间**：自意外伤害事故发生之日起180日内进行伤残评定。若第180日治疗仍未结束，则按当日的身体情况进行伤残鉴定。

2. **多处伤残处理**：
   - 同一事故造成两处及以上伤残时，先分别评定各处伤残等级
   - 不同伤残等级：以最重等级作为最终评定结论
   - 相同伤残等级：在原评定基础上最多晋升一级，最高晋升至第一级
   - 同一部位和性质的伤残不得采用标准条文两条以上或同一条文两次以上评定

3. **既往伤残处理**：
   - 若被保险人在本次事故前已有伤残，按合并后的伤残程度对应标准给付比例给付伤残保险金
   - 但需扣除原有伤残程度对应的伤残保险金

**适用范围：**
此评定标准适用于：
- 普通意外伤害导致的伤残
- 以乘客身份乘坐民航客机、商业营运的火车、轮船、汽车期间发生的意外伤害导致的伤残

保险金给付将按照评定结果对应的给付比例乘以相应的保险金额进行计算。","[{'content': '力终止。保险人收到上述证明文件和资料之日起三十日内退还保险单的现金价值。 第二十八条 释义 【周岁】指以法定身份证明文件中记载的出生日期为基础计算的实足年龄。 【意外伤害】指以外来的、突发的、非本意的和非疾病的客观事件为直接且单独的原因 致使身体受到的伤害。 【医院】指保险人与投保人约定的定点医院，未约定定点医院的，则指经中华人民共和 国卫生部门评审确定的二级或二级以上的公立医院，但不包括主要作为诊所、康复、护理、 休养、静养、戒酒、戒毒等或类似的医疗机构。该医院必须具有符合国家有关医院管理规 则设置标准的医疗设备，且全天二十四小时有合格医师及护士驻院提供医疗及护理服务。 【人身保险伤残评定标准及代码】 《人身保险伤残评定标准及代码》（JR/T 0083—2013） 是由中国保险监督管理委员会发布（原保监会保监发[2014]6 号）并经国家标准化委员会备 案的中华人民共和国金融行业标准。 '}, {'content': '坐民航客机或商业营运的火车、轮船、汽车期间因 遭受意外伤害事故，并自该事故发生之日起一百八十日内因该事故造成《人身保险伤残评 定标准及代码》（下简称《伤残评定标准》）所列伤残之一的，保险人按该表所列给付比例 乘以“飞机意外伤害保险金额”、“火车意外伤害保险金额”、“轮船意外伤害保险金额”或“汽 车意外伤害保险金额”给付事故对应的伤残保险金。如第一百八十日治疗仍未结束的，按当 日的身体情况进行伤残鉴定，并据此给付伤残保险金。 1．当同一保险事故造成两处或两处以上伤残时，应首先对各处伤残程度分别进行评定， 如果几处伤残等级不同，以最重的伤残等级作为最终的评定结论；如果两处或两处以上伤残 等级相同，伤残等级在原评定基础上最多晋升一级，最高晋升至第一级。同一部位和性质的 伤残，不应采用《伤残评定标准》条文两条以上或者同一条文两次以上进行评定。 2．被保险人如在本次意外伤害事故之前已有伤残，保险人按'}, {'content': '伤害保险金额给付身故保险金。但若被保险人被宣告死亡后生还的，保 险金受领人应于知道或应当知道被保险人生还后三十日内退还保险人给付的身故保险金。 被保险人身故前保险人已给付第（二）款约定的伤残保险金的，身故保险金应扣除已 给付的伤残保险金。 （二）必选责任：意外伤害伤残保险责任 保险期间内，被保险人遭受意外伤害事故，并自该事故发生之日起一百八十日内因该事 故造成《人身保险伤残评定标准及代码》（下简称《伤残评定标准》）所列伤残之一的，保险 人按该表所列给付比例乘以意外伤害保险金额给付伤残保险金。如第一百八十日治疗仍未 结束的，按当日的身体情况进行伤残鉴定，并据此给付伤残保险金。 1．当同一保险事故造成两处或两处以上伤残时，应首先对各处伤残程度分别进行评定， 如果几处伤残等级不同，以最重的伤残等级作为最终的评定结论；如果两处或两处以上伤残 等级相同，伤残等级在原评定基础上最多晋升一级，最高晋升至'}, {'content': '造成两处或两处以上伤残时，应首先对各处伤残程度分别进行评定， 如果几处伤残等级不同，以最重的伤残等级作为最终的评定结论；如果两处或两处以上伤残 等级相同，伤残等级在原评定基础上最多晋升一级，最高晋升至第一级。同一部位和性质的 伤残，不应采用《伤残评定标准》条文两条以上或者同一条文两次以上进行评定。 2．被保险人如在本次意外伤害事故之前已有伤残，保险人按合并后的伤残程度在《伤 残评定标准》中所对应的给付比例给付伤残保险金，但应扣除原有伤残程度在《伤残评定 标准》所对应的伤残保险金。 保险期间内，前述第（一）、（二）款下的保险金累计给付金额以保险单载明的意外伤 害保险金额为限。 （三）可选责任：意外伤害医疗保险责任 保险期间内，被保险人因遭受意外伤害事故，并因此在符合本保险合同释义的医院（以 下简称“释义医院”）进行治疗，保险人就其自事故发生之日起一百八十日内实际支出的按 照当地社会医疗保险主'}, {'content': '金额”为限给付事故对应的身故保险金，对被保险人的保险责任终止。 被保险人因遭受意外伤害事故且自该事故发生日起下落不明，后经人民法院宣告死亡 的，保险人按“飞机意外伤害保险金额”、“火车意外伤害保险金额”、“轮船意外伤害保险金 额”或“汽车意外伤害保险金额”分别给付身故保险金。但若被保险人被宣告死亡后生还的， 保险金受领人应于知道或应当知道被保险人生还后三十日内退还保险人给付的身故保险 金。 被保险人身故前保险人已在乘坐同一类型交通工具期间遭受意外伤害事故并给付第 （二）款约定的伤残保险金的，身故保险金应扣除前述已给付的伤残保险金。 （二）可选责任：伤残保险责任 保险期间内，被保险人以乘客身份乘坐民航客机或商业营运的火车、轮船、汽车期间因 遭受意外伤害事故，并自该事故发生之日起一百八十日内因该事故造成《人身保险伤残评 定标准及代码》（下简称《伤残评定标准》）所列伤残之一的，保险人按该表所列给'}, {'content': '。 投保人解除本保险合同时，应提供下列证明文件和资料： （一）保险合同解除申请书； （二）保险单原件； （三）保险费交付凭证； （四）投保人身份证明。 投保人要求解除本保险合同，自保险人接到保险合同解除申请书之时起，本保险合同 的效力终止。保险人收到上述证明文件和资料之日起三十日内退还保险单的保险单的现金 价值。 第二十七条 释义 【意外伤害】指以外来的、突发的、非本意的和非疾病的客观事件为直接且单独的原因 致使身体受到的伤害。 【人身保险伤残评定标准及代码】 《人身保险伤残评定标准及代码》（JR/T 0083—2013） 是由中国保险监督管理委员会发布（原保监会保监发[2014]6 号）并经国家标准化委员会备 案的中华人民共和国金融行业标准。 【乘坐民航客机或商业营运的火车、轮船、汽车期间】指自被保险人进入客运民航班机 的舱门、商业营运的火车车厢、轮船甲板或汽车车厢时起，至抵达目的地走出'}, {'content': '被保险人在保险期间内猝死的，按保险单载明的“猝死保险金额”给付猝死保险金。'}, {'content': '被保险人以乘客身份乘坐民航客机或商业营运的火车、轮船、汽车期间因遭受意外伤害事故导致身故、伤残或医疗费用支出。'}]","7, 8, 32, 46, 47, 63"
平安守护尊享成人意外险,产品：平安守护尊享成人意外险	问题：保险期间可以中途退保吗？,"根据《平安守护尊享成人意外险》条款第二十六条规定：

**可以中途退保**。投保人在保险合同成立后，可以书面形式通知保险人解除合同，但保险人已根据保险合同约定给付保险金的除外。

退保时需要提供以下材料：
1. 保险合同解除申请书
2. 保险单原件
3. 保险费交付凭证
4. 投保人身份证明

退保生效时间：自保险人接到保险合同解除申请书之时起，本保险合同的效力终止。

退款处理：保险人收到上述证明文件和资料之日起三十日内退还保险单的现金价值。

需要注意的是，如果保险人已经根据合同约定给付过保险金，则不能解除合同。","[{'content': '质、原因、 损失程度等难以确定的，保险人对无法确定的部分，不承担给付保险金责任，但保险人通 过其他途径已经及时知道或者应当及时知道保险事故发生的除外。 保险事故发生后，被保险人需要治疗的，应在释义医院就诊，若因急诊未在释义医院就 诊的，应在三日内通知保险人，并根据病情及时转入释义医院。若确需转入非释义医院就 诊的，应向保险人提出书面申请，保险人在接到申请后三日内给予答复，对于保险人同意 在非释义医院就诊的，对这期间发生的医疗费用按本保险合同规定给付保险金。 上述约定，不包括因不可抗力而导致的迟延。 保险金申请与给付 第二十二条 保险金申请人向保险人申请给付保险金时，应提交以下材料。保险金申请 人因特殊原因不能提供以下材料的，应提供其他合法有效的材料。保险金申请人未能提供有 关材料，导致保险人无法核实该申请的真实性的，保险人对无法核实部分不承担给付保险 金的责任。 （一）意外伤害身故保险金、'}, {'content': '疗保险、政府主办补充医疗、公费医疗获得的补偿，不可用于抵扣免赔额。 免赔额、免赔天数、赔付比例由投保人、保险人在投保时协商确定，并在保险合同中 载明。 第十二条 本保险合同保险期间由保险人和投保人协商确定，以保险单载明的起讫时间 为准。 保险期间 保险人义务 第十三条 本保险合同成立后，保险人应当及时向投保人签发保险单或其他保险凭证。 第十四条 保险人按照本保险合同的约定，认为被保险人提供的有关索赔的证明和资料 不完整的，应当及时一次性通知投保人、被保险人补充提供。 第十五条 保险人收到被保险人的给付保险金的请求后，应当及时作出是否属于保险责 任的核定；情形复杂的，保险人将在确定是否属于保险责任的基本材料收集齐全后，尽快做 出核定。 保险人应当将核定结果通知被保险人；对属于保险责任的，在与被保险人达成给付保险 金的协议后十日内，履行给付保险金义务。保险合同对给付保险金的期限有约定的，保险人'}, {'content': '费相关要求的，保险人应当按照保险法相 关规定退还保险单的现金价值。 投保人、被保险人义务 第十八条 除另有约定外，投保人应当在保险合同成立时交清保险费。 第十九条 订立保险合同，保险人就被保险人的有关情况提出询问的，投保人应当如实 告知。 投保人故意或者因重大过失未履行前款规定的义务，足以影响保险人决定是否同意承 保或者提高保险费率的，保险人有权解除本保险合同。 前款规定的合同解除权，自保险人知道有解除事由之日起，超过三十日不行使而消灭。 自合同成立之日起超过二年的，保险人不得解除合同；发生保险事故的，保险人应当承担给 付保险金责任。 投保人故意不履行如实告知义务的，保险人对于合同解除前发生的保险事故，不承担 给付保险金责任，并不退还保险费。 投保人因重大过失未履行如实告知义务，对保险事故的发生有严重影响的，保险人对 于合同解除前发生的保险事故，不承担给付保险金责任，但应当退还保险费。 保'}, {'content': '的差额。 第十八条 投保人符合保险法规定的退还保险费相关要求的，保险人应当按照保险法相 关规定退还保险单的现金价值。 投保人、被保险人义务 第十九条 除另有约定外，投保人应当在保险合同成立时交清保险费。 第二十条 订立保险合同，保险人就被保险人的有关情况提出询问的，投保人应当如实 告知。 投保人故意或者因重大过失未履行前款规定的义务，足以影响保险人决定是否同意承 保或者提高保险费率的，保险人有权解除本保险合同。 前款规定的合同解除权，自保险人知道有解除事由之日起，超过三十日不行使而消灭。 自合同成立之日起超过二年的，保险人不得解除合同；发生保险事故的，保险人应当承担给 付保险金责任。 投保人故意不履行如实告知义务的，保险人对于合同解除前发生的保险事故，不承担 给付保险金责任，并不退还保险费。 投保人因重大过失未履行如实告知义务，对保险事故的发生有严重影响的，保险人对 于合同解除前发生的保险'}, {'content': '。 投保人解除本保险合同时，应提供下列证明文件和资料： （一）保险合同解除申请书； （二）保险单原件； （三）保险费交付凭证； （四）投保人身份证明。 投保人要求解除本保险合同，自保险人接到保险合同解除申请书之时起，本保险合同 的效力终止。保险人收到上述证明文件和资料之日起三十日内退还保险单的保险单的现金 价值。 第二十七条 释义 【意外伤害】指以外来的、突发的、非本意的和非疾病的客观事件为直接且单独的原因 致使身体受到的伤害。 【人身保险伤残评定标准及代码】 《人身保险伤残评定标准及代码》（JR/T 0083—2013） 是由中国保险监督管理委员会发布（原保监会保监发[2014]6 号）并经国家标准化委员会备 案的中华人民共和国金融行业标准。 【乘坐民航客机或商业营运的火车、轮船、汽车期间】指自被保险人进入客运民航班机 的舱门、商业营运的火车车厢、轮船甲板或汽车车厢时起，至抵达目的地走出'}, {'content': '保险合同发生的争议，由当事人协商解决。协商不成的，提交保 险单载明的仲裁机构仲裁；保险单未载明仲裁机构且争议发生后未达成仲裁协议的，依法向 中华人民共和国境内（不包括港澳台地区）人民法院起诉。 第二十四条 与本保险合同有关的以及履行本保险合同产生的一切争议处理适用中华人 民共和国法律（不包括港澳台地区法律）。 第二十五条 投保人和保险人可以协商变更合同内容。 其他事项 变更保险合同的，应当由保险人在保险单或者其他保险凭证上批注或附贴批单，或者投 保人和保险人订立变更的书面协议。 第二十六条 在本保险合同成立后，投保人可以书面形式通知保险人解除合同，但保险 人已根据本保险合同约定给付保险金的除外。 投保人解除本保险合同时，应提供下列证明文件和资料： （一）保险合同解除申请书； （二）保险单原件； （三）保险费交付凭证； （四）投保人身份证明。 投保人要求解除本保险合同，自保险人接到保险合同解'}, {'content': '无对应取值。'}, {'content': '由保险人和投保人协商确定，以保险单载明的起讫时间为准。'}]","21, 23, 26, 56, 62, 63"
平安守护尊享成人意外险,产品：平安守护尊享成人意外险	问题：如果发生保险事故，需要准备哪些理赔材料？,"根据平安守护尊享成人意外险的条款规定，申请理赔时需要准备以下材料：

一、基础材料（适用于所有理赔类型）：
1. 保险金给付申请书
2. 保单号或其他有效保险凭证
3. 保险金申请人的身份证明
4. 与确认保险事故性质、原因、损失程度等有关的其他证明和资料

二、具体理赔类型需补充的材料：

（一）意外伤害身故保险金申请：
- 公安部门或医疗机构出具的死亡证明书
- 如为宣告死亡，需提供人民法院出具的宣告死亡证明文件
- 境外出险需提供事故发生地使领馆出具的包含死亡原因的书面证明材料
- 如死亡证明无法证明死因，需提供司法鉴定机构或保险人认可机构出具的死因鉴定报告

（二）意外伤害伤残保险金申请：
- 需提供司法鉴定机构或保险人认可的机构出具的伤残鉴定报告
- 按照《人身保险伤残评定标准及代码》进行伤残评定

（三）猝死保险金申请：
- 按保险单载明的""猝死保险金额""提供相应证明材料

（四）交通意外伤害保险金申请：
- 需提供被保险人以乘客身份乘坐交通工具的证明

注意事项：
1. 如因特殊原因无法提供规定材料，应提供其他合法有效材料
2. 材料不全导致无法核实真实性的，保险人对无法核实部分不承担给付责任
3. 如委托他人申请，还需提供授权委托书原件及受托人身份证明
4. 医疗费用需在合同约定的医院就诊，特殊情况需按规定办理转院手续

建议出险后及时联系保险公司，获取详细的理赔指引。","[{'content': '人因特殊原因不能提供以下材料的，应提供其他合法有效的材料。保险金申请人未能提供有 关材料，导致保险人无法核实该申请的真实性的，保险人对无法核实部分不承担给付保险 金的责任。 （一）意外伤害身故保险金、交通意外伤害身故特别保险金的申请 1．保险金给付申请书； 2．保单号或有效保险凭证； 3．保险金申请人的身份证明； 4．公安部门或医疗机构出具的被保险人死亡证明书；若被保险人为宣告死亡，保险金 申请人应提供人民法院出具的宣告死亡证明文件；若为境外出险，需提供事故发生地使领馆 出具的的包含死亡原因的书面证明材料；如本保险合同要求的死亡证明可证明死亡原因的， 可用死亡证明；否则，保险金申请人应提供司法鉴定机构或保险人认可的机构出具的死因 鉴定报告； 5．保险金申请人所能提供的与确认保险事故的性质、原因、损失程度等有关的其他证 明和资料； 6．若保险金申请人委托他人申请的，还应提供授权委托书原件、委'}, {'content': '力终止。保险人收到上述证明文件和资料之日起三十日内退还保险单的现金价值。 第二十八条 释义 【周岁】指以法定身份证明文件中记载的出生日期为基础计算的实足年龄。 【意外伤害】指以外来的、突发的、非本意的和非疾病的客观事件为直接且单独的原因 致使身体受到的伤害。 【医院】指保险人与投保人约定的定点医院，未约定定点医院的，则指经中华人民共和 国卫生部门评审确定的二级或二级以上的公立医院，但不包括主要作为诊所、康复、护理、 休养、静养、戒酒、戒毒等或类似的医疗机构。该医院必须具有符合国家有关医院管理规 则设置标准的医疗设备，且全天二十四小时有合格医师及护士驻院提供医疗及护理服务。 【人身保险伤残评定标准及代码】 《人身保险伤残评定标准及代码》（JR/T 0083—2013） 是由中国保险监督管理委员会发布（原保监会保监发[2014]6 号）并经国家标准化委员会备 案的中华人民共和国金融行业标准。 '}, {'content': '径已经 及时知道或者应当及时知道保险事故发生的除外。 保险事故发生后，被保险人需要治疗的，应在释义医院就诊，若因急诊未在释义医院 就诊的，应在三日内通知保险人，并根据病情及时转入释义医院。若确需转入非释义医院 就诊的，应向保险人提出书面申请，保险人在接到申请后三日内给予答复，对于保险人同意 在非释义医院就诊的，对这期间发生的医疗费用按本保险合同约定给付保险金。上述约定， 不包括因不可抗力而导致的迟延。 保险金申请与给付 第二十二条 保险金申请人向保险人申请给付保险金时，应提交以下材料。保险金申请 人因特殊原因不能提供以下材料的，应提供其他合法有效的材料。保险金申请人未能提供有 关材料，导致保险人无法核实该申请的真实性的，保险人对无法核实部分不承担给付保险 金的责任。 （一）身故保险金申请 1．保险金给付申请书； 2．保单号或其他有效保险凭证； 3．保险金申请人的身份证明； 4．公安部门或医'}, {'content': '坐民航客机或商业营运的火车、轮船、汽车期间因 遭受意外伤害事故，并自该事故发生之日起一百八十日内因该事故造成《人身保险伤残评 定标准及代码》（下简称《伤残评定标准》）所列伤残之一的，保险人按该表所列给付比例 乘以“飞机意外伤害保险金额”、“火车意外伤害保险金额”、“轮船意外伤害保险金额”或“汽 车意外伤害保险金额”给付事故对应的伤残保险金。如第一百八十日治疗仍未结束的，按当 日的身体情况进行伤残鉴定，并据此给付伤残保险金。 1．当同一保险事故造成两处或两处以上伤残时，应首先对各处伤残程度分别进行评定， 如果几处伤残等级不同，以最重的伤残等级作为最终的评定结论；如果两处或两处以上伤残 等级相同，伤残等级在原评定基础上最多晋升一级，最高晋升至第一级。同一部位和性质的 伤残，不应采用《伤残评定标准》条文两条以上或者同一条文两次以上进行评定。 2．被保险人如在本次意外伤害事故之前已有伤残，保险人按'}, {'content': '伤害保险金额给付身故保险金。但若被保险人被宣告死亡后生还的，保 险金受领人应于知道或应当知道被保险人生还后三十日内退还保险人给付的身故保险金。 被保险人身故前保险人已给付第（二）款约定的伤残保险金的，身故保险金应扣除已 给付的伤残保险金。 （二）必选责任：意外伤害伤残保险责任 保险期间内，被保险人遭受意外伤害事故，并自该事故发生之日起一百八十日内因该事 故造成《人身保险伤残评定标准及代码》（下简称《伤残评定标准》）所列伤残之一的，保险 人按该表所列给付比例乘以意外伤害保险金额给付伤残保险金。如第一百八十日治疗仍未 结束的，按当日的身体情况进行伤残鉴定，并据此给付伤残保险金。 1．当同一保险事故造成两处或两处以上伤残时，应首先对各处伤残程度分别进行评定， 如果几处伤残等级不同，以最重的伤残等级作为最终的评定结论；如果两处或两处以上伤残 等级相同，伤残等级在原评定基础上最多晋升一级，最高晋升至'}, {'content': '质、原因、 损失程度等难以确定的，保险人对无法确定的部分，不承担给付保险金责任，但保险人通 过其他途径已经及时知道或者应当及时知道保险事故发生的除外。 保险事故发生后，被保险人需要治疗的，应在释义医院就诊，若因急诊未在释义医院就 诊的，应在三日内通知保险人，并根据病情及时转入释义医院。若确需转入非释义医院就 诊的，应向保险人提出书面申请，保险人在接到申请后三日内给予答复，对于保险人同意 在非释义医院就诊的，对这期间发生的医疗费用按本保险合同规定给付保险金。 上述约定，不包括因不可抗力而导致的迟延。 保险金申请与给付 第二十二条 保险金申请人向保险人申请给付保险金时，应提交以下材料。保险金申请 人因特殊原因不能提供以下材料的，应提供其他合法有效的材料。保险金申请人未能提供有 关材料，导致保险人无法核实该申请的真实性的，保险人对无法核实部分不承担给付保险 金的责任。 （一）意外伤害身故保险金、'}, {'content': '被保险人在保险期间内猝死的，按保险单载明的“猝死保险金额”给付猝死保险金。'}, {'content': '被保险人以乘客身份乘坐民航客机或商业营运的火车、轮船、汽车期间因遭受意外伤害事故导致身故、伤残或医疗费用支出。'}]","7, 26, 27, 32, 47, 58"
平安守护尊享成人意外险,产品：平安守护尊享成人意外险	问题：保险责任开始的具体时间是什么时候？,"根据提供的条款内容，平安守护尊享成人意外险的保险责任开始时间需参考主保险合同的具体约定。

条款中明确：
- 本附加保险合同须附加于主保险合同
- 保险期间由保险人和投保人协商确定，并在保险合同中载明
- 投保人应当在保险合同成立时交清保险费

因此，保险责任开始的具体时间应以主保险合同中载明的保险期间起始时间为准，通常为保险合同成立并交清保险费后开始生效。建议您查看保险单上明确载明的保险期间起止日期。","[{'content': '中国平安财产保险股份有限公司 平安产险附加分期支付保费保险（互联网版）条款 注册号：C00001731922022091538001 总则 第一条 本附加保险合同须附加于各种意外伤害保险、健康保险、家庭财产保险、责任 保险、其他保险合同（以下简称“主保险合同”）。主保险合同所附条款、投保单、保险单、 保险凭证以及批单等，凡与本附加保险合同相关者，均为本附加保险合同的构成部分。凡涉 及本附加保险合同的约定，均应采用书面形式。 若主保险合同与本附加保险合同的条款互有冲突，则以本附加保险合同的条款为准。 本附加保险合同未尽事宜，以主保险合同的条款规定为准。 第二条 本保附加险合同仅限于互联网渠道销售。 保险责任 第三条 兹经投保人和保险人双方同意，本保险合同项下保险费可以按照约定的分期支 付日期和金额支付，具体以保险单载明为准。 在交纳首月保险费后，投保人应当在每月保险费约定支付日交纳对应月份的'}, {'content': '力终止。保险人收到上述证明文件和资料之日起三十日内退还保险单的现金价值。 第二十八条 释义 【周岁】指以法定身份证明文件中记载的出生日期为基础计算的实足年龄。 【意外伤害】指以外来的、突发的、非本意的和非疾病的客观事件为直接且单独的原因 致使身体受到的伤害。 【医院】指保险人与投保人约定的定点医院，未约定定点医院的，则指经中华人民共和 国卫生部门评审确定的二级或二级以上的公立医院，但不包括主要作为诊所、康复、护理、 休养、静养、戒酒、戒毒等或类似的医疗机构。该医院必须具有符合国家有关医院管理规 则设置标准的医疗设备，且全天二十四小时有合格医师及护士驻院提供医疗及护理服务。 【人身保险伤残评定标准及代码】 《人身保险伤残评定标准及代码》（JR/T 0083—2013） 是由中国保险监督管理委员会发布（原保监会保监发[2014]6 号）并经国家标准化委员会备 案的中华人民共和国金融行业标准。 '}, {'content': '费相关要求的，保险人应当按照保险法相 关规定退还保险单的现金价值。 投保人、被保险人义务 第十八条 除另有约定外，投保人应当在保险合同成立时交清保险费。 第十九条 订立保险合同，保险人就被保险人的有关情况提出询问的，投保人应当如实 告知。 投保人故意或者因重大过失未履行前款规定的义务，足以影响保险人决定是否同意承 保或者提高保险费率的，保险人有权解除本保险合同。 前款规定的合同解除权，自保险人知道有解除事由之日起，超过三十日不行使而消灭。 自合同成立之日起超过二年的，保险人不得解除合同；发生保险事故的，保险人应当承担给 付保险金责任。 投保人故意不履行如实告知义务的，保险人对于合同解除前发生的保险事故，不承担 给付保险金责任，并不退还保险费。 投保人因重大过失未履行如实告知义务，对保险事故的发生有严重影响的，保险人对 于合同解除前发生的保险事故，不承担给付保险金责任，但应当退还保险费。 保'}, {'content': '承担给付保险金责任的最高限额。 本保险合同的保险金额分为意外伤害保险金额，意外伤害医疗保险金额，意外伤害住院 津贴保险金，住院护理津贴保险金额，交通意外伤害身故特别保险金额，交通意外伤害伤残 特别保险金额，意外伤害骨折、关节脱位保险金额，轻度骨折保险金额，每次轻度骨折津贴， 骨密度检测保险金额，每次骨密度检测津贴，由投保人、保险人双方约定，并在保险单中载 明。 本保险合同中的免赔额是指被保险人在保险期间内发生的、虽然属于本保险合同保险 责任范围内的医疗费用，但依照本保险合同约定仍旧由被保险人自行承担，保险人不予赔 付的金额。被保险人从其他途径已获得的医疗费用补偿可用于抵扣免赔额，但通过基本医 疗保险、政府主办补充医疗、公费医疗获得的补偿，不可用于抵扣免赔额。 免赔额、免赔天数、赔付比例由投保人、保险人在投保时协商确定，并在保险合同中 载明。 第十二条 本保险合同保险期间由保险人和投保人协商'}, {'content': '在投保时与保险人协商确定，并在保险合同中载明。 第七条 保险期间内，被保险人因遭受意外伤害事故导致身故、伤残或医疗费用支出的， 保险人依照下列约定给付保险金，具体承担的责任和对应的保险金以保险单载明的为准，且 身故保险金和伤残保险金累计给付不超过意外伤害保险金额，医疗保险金累计给付不超过 意外伤害医疗保险金额。 （一）必选责任：意外伤害身故保险责任 保险期间内，被保险人遭受意外伤害事故，并自事故发生之日起一百八十日内因该事故 身故的，保险人按意外伤害保险金额给付身故保险金，对该被保险人的保险责任终止。 被保险人因遭受意外伤害事故且自该事故发生日起下落不明，后经人民法院宣告死亡 的，保险人按意外伤害保险金额给付身故保险金。但若被保险人被宣告死亡后生还的，保 险金受领人应于知道或应当知道被保险人生还后三十日内退还保险人给付的身故保险金。 被保险人身故前保险人已给付第（二）款约定的伤残保险金的，'}, {'content': '人向投保人提 供的投保单应当附格式条款，保险人应当向投保人说明本附加保险合同的内容。对保险合同 中免除保险人责任的条款，保险人在订立合同时应当在投保单、保险单或者其他保险凭证上 做出足以引起投保人注意的提示，并对该条款的内容以书面或者口头形式向投保人做出明确 说明。未作提示或者明确说明的，该条款不产生效力。 第十四条 本保险合同成立后，保险人应当及时向投保人签发保险单或其他保险凭证。 第十五条 保险人按照本保险合同的约定，认为被保险人提供的有关索赔的证明和资料 不完整的，应当及时一次性通知投保人、被保险人补充提供。 第十六条 保险人收到被保险人的给付保险金的请求后，应当及时作出是否属于保险责 任的核定；情形复杂的，保险人将在确定是否属于保险责任的基本材料收集齐全后，尽快做 出核定。 保险人应当将核定结果通知被保险人；对属于保险责任的，在与被保险人达成给付保险 金的协议后十日内，履行给付保险'}, {'content': '无对应取值。'}]","1, 6, 20, 23, 32, 54"
平安守护尊享成人意外险,产品：平安守护尊享成人意外险	问题：如果投保人未按时缴费，保险公司会如何催告？,"根据平安守护尊享成人意外险条款第四条规定：

若投保人分期支付保险费，在支付首期保险费后未按约定在应付之日交纳保险费，**保险人会向投保人发出催告**。投保人在收到催告之日起三十日内可以补交保险费。

如果投保人在催告之日起三十日内仍未补交保险费，则保险合同自当期保费应付之日起终止，保险公司对合同终止后发生的保险事故不再承担保险责任。

需要注意的是，在催告期内（30天内）发生保险事故的，保险公司仍会按合同约定给付保险金，但有权从给付的保险金中扣除投保人欠缴的保险费。","[{'content': '。 保险责任 第三条 兹经投保人和保险人双方同意，本保险合同项下保险费可以按照约定的分期支 付日期和金额支付，具体以保险单载明为准。 在交纳首月保险费后，投保人应当在每月保险费约定支付日交纳对应月份的保险费。 第四条 若投保人分期支付保险费，在支付首期保险费后未按约定在应付之日交纳保险 费，保险人允许投保人在催告之日起三十日（含第三十日）内补交保险费，如果被保险人 在此三十日内发生保险事故，保险人仍按照合同约定给付保险金，但有权从给付的保险金 中扣除投保人欠缴的保险费。 若投保人在保险人催告之日起三十日（含第三十日）内未补交保险费，则本合同自当 期保费的应付之日起终止，对于保险合同终止后发生的保险事故，保险人不承担保险责 任。'}, {'content': '径已经 及时知道或者应当及时知道保险事故发生的除外。 保险事故发生后，被保险人需要治疗的，应在释义医院就诊，若因急诊未在释义医院 就诊的，应在三日内通知保险人，并根据病情及时转入释义医院。若确需转入非释义医院 就诊的，应向保险人提出书面申请，保险人在接到申请后三日内给予答复，对于保险人同意 在非释义医院就诊的，对这期间发生的医疗费用按本保险合同约定给付保险金。上述约定， 不包括因不可抗力而导致的迟延。 保险金申请与给付 第二十二条 保险金申请人向保险人申请给付保险金时，应提交以下材料。保险金申请 人因特殊原因不能提供以下材料的，应提供其他合法有效的材料。保险金申请人未能提供有 关材料，导致保险人无法核实该申请的真实性的，保险人对无法核实部分不承担给付保险 金的责任。 （一）身故保险金申请 1．保险金给付申请书； 2．保单号或其他有效保险凭证； 3．保险金申请人的身份证明； 4．公安部门或医'}, {'content': '费相关要求的，保险人应当按照保险法相 关规定退还保险单的现金价值。 投保人、被保险人义务 第十八条 除另有约定外，投保人应当在保险合同成立时交清保险费。 第十九条 订立保险合同，保险人就被保险人的有关情况提出询问的，投保人应当如实 告知。 投保人故意或者因重大过失未履行前款规定的义务，足以影响保险人决定是否同意承 保或者提高保险费率的，保险人有权解除本保险合同。 前款规定的合同解除权，自保险人知道有解除事由之日起，超过三十日不行使而消灭。 自合同成立之日起超过二年的，保险人不得解除合同；发生保险事故的，保险人应当承担给 付保险金责任。 投保人故意不履行如实告知义务的，保险人对于合同解除前发生的保险事故，不承担 给付保险金责任，并不退还保险费。 投保人因重大过失未履行如实告知义务，对保险事故的发生有严重影响的，保险人对 于合同解除前发生的保险事故，不承担给付保险金责任，但应当退还保险费。 保'}, {'content': '的差额。 第十八条 投保人符合保险法规定的退还保险费相关要求的，保险人应当按照保险法相 关规定退还保险单的现金价值。 投保人、被保险人义务 第十九条 除另有约定外，投保人应当在保险合同成立时交清保险费。 第二十条 订立保险合同，保险人就被保险人的有关情况提出询问的，投保人应当如实 告知。 投保人故意或者因重大过失未履行前款规定的义务，足以影响保险人决定是否同意承 保或者提高保险费率的，保险人有权解除本保险合同。 前款规定的合同解除权，自保险人知道有解除事由之日起，超过三十日不行使而消灭。 自合同成立之日起超过二年的，保险人不得解除合同；发生保险事故的，保险人应当承担给 付保险金责任。 投保人故意不履行如实告知义务的，保险人对于合同解除前发生的保险事故，不承担 给付保险金责任，并不退还保险费。 投保人因重大过失未履行如实告知义务，对保险事故的发生有严重影响的，保险人对 于合同解除前发生的保险'}, {'content': '人向投保人提 供的投保单应当附格式条款，保险人应当向投保人说明本附加保险合同的内容。对保险合同 中免除保险人责任的条款，保险人在订立合同时应当在投保单、保险单或者其他保险凭证上 做出足以引起投保人注意的提示，并对该条款的内容以书面或者口头形式向投保人做出明确 说明。未作提示或者明确说明的，该条款不产生效力。 第十四条 本保险合同成立后，保险人应当及时向投保人签发保险单或其他保险凭证。 第十五条 保险人按照本保险合同的约定，认为被保险人提供的有关索赔的证明和资料 不完整的，应当及时一次性通知投保人、被保险人补充提供。 第十六条 保险人收到被保险人的给付保险金的请求后，应当及时作出是否属于保险责 任的核定；情形复杂的，保险人将在确定是否属于保险责任的基本材料收集齐全后，尽快做 出核定。 保险人应当将核定结果通知被保险人；对属于保险责任的，在与被保险人达成给付保险 金的协议后十日内，履行给付保险'}, {'content': '意不履行如实告知义务的，保险人对于合同解除前发生的保险事故，不承担 给付保险金责任，并不退还保险费。 投保人因重大过失未履行如实告知义务，对保险事故的发生有严重影响的，保险人对 于合同解除前发生的保险事故，不承担给付保险金责任，但应当退还保险费。 保险人在合同订立时已经知道投保人未如实告知的情况的，保险人不得解除合同；发生 保险事故的，保险人应当承担给付保险金责任。 第二十一条 投保人、被保险人或者保险金受益人知道保险事故发生后，应当及时通知 保险人。故意或者因重大过失未及时通知，致使保险事故的性质、原因、损失程度等难以 确定的，保险人对无法确定的部分，不承担给付保险金责任，但保险人通过其他途径已经 及时知道或者应当及时知道保险事故发生的除外。 保险事故发生后，被保险人需要治疗的，应在释义医院就诊，若因急诊未在释义医院 就诊的，应在三日内通知保险人，并根据病情及时转入释义医院。若确需转入非'}, {'content': '无对应取值。'}]","2, 23, 54, 56, 57, 58"
平安守护尊享成人意外险,产品：平安守护尊享成人意外险	问题：投保后可以增加或减少保障项目吗？,"根据提供的条款内容，平安守护尊享成人意外险在投保后无法增加或减少保障项目。

具体依据如下：

**第二十五条** 明确规定：""投保人和保险人可以协商变更合同内容。变更保险合同的，应当由保险人在保险单或者其他保险凭证上批注或附贴批单，或者投保人和保险人订立变更的书面协议。""

这意味着：
1. 合同变更需要投保人与保险人双方协商同意
2. 任何变更都需要通过正式的书面形式确认
3. 个人无法单方面随意增加或减少保障项目

**第六条** 也指出：""保险责任由投保人在投保时与保险人协商确定，并在保险合同中载明。""这表明保障项目是在投保时确定的，后续调整需要重新协商。

**建议**：如有变更保障需求，请直接联系平安保险客服咨询具体变更流程和可行性。","[{'content': '商业营运的火车、轮船或汽车期间。 第十条 下列费用，保险人不承担给付保险金责任： （一）保险单签发地社会医疗保险或其他公费医疗管理部门规定的自费项目，如自费 药品费用等； （二）因椎间盘膨出和突出造成被保险人支出的医疗费用； （三）营养费、康复费、辅助器具费、整容费、美容费、修复手术费、牙齿整形费、 牙齿修复费、镶牙费、护理费、交通费、伙食费、误工费、丧葬费。 保险金额、免赔额与赔付比例 第十一条 保险金额是保险人承担给付保险金责任的最高限额。 本保险合同的保险金额分为“飞机意外伤害保险金额”、“火车意外伤害保险金额”、“轮 船意外伤害保险金额”和“汽车意外伤害保险金额”和“意外伤害医疗保险金额”，由投保人、 保险人双方约定，并在保险单中载明。 本保险合同中的免赔额是指被保险人在保险期间内发生的、虽然属于本保险合同保险 责任范围内的医疗费用，但依照本保险合同约定仍旧由被保险人自行承担，保险'}, {'content': '险人，若发生保险事故，保险人不承担给付保险 金的责任。 被保险人所变更的职业或工种依照保险人职业分类危险程度增加但仍可承保或在拒保 范围内但保险人认定可以继续承保的，保险人自接到通知之日起，按其差额增收保险费。 被保险人未按本条约定通知保险人，若发生保险事故，保险人按其原交保险费与新职业或 工种所对应的保险费的比例计算并给付保险金。 被保险人所变更的职业或工种依照保险人职业分类危险程度降低的，保险人自接到通知 之日起，按其差额退还保险单的现金价值。 第二十一条 投保人、被保险人或者保险金受益人知道保险事故发生后，应当在四十八 小时内及时通知保险人。故意或者因重大过失未及时通知，致使保险事故的性质、原因、 损失程度等难以确定的，保险人对无法确定的部分，不承担给付保险金责任，但保险人通 过其他途径已经及时知道或者应当及时知道保险事故发生的除外。 保险事故发生后，被保险人需要治疗的，应在释义医院'}, {'content': '保险事故，不承担 给付保险金责任，并不退还保险费。 投保人因重大过失未履行如实告知义务，对保险事故的发生有严重影响的，保险人对 于合同解除前发生的保险事故，不承担给付保险金责任，但应当退还保险费。 保险人在合同订立时已经知道投保人未如实告知的情况的，保险人不得解除合同；发生 保险事故的，保险人应当承担给付保险金责任。 第二十条 被保险人变更职业或工种时，投保人或被保险人应在十日内以书面形式通知 保险人。 被保险人所变更的职业或工种依照保险人职业分类在拒保范围内的，保险人在接到通 知后有权解除本保险合同，并按照接到通知的日期计算并退还原职业或工种所对应的未满 期净保费。被保险人未按本条约定通知保险人，若发生保险事故，保险人不承担给付保险 金的责任。 被保险人所变更的职业或工种依照保险人职业分类危险程度增加但仍可承保或在拒保 范围内但保险人认定可以继续承保的，保险人自接到通知之日起，按其差额增'}, {'content': '保险合同发生的争议，由当事人协商解决。协商不成的，提交保 险单载明的仲裁机构仲裁；保险单未载明仲裁机构且争议发生后未达成仲裁协议的，依法向 中华人民共和国境内（不包括港澳台地区）人民法院起诉。 第二十四条 与本保险合同有关的以及履行本保险合同产生的一切争议处理适用中华人 民共和国法律（不包括港澳台地区法律）。 第二十五条 投保人和保险人可以协商变更合同内容。 其他事项 变更保险合同的，应当由保险人在保险单或者其他保险凭证上批注或附贴批单，或者投 保人和保险人订立变更的书面协议。 第二十六条 在本保险合同成立后，投保人可以书面形式通知保险人解除合同，但保险 人已根据本保险合同约定给付保险金的除外。 投保人解除本保险合同时，应提供下列证明文件和资料： （一）保险合同解除申请书； （二）保险单原件； （三）保险费交付凭证； （四）投保人身份证明。 投保人要求解除本保险合同，自保险人接到保险合同解'}, {'content': '人向投保人提 供的投保单应当附格式条款，保险人应当向投保人说明本附加保险合同的内容。对保险合同 中免除保险人责任的条款，保险人在订立合同时应当在投保单、保险单或者其他保险凭证上 做出足以引起投保人注意的提示，并对该条款的内容以书面或者口头形式向投保人做出明确 说明。未作提示或者明确说明的，该条款不产生效力。 第十四条 本保险合同成立后，保险人应当及时向投保人签发保险单或其他保险凭证。 第十五条 保险人按照本保险合同的约定，认为被保险人提供的有关索赔的证明和资料 不完整的，应当及时一次性通知投保人、被保险人补充提供。 第十六条 保险人收到被保险人的给付保险金的请求后，应当及时作出是否属于保险责 任的核定；情形复杂的，保险人将在确定是否属于保险责任的基本材料收集齐全后，尽快做 出核定。 保险人应当将核定结果通知被保险人；对属于保险责任的，在与被保险人达成给付保险 金的协议后十日内，履行给付保险'}, {'content': '保险人不承担任何责任。 投保人指定或变更身故保险金受益人的，应经被保险人书面同意。被保险人为无民事行 为能力人或限制民事行为能力人的，应由其监护人指定或变更身故保险金受益人。 （二）伤残或医疗保险金受益人 除另有约定外，本保险合同的伤残或医疗保险金的受益人为被保险人本人。 第五条 本保险合同仅限于互联网渠道销售。 保险责任 第六条 本保险合同的保险责任分为“必选责任”及“可选责任”。投保人在已投保“必 选责任”的前提下，可以投保“可选责任”，若投保人未投保“必选责任”，则不得投保“可 选责任”。保险责任由投保人在投保时与保险人协商确定，并在保险合同中载明。 第七条 保险期间内，被保险人以乘客身份乘坐民航客机或商业营运的火车、轮船、汽 车期间因遭受意外伤害事故导致身故、伤残或医疗费用支出的，保险人依照下列约定承担保 险责任，且身故保险金和伤残保险金累计给付不超过各项意外伤害保险金额，医疗保险'}, {'content': '无对应取值。'}]","24, 25, 44, 52, 54, 62"
平安安居尊享家财险,产品：平安安居尊享家财险	问题：这个保险产品承保哪些类型的家庭财产？,"根据平安安居尊享家财险的相关条款，该保险产品承保的家庭财产主要包括以下类别：

**一、房屋主体及装修**
- 房屋主体结构、围护结构（包括墙体、门、窗等）
- 房屋装修：固定装置的水暖、气暖、卫生、供水、管道煤气及供电设备、吊顶、墙面涂料等固定硬装修

**二、室内财产**
1. **家用电器**
   - 普通家用电器（包括安装在房屋外的空调器、太阳能热水器等室外设备）
   - 便携式家用电器：便携式电脑、移动电话、随身听、数码播放器、电动剃须刀、照相机、摄像机

2. **日常用品**
   - 床上用品、衣物、鞋帽、箱包、手表
   - 家具

3. **文体娱乐用品**
   - 文具、书籍、球具、棋牌等

4. **其他财产**
   - 经投保人申请且保险人书面同意承保的其他家庭财产

**三、特别说明**
- 本保险还承保因盗抢、水暖管爆裂等意外事件造成的上述财产损失
- 具体承保范围以保险单载明为准

**不承保财产**：金银珠宝、货币、有价证券、古玩、文件账册、动植物、违章建筑、生产经营用财产等无法鉴定价值或特定性质的财产。","[{'content': '中国平安财产保险股份有限公司 平安附加家庭财产盗抢损失保险条款 注册号：C00001732122018052817852 总则 第一条 本附加保险合同须附加于各种家庭财产保险（以下简称“主保险合同”）。主保 险合同所附条款、投保单、保险单、保险凭证以及批单等，凡与本附加保险合同相关者， 均为本附加保险合同的构成部分。凡涉及本附加保险合同的约定，均应采用书面形式。 若主保险合同与本附加保险合同的条款互有冲突，则以本附加保险合同的条款为准。 本附加保险合同未尽事宜，以主保险合同的条款规定为准。 保险标的 第二条 本附加保险合同的保险标的包括： （一）家用电器，包括： 1．普通家用电器（包括安装在房屋外的空调器和太阳能热水器等家用电器的室外设 备）； 2．便携式家用电器：包括便携式电脑、移动电话、随声听、数码播放器、电动剃须 刀、照相机、摄像机； （二）床上用品、衣物、鞋帽、箱包； （三）家具；'}, {'content': '门、窗等。 【房屋装修】指房屋装潢中固定的、不能移动的硬装修，如固定装置的水暖、气暖、卫生、 供水、管道煤气及供电设备、吊顶、墙面涂料等。 【室内财产】包括（1）普通家用电器（包括安装在房屋外的空调器和太阳能热水器等家 用电器的室外设备）；（2）便携式家用电器（包括便携式电脑、移动电话、随身听、数码播 放器、电动剃须刀、照相机、摄像机）；（3）床上用品、衣物、鞋帽、箱包、手表；（4）家具； （5）文体娱乐用品，包括文具、书籍、球具、棋牌；（6）投保人申请且经保险人书面同意承 保的其他家庭财产。 【家庭成员】指与被保险人存在法律上的亲属关系的人员。 【暂居人员】指居住于标的房屋内超过五日的人员。 【间接损失】指有形财产的直接损坏、损毁后，进而造成的收益的减少或损失、价值的降 4 低以及支出的增加等后果损失。 【全部损失】指保险标的整体损毁，或保险标的的修复费用达到或超过出险当时的实际 价值，'}, {'content': '结构、围护结构，但不包括独立于房屋主体之外的车库、围 墙等附属建筑物。其中，围护结构是指围合建筑空间四周的墙体、门、窗等。 【房屋装修】指房屋装潢中固定的、不能移动的硬装修，如固定装置的水暖、气暖、卫生、 供水、管道煤气及供电设备、吊顶、墙面涂料等。 【室内财产】包括（1）普通家用电器（包括安装在房屋外的空调器和太阳能热水器等家 用电器的室外设备）；（2）便携式家用电器（包括便携式电脑、移动电话、随身听、数码播 放器、电动剃须刀、照相机、摄像机）；（3）床上用品、衣物、鞋帽、箱包、手表；（4）家具； （5）文体娱乐用品，包括文具、书籍、球具、棋牌；（6）投保人申请且经保险人书面同意承 保的其他家庭财产。 【家庭成员】指与被保险人存在法律上的亲属关系的人员。 【暂居人员】指居住于标的房屋内超过五日的人员。 4 【间接损失】指有形财产的直接损坏、损毁后，进而造成的收益的减少或损失、价值的降 低'}, {'content': '中国平安财产保险股份有限公司 平安水暖管爆裂损失费用补偿保险条款 注册号：C00001732112019112800111 总则 第一条 本保险合同由保险条款、投保单、保险单、保险凭证以及批单等组成，凡涉及 本保险合同的约定，均应采用书面形式。 第二条 本保险合同的被保险人应为自然人。 第三条 本保险合同的投保人应为具有完全民事行为能力的自然人。 第四条 本保险合同的保险标的包括由被保险人所有的房屋主体、房屋装修、室内财 产 及其他经投保人申请且经保险人书面同意承保的其他家庭财产，具 体 承保 的 家 庭财 产 以保单载明为准。 第五条 下列财产不属于本保险合同的保险标的： （一）金银、首饰、珠宝、货币、有价证券、票证、邮票、古玩、文件、账册、技术资料、 图表、动植物以及其他无法鉴定价值的财产； （二）违章建筑、危险建筑、非法占有的财产； （三）用于生产经营的财产； （四）其他保险单中载明'}, {'content': '屋外的空调器和太阳能热水器等家用电器的室外设 备）； 2．便携式家用电器：包括便携式电脑、移动电话、随声听、数码播放器、电动剃须 刀、照相机、摄像机； （二）床上用品、衣物、鞋帽、箱包； （三）家具； （四）文体娱乐用品，包括文具、书籍、球具、棋牌； （五）门、窗、锁； （六）现金、金银珠宝、首饰、手表； （七）经投保人申请且经保险人书面同意承保的其他家庭财产。 保险责任 第 三条 保险期间内，保险人承担以下赔偿责任：（一）位于 保险单所载明地址的房 屋内的保险标的因遭受经公安部门确认的外部人员的入室抢劫行为或有明显现场痕迹的盗 窃行为而丢失，自公安部门认定的案发之日起六十天内，被盗抢的保险标的仍未查获的， 对于丢失保险标的的直接损失，保险人按本附加保险合同的约定负责赔偿。 （二）位于保险单所载明地址的房屋内的保险标的在遭受经公安部门确认的外部人员 的入室抢劫或有明显现场痕迹的盗窃过程中被'}, {'content': '家庭财产。 【家庭成员】指与被保险人存在法律上的亲属关系的人员。 【暂居人员】指居住于标的房屋内超过五日的人员。 4 【间接损失】指有形财产的直接损坏、损毁后，进而造成的收益的减少或损失、价值的降 低以及支出的增加等后果损失。 【全部损失】指保险标的整体损毁，或保险标的的修复费用与施救费用之和达到或超过 出险当时的实际价值，保险人可推定全损。 【火灾】在时间或空间上失去控制的燃烧所造成的灾害。构成本保险的火灾责任必须同时 具备以下三个条件： 1．有燃烧现象，即有热有光有火焰； 2．偶然、意外发生的燃烧； 3．燃烧失去控制并有蔓延扩大的趋势。 因此，仅有燃烧现象并不等于构成本保险中的火灾责任。在生产、生活中有目的 用火，如为了防疫而焚毁沾污的衣物，点火烧荒等属正常燃烧，不同于火灾责任。 因烘、烤、烫、烙造成焦糊变质等损失，既无燃烧现象，又无蔓延扩大趋势，也不 属于火灾责任。 电机、电器、电气'}, {'content': '位于保险单所载明地址的房屋内的保险标的因遭受经公安部门确认的外部人员的入室抢劫行为或有明显现场痕迹的盗窃行为而丢失或损坏，自公安部门认定的案发之日起六十天内，被盗抢的保险标的仍未查获或被保险人仍未从盗抢人处获得赔偿的，对于丢失或损坏保险标的的直接损失，保险人按本附加保险合同的约定负责赔偿。'}, {'content': '火灾、爆炸；空中运行物体坠落、外界物体倒塌；台风、暴风、暴雨、龙卷风、雷击、洪水、冰雹、暴雪、崩塌、冰凌、突发性滑坡、泥石流、地面突然下陷下沉、地震、海啸等自然灾害造成的损失。'}, {'content': '第三者人身伤害责任、第三者财产损失责任、法律费用责任'}, {'content': '无对应取值。'}, {'content': '保险期间内，被保险房屋内及周边区域（楼上住户、隔壁邻居、业主共有部分）的水暖管突然爆裂导致的水浸、腐蚀损失，以及因此产生的水暖管修复费用和被保险人为防止或减少损失所支付的必要、合理费用，保险人按合同约定负责赔偿。保险标的包括家用电器的室外设备、便携式家用电器、床上用品、衣物、鞋帽、箱包、手表、家具、文体娱乐用品及其他经保险人书面同意承保的家庭财产。'}]","1, 14, 16, 17, 37, 38"
平安安居尊享家财险,产品：平安安居尊享家财险	问题：水暖管爆裂造成的哪些损失可以获得赔偿？,"根据平安安居尊享家财险条款，水暖管爆裂造成的以下损失可以获得赔偿：

**一、直接损失赔偿范围：**
1. 房屋装修损失
   - 固定装置的水暖、气暖、卫生、供水、管道煤气及供电设备
   - 吊顶、墙面涂料等固定硬装修

2. 室内财产损失
   - 普通家用电器（包括空调器、太阳能热水器等室外设备）
   - 便携式家用电器（电脑、手机、相机等）
   - 床上用品、衣物、鞋帽、箱包、手表
   - 家具
   - 文体娱乐用品

**二、相关费用赔偿：**
1. 水暖管修复费用
2. 为防止或减少损失所支付的必要、合理施救费用

**三、保障区域范围：**
- 被保险房屋内
- 楼上住户
- 隔壁邻居家
- 属于业主共有部分的水暖管爆裂造成的损失

**※ 重要免责事项：**
- 水暖管保质期内应由厂商承担的费用不予赔偿
- 任何间接损失不予赔偿
- 擅自改变原管道设计用途造成的损失不予赔偿

具体赔偿范围和金额以保单载明为准，建议查看个人保单明细或咨询平安保险客服获取准确信息。","[{'content': '门、窗等。 【房屋装修】指房屋装潢中固定的、不能移动的硬装修，如固定装置的水暖、气暖、卫生、 供水、管道煤气及供电设备、吊顶、墙面涂料等。 【室内财产】包括（1）普通家用电器（包括安装在房屋外的空调器和太阳能热水器等家 用电器的室外设备）；（2）便携式家用电器（包括便携式电脑、移动电话、随身听、数码播 放器、电动剃须刀、照相机、摄像机）；（3）床上用品、衣物、鞋帽、箱包、手表；（4）家具； （5）文体娱乐用品，包括文具、书籍、球具、棋牌；（6）投保人申请且经保险人书面同意承 保的其他家庭财产。 【家庭成员】指与被保险人存在法律上的亲属关系的人员。 【暂居人员】指居住于标的房屋内超过五日的人员。 【间接损失】指有形财产的直接损坏、损毁后，进而造成的收益的减少或损失、价值的降 4 低以及支出的增加等后果损失。 【全部损失】指保险标的整体损毁，或保险标的的修复费用达到或超过出险当时的实际 价值，'}, {'content': '中国平安财产保险股份有限公司 平安水暖管爆裂损失费用补偿保险条款 注册号：C00001732112019112800111 总则 第一条 本保险合同由保险条款、投保单、保险单、保险凭证以及批单等组成，凡涉及 本保险合同的约定，均应采用书面形式。 第二条 本保险合同的被保险人应为自然人。 第三条 本保险合同的投保人应为具有完全民事行为能力的自然人。 第四条 本保险合同的保险标的包括由被保险人所有的房屋主体、房屋装修、室内财 产 及其他经投保人申请且经保险人书面同意承保的其他家庭财产，具 体 承保 的 家 庭财 产 以保单载明为准。 第五条 下列财产不属于本保险合同的保险标的： （一）金银、首饰、珠宝、货币、有价证券、票证、邮票、古玩、文件、账册、技术资料、 图表、动植物以及其他无法鉴定价值的财产； （二）违章建筑、危险建筑、非法占有的财产； （三）用于生产经营的财产； （四）其他保险单中载明'}, {'content': '浸、腐蚀发生的损失，保险人按本保险合同约定负责赔偿。 第七条 保险事故发生后，被保险人为防止或减少保险标的的损失所支付的必要的、 合理的费用，保险人按照本保险合同的约定负责赔偿。 责任免除 第八条 由于下列原因造成的损失，保险人不承担赔偿责任： （一）投保人、被保险人及其家庭成员、家庭雇佣人员、暂居人员的故意或重大过 失行为； （二）战争、军事行动、暴动或武装叛乱； （三）核辐射、核爆炸、核污染及其他放射性污染； （四）地震、海啸，及其次生灾害； 1 （五）行政行为或司法行为； （六）擅自改变原管道设计用途。 第九条 下列损失、费用，保险人不承担赔偿责任： （ 一 ） 在 水暖 管 保 质期 内 ， 应由 生 产 厂商 或 销 售商 承 担 的水 暖 管 更换 费 用 以及 其应承担赔偿责任的其他财产损失； （二）任何间接损失。 第 十条 每次 事故免赔 额（率） 由 投保 人 与 保险人'}, {'content': '家庭财产。 【家庭成员】指与被保险人存在法律上的亲属关系的人员。 【暂居人员】指居住于标的房屋内超过五日的人员。 4 【间接损失】指有形财产的直接损坏、损毁后，进而造成的收益的减少或损失、价值的降 低以及支出的增加等后果损失。 【全部损失】指保险标的整体损毁，或保险标的的修复费用与施救费用之和达到或超过 出险当时的实际价值，保险人可推定全损。 【火灾】在时间或空间上失去控制的燃烧所造成的灾害。构成本保险的火灾责任必须同时 具备以下三个条件： 1．有燃烧现象，即有热有光有火焰； 2．偶然、意外发生的燃烧； 3．燃烧失去控制并有蔓延扩大的趋势。 因此，仅有燃烧现象并不等于构成本保险中的火灾责任。在生产、生活中有目的 用火，如为了防疫而焚毁沾污的衣物，点火烧荒等属正常燃烧，不同于火灾责任。 因烘、烤、烫、烙造成焦糊变质等损失，既无燃烧现象，又无蔓延扩大趋势，也不 属于火灾责任。 电机、电器、电气'}, {'content': '珠宝、货币、有价证券、票证、邮票、古玩、文件、账册、技术资料、 图表、动植物以及其他无法鉴定价值的财产； （二）违章建筑、危险建筑、非法占有的财产； （三）用于生产经营的财产； （四）其他保险单中载明的不属于保障范围的财产； （五）其他不属于第四条所列范围的财产。 保险责任 第六条 保险期间内，被保险房屋内自来水管道、暖气管道（含暖气片）、下水管道、 太阳能热水器室内外管道、以及连接管道的阀门（以下简称“水暖管”）突然爆裂，对于因 此产生的水暖管修复费用，保险人按本保险合同的约定负责赔偿。 保险期间内，被保险房屋内、楼上住户、隔壁邻居家以及属于业主共有部分的水暖管突 然爆裂，导致保险标的遭受水浸、腐蚀发生的损失，保险人按本保险合同约定负责赔偿。 第七条 保险事故发生后，被保险人为防止或减少保险标的的损失所支付的必要的、 合理的费用，保险人按照本保险合同的约定负责赔偿。 责任免除 第八条 由'}, {'content': '人承担的补偿责任，保险人 按照本保险合同约定负责赔偿。 （二）第三者财产损失责任 保险期间内，在保险单载明的房屋内（包括房屋专属的天台、庭院），因发生下列意外 事故导致第三者财产损失的，依照中华人民共和国法律（不包括港澳台地区法律）应由被保 险人承担的经济赔偿责任，保险人按照本保险合同约定负责赔偿。 1．房屋内的物体（包括安装在房屋外的空调和太阳能热水器等家用电器的室外设备） 发生高空坠落； 2．房屋内自来水管道、暖气管道（含暖气片）、下水管道以及太阳能热水器室内外管道 因高压、碰撞、严寒、高温导致爆裂； 3．房屋内发生火灾、爆炸； 4．在房屋内发生的其他意外事故。 保险单载明的房屋所在建筑物发生高空抛物或高空坠物事故造成第三者财产损失，难以 确定具体侵权人的，对于人民法院依法作出生效判决需由被保险人承担的补偿责任，保险人 按照本保险合同约定负责赔偿。 （三）法律费用责任 上述第（一）或（'}, {'content': '位于保险单所载明地址的房屋内的保险标的因遭受经公安部门确认的外部人员的入室抢劫行为或有明显现场痕迹的盗窃行为而丢失或损坏，自公安部门认定的案发之日起六十天内，被盗抢的保险标的仍未查获或被保险人仍未从盗抢人处获得赔偿的，对于丢失或损坏保险标的的直接损失，保险人按本附加保险合同的约定负责赔偿。'}, {'content': '火灾、爆炸；空中运行物体坠落、外界物体倒塌；台风、暴风、暴雨、龙卷风、雷击、洪水、冰雹、暴雪、崩塌、冰凌、突发性滑坡、泥石流、地面突然下陷下沉、地震、海啸等自然灾害造成的损失。'}, {'content': '第三者人身伤害责任、第三者财产损失责任、法律费用责任'}, {'content': '无对应取值。'}, {'content': '保险期间内，被保险房屋内及周边区域（楼上住户、隔壁邻居、业主共有部分）的水暖管突然爆裂导致的水浸、腐蚀损失，以及因此产生的水暖管修复费用和被保险人为防止或减少损失所支付的必要、合理费用，保险人按合同约定负责赔偿。保险标的包括家用电器的室外设备、便携式家用电器、床上用品、衣物、鞋帽、箱包、手表、家具、文体娱乐用品及其他经保险人书面同意承保的家庭财产。'}]","1, 2, 3, 14, 38, 46"
平安安居尊享家财险,产品：平安安居尊享家财险	问题：哪些财产明确不在保障范围内？,"根据平安安居尊享家财险条款，以下财产明确不在保障范围内：

**一、不予承保的财产类别**
1. 贵重及无法鉴定价值财产：金银、首饰、珠宝、货币、有价证券、票证、邮票、古玩、文件、账册、技术资料、图表、动植物等
2. 特殊性质财产：违章建筑、危险建筑、非法占有的财产
3. 生产经营用途财产
4. 保险单中特别载明不承保的财产

**二、特定情况下的损失除外**
1. 盗抢相关除外情形：
   - 窗外钩物行为、无明显现场痕迹的盗窃
   - 因未锁房门导致的盗窃损失
   - 家庭成员、雇佣人员、暂居人员实施的盗抢行为
   - 无人居住看管超过60天发生的盗窃损失
   - 房屋外财产盗抢损失（除空调外机等特定设备）

2. 其他责任免除情形：
   - 故意或重大过失行为导致的损失
   - 自然灾害除外：地震、海啸及其次生灾害
   - 战争、核辐射等不可抗力因素
   - 财产自身问题：自然损耗、变质、虫咬等
   - 间接损失及水管爆裂等特定情况损失

建议投保时仔细阅读保险单中特别约定的除外财产清单，以确保准确理解保障范围。","[{'content': '有价证券、票证、邮票、古玩、文件、账册、技术资料、 图表、动植物以及其他无法鉴定价值的财产； （二）违章建筑、危险建筑、非法占有的财产； （三）用于生产经营的财产； （四）其他保险单中载明的不属于保障范围的财产； （五）其他不属于第四条所列范围的财产。 第六条 保险期间内，保险标的在保险单载明的地址内由于下列原因发生的损失，保 保险责任 险人按照本保险合同的约定负责赔偿： （一）火灾、爆炸，包括但不限于： 1．家庭燃气用具、电器、用电线路以及其他内部或外部火源引起的火灾； 2．家庭燃气用具、液化气罐以及燃气泄露引起的爆炸； （二）空中运行物体坠落、外界物体倒塌； （三）台风、暴风、暴雨、龙卷风、雷击、洪水、冰雹、暴雪、崩塌、冰凌、突发性滑坡、泥石流 和自然灾害引起地面突然下陷下沉。 第七条 保险事故发生后，被保险人为防止或减少保险标的的损失所支付的必要的、 合理的费用，保险人按照本保险合同'}, {'content': '中国平安财产保险股份有限公司 平安家庭财产保险条款 注册号：C00001732112019121811592 总则 第一条 本保险合同由保险条款、投保单、保险单、保险凭证以及批单等组成，凡涉及 本保险合同的约定，均应采用书面形式。 第二条 本保险合同的被保险人应为自然人。 第三条 本保险合同的投保人应为具有完全民事行为能力的自然人。 第四条 本保险合同可以承保的家庭财产包括由被保险人所有的房屋主体、房屋装修、 室内 财产 及其他经投保人申请且经保险人书面同意承保的其他家庭财产，具 体承保的 家 庭财产以保单载明为准。 第五条 下列财产不属于本保险合同的保险标的： （一）金银、首饰、珠宝、货币、有价证券、票证、邮票、古玩、文件、账册、技术资料、 图表、动植物以及其他无法鉴定价值的财产； （二）违章建筑、危险建筑、非法占有的财产； （三）用于生产经营的财产； （四）其他保险单中载明的不属于保障'}, {'content': '结构、围护结构，但不包括独立于房屋主体之外的车库、围 墙等附属建筑物。其中，围护结构是指围合建筑空间四周的墙体、门、窗等。 【房屋装修】指房屋装潢中固定的、不能移动的硬装修，如固定装置的水暖、气暖、卫生、 供水、管道煤气及供电设备、吊顶、墙面涂料等。 【室内财产】包括（1）普通家用电器（包括安装在房屋外的空调器和太阳能热水器等家 用电器的室外设备）；（2）便携式家用电器（包括便携式电脑、移动电话、随身听、数码播 放器、电动剃须刀、照相机、摄像机）；（3）床上用品、衣物、鞋帽、箱包、手表；（4）家具； （5）文体娱乐用品，包括文具、书籍、球具、棋牌；（6）投保人申请且经保险人书面同意承 保的其他家庭财产。 【家庭成员】指与被保险人存在法律上的亲属关系的人员。 【暂居人员】指居住于标的房屋内超过五日的人员。 4 【间接损失】指有形财产的直接损坏、损毁后，进而造成的收益的减少或损失、价值的降 低'}, {'content': '在本附加保险合同下承担的赔偿金额累计以保险单载明的保险金额为限 。 责任免除 第四条 由于下列原因造成的损失，保险人不负责赔偿： （一）保险标的因窗外钩物行为、无明显现场痕迹的盗窃行为所致的损失； （二）因未锁房门致使保险标的遭受盗窃的损失； （ 三 ）被 保 险 人的 家 庭 成员 、 家 庭 雇 佣 人 员、 暂 居 人员 盗 抢 或者 纵 容 他人 盗 抢 而造成保险标的的损失； （ 四 ）保 险 标 的 在 存 放处 所 无 人居 住 或 无人 看 管 超过 六 十 天 的情 况 下 遭受 的 盗 窃损失； （五）不属于本附加保险合同保险标的范围内的财产遭受的盗抢损失； （ 六 ） 保 险 标的 在 保 险 单所 载 明 的保 险 地 址 的 房 屋外 遭 受 的盗 抢 损 失 ， 但 安装 在房屋外的空调器和太阳能热水器等家用电器的室外设备除外。 第 五条 本附加保险合同的保险金'}, {'content': '屋外的空调器和太阳能热水器等家用电器的室外设 备）； 2．便携式家用电器：包括便携式电脑、移动电话、随声听、数码播放器、电动剃须 刀、照相机、摄像机； （二）床上用品、衣物、鞋帽、箱包； （三）家具； （四）文体娱乐用品，包括文具、书籍、球具、棋牌； （五）门、窗、锁； （六）现金、金银珠宝、首饰、手表； （七）经投保人申请且经保险人书面同意承保的其他家庭财产。 保险责任 第 三条 保险期间内，保险人承担以下赔偿责任：（一）位于 保险单所载明地址的房 屋内的保险标的因遭受经公安部门确认的外部人员的入室抢劫行为或有明显现场痕迹的盗 窃行为而丢失，自公安部门认定的案发之日起六十天内，被盗抢的保险标的仍未查获的， 对于丢失保险标的的直接损失，保险人按本附加保险合同的约定负责赔偿。 （二）位于保险单所载明地址的房屋内的保险标的在遭受经公安部门确认的外部人员 的入室抢劫或有明显现场痕迹的盗窃过程中被'}, {'content': '门、窗等。 【房屋装修】指房屋装潢中固定的、不能移动的硬装修，如固定装置的水暖、气暖、卫生、 供水、管道煤气及供电设备、吊顶、墙面涂料等。 【室内财产】包括（1）普通家用电器（包括安装在房屋外的空调器和太阳能热水器等家 用电器的室外设备）；（2）便携式家用电器（包括便携式电脑、移动电话、随身听、数码播 放器、电动剃须刀、照相机、摄像机）；（3）床上用品、衣物、鞋帽、箱包、手表；（4）家具； （5）文体娱乐用品，包括文具、书籍、球具、棋牌；（6）投保人申请且经保险人书面同意承 保的其他家庭财产。 【家庭成员】指与被保险人存在法律上的亲属关系的人员。 【暂居人员】指居住于标的房屋内超过五日的人员。 【间接损失】指有形财产的直接损坏、损毁后，进而造成的收益的减少或损失、价值的降 4 低以及支出的增加等后果损失。 【全部损失】指保险标的整体损毁，或保险标的的修复费用达到或超过出险当时的实际 价值，'}, {'content': '保险标的因窗外钩物行为、无明显现场痕迹的盗窃行为所致的损失；因未锁房门导致的盗窃损失；被保险人家庭成员、家庭雇佣人员、暂居人员盗抢或纵容他人盗抢造成的损失；保险标的在存放处无居住或无人看管超过六十天的盗窃损失；不属于保险标的范围内的财产盗抢损失；保险标的在保险单所载地址房屋外的盗抢损失（安装在房屋外的空调器和太阳能热水器等家用电器的室外设备除外）。'}, {'content': '投保人、被保险人及其家庭成员、家庭雇佣人员、暂居人员的故意或重大过失行为；战争、军事行动、暴动或武装叛乱；核辐射、核爆炸、核污染及其他放射性污染；地震、海啸，及其次生灾害；行政行为或司法行为；家用电器因超电压、碰线、漏电、自身发热等原因所造成的自身损毁，但发生燃烧造成火灾的除外；保险标的因自身缺陷、变质、霉烂、受潮、虫咬、自然磨损，或保管不善所导致的损失；保险标的在保险单载明地址的房屋外遭受的损失，但安装在房屋外的空调器和太阳能热水器等家用电器的室外设备除外；间接损失；仅因烘、烤、烫、烙造成的焦糊变质损失；正常燃烧；电机、电器、电气设备因超电压、碰线、孤花、漏电、自身发热造成的本身损毁；物体本身瑕疵、使用损耗或产品质量低劣造成的损失；容器内部承受负压造成的损失；规律性的涨潮；自动灭火设施漏水；常年水位以下或地下渗水；水管爆裂；未按建筑施工要求导致建筑地基下沉、裂缝、倒塌等。'}, {'content': '投保人、被保险人及其家庭成员、家庭雇佣人员、暂居人员的故意行为、重大过失行为或者犯罪行为；战争、敌对行动、军事行为、武装冲突、罢工、骚乱、暴动、恐怖活动；核辐射、核爆炸、核污染及其他放射性污染；大气污染、土地污染、水污染及其他各种污染；行政行为或司法行为；被保险人侵害第三者姓名权、名称权、肖像权、名誉权、荣誉权以及个人隐私的行为；被保险人及其家庭成员、家庭雇佣人员、暂居人员的人身伤亡及其所有、租用或保管的财产的损失；被保险人应该承担的合同责任，但无合同存在时仍然应由被保险人承担的经济赔偿责任不在此限；罚款、罚金及惩罚性赔偿；精神损害赔偿；间接损失以及被保险人或其家庭成员、家庭雇佣人员、暂居人员私自承诺支付的费用；投保人、被保险人在投保之前已经知道或可以合理预见的索赔情况；被保险人所有、管理的机动车辆或船舶对第三者造成的人身伤害和财产损失；致害人在精神错乱、神智不清、意识不清等不能辨认自己行为或者不能控制自己行为状态下造成的第三者人身伤害和财产损失，不论该状态由何原因（包括但不限于疾病、服用药品或毒品、醉酒等）引起；被保险人饲养的宠物对第三者造成的人身伤害和财产损失；其他不属于本保险责任'}, {'content': '无对应取值。'}, {'content': '由于下列原因造成的损失，保险人不承担赔偿责任：投保人、被保险人及其家庭成员、家庭雇佣人员、暂居人员的故意或重大过失行为；战争、军事行动、暴动或武装叛乱；核辐射、核爆炸、核污染及其他放射性污染；地震、海啸，及其次生灾害；行政行为或司法行为；擅自改变原管道设计用途。下列损失、费用，保险人不承担赔偿责任：在水暖管保质期内，应由生产厂商或销售商承担的水暖管更换费用以及其他应承担赔偿责任的其他财产损失；任何间接损失。'}]","14, 17, 19, 24, 25, 37"
平安安居尊享家财险,产品：平安安居尊享家财险	问题：投保这个保险需要满足什么条件？,"根据平安安居尊享家财险条款，投保需满足以下条件：

1. **投保人资格**：
   - 必须为具有完全民事行为能力的自然人

2. **被保险人资格**：
   - 必须为自然人
   - 需要对保险单载明的房屋具有产权权利

3. **保险标的要求**：
   - 承保房屋需明确约定地址、房屋结构等信息并在保险单中载明
   - 可承保的家庭财产包括：
     - 被保险人所有的房屋主体
     - 房屋装修
     - 室内财产
     - 其他经投保人申请且保险人书面同意承保的家庭财产

4. **除外财产**（不可投保）：
   - 金银、首饰、珠宝、货币、有价证券等无法鉴定价值的财产
   - 违章建筑、危险建筑、非法占有的财产
   - 用于生产经营的财产
   - 保险单中载明的不属于保障范围的其他财产

需要注意的是，投保时需要提供准确的房屋信息，且被保险人对投保房屋必须具有合法的产权权利。","[{'content': '退还保险费。保险责任开始后，投保人要求解除合同的，保险人应当 将已收取的保险费，按照合同约定扣除自保险责任开始之日起至合同解除之日止应收的部 分后，退还投保人。保险人收到上述证明文件和资料之日起三十天内退还保险单的保单的 现金价值。 释义 【保险单载明的房屋】投保人与保险人应就具体房屋（需载明地址、房屋结构等信息） 进行约定，并在保险单中载明；被保险人应对保险单载明的房屋具有产权权利。 【家庭成员】指配偶、父母、子女，以及共同生活的兄弟姐妹、祖父母、外祖父母、孙 子女、外孙子女。 【家庭雇佣人员】指自身的体力或脑力劳动，完成被保险人家庭所要求的日常家庭生活 事务，并收取劳动报酬的人员，包括钟点工、半天工、全天工、全天寄宿工等。 【暂居人员】指在被保险房屋内居住超过五天的人。 【故意行为】指明知道自己的行为会发生导致他人的人身伤亡或财产损失的结果，但仍 希望或放任这种结果发生的行为。 【每次'}, {'content': '中国平安财产保险股份有限公司 平安家庭财产保险条款 注册号：C00001732112019121811592 总则 第一条 本保险合同由保险条款、投保单、保险单、保险凭证以及批单等组成，凡涉及 本保险合同的约定，均应采用书面形式。 第二条 本保险合同的被保险人应为自然人。 第三条 本保险合同的投保人应为具有完全民事行为能力的自然人。 第四条 本保险合同可以承保的家庭财产包括由被保险人所有的房屋主体、房屋装修、 室内 财产 及其他经投保人申请且经保险人书面同意承保的其他家庭财产，具 体承保的 家 庭财产以保单载明为准。 第五条 下列财产不属于本保险合同的保险标的： （一）金银、首饰、珠宝、货币、有价证券、票证、邮票、古玩、文件、账册、技术资料、 图表、动植物以及其他无法鉴定价值的财产； （二）违章建筑、危险建筑、非法占有的财产； （三）用于生产经营的财产； （四）其他保险单中载明的不属于保障'}, {'content': '门、窗等。 【房屋装修】指房屋装潢中固定的、不能移动的硬装修，如固定装置的水暖、气暖、卫生、 供水、管道煤气及供电设备、吊顶、墙面涂料等。 【室内财产】包括（1）普通家用电器（包括安装在房屋外的空调器和太阳能热水器等家 用电器的室外设备）；（2）便携式家用电器（包括便携式电脑、移动电话、随身听、数码播 放器、电动剃须刀、照相机、摄像机）；（3）床上用品、衣物、鞋帽、箱包、手表；（4）家具； （5）文体娱乐用品，包括文具、书籍、球具、棋牌；（6）投保人申请且经保险人书面同意承 保的其他家庭财产。 【家庭成员】指与被保险人存在法律上的亲属关系的人员。 【暂居人员】指居住于标的房屋内超过五日的人员。 【间接损失】指有形财产的直接损坏、损毁后，进而造成的收益的减少或损失、价值的降 4 低以及支出的增加等后果损失。 【全部损失】指保险标的整体损毁，或保险标的的修复费用达到或超过出险当时的实际 价值，'}, {'content': '保人解除本保险合同时，应提供下列证明文件和资料： （一）保险合同解除申请书； （二）保险单； （三）保险费交付凭证； （四）投保人身份证明。 投 保 人要 求 解 除本 保 险 合同 ， 自 保险 人 接 到保 险 合 同解 除 申 请书 之 时 起， 本 保 险合同的效力终止。保险人收到上述证明文件和资料之日起三十日内退还保险单的未 满期保费。 释义 【水暖管】包括自来水管道、暖气管道（含暖气片）、下水管道、太阳能热水器室内外管道、 以及连接管道的阀门。 【房屋主体】指房屋主体承重结构、围护结构，但不包括独立于房屋主体之外的车库、围 墙等附属建筑物。其中，围护结构是指围合建筑空间四周的墙体、门、窗等。 【房屋装修】指房屋装潢中固定的、不能移动的硬装修，如固定装置的水暖、气暖、卫生、 供水、管道煤气及供电设备、吊顶、墙面涂料等。 【室内财产】包括（1）普通家用电器（包括安装在房屋外的空调器'}, {'content': '结构、围护结构，但不包括独立于房屋主体之外的车库、围 墙等附属建筑物。其中，围护结构是指围合建筑空间四周的墙体、门、窗等。 【房屋装修】指房屋装潢中固定的、不能移动的硬装修，如固定装置的水暖、气暖、卫生、 供水、管道煤气及供电设备、吊顶、墙面涂料等。 【室内财产】包括（1）普通家用电器（包括安装在房屋外的空调器和太阳能热水器等家 用电器的室外设备）；（2）便携式家用电器（包括便携式电脑、移动电话、随身听、数码播 放器、电动剃须刀、照相机、摄像机）；（3）床上用品、衣物、鞋帽、箱包、手表；（4）家具； （5）文体娱乐用品，包括文具、书籍、球具、棋牌；（6）投保人申请且经保险人书面同意承 保的其他家庭财产。 【家庭成员】指与被保险人存在法律上的亲属关系的人员。 【暂居人员】指居住于标的房屋内超过五日的人员。 4 【间接损失】指有形财产的直接损坏、损毁后，进而造成的收益的减少或损失、价值的降 低'}, {'content': '家庭财产。 【家庭成员】指与被保险人存在法律上的亲属关系的人员。 【暂居人员】指居住于标的房屋内超过五日的人员。 4 【间接损失】指有形财产的直接损坏、损毁后，进而造成的收益的减少或损失、价值的降 低以及支出的增加等后果损失。 【全部损失】指保险标的整体损毁，或保险标的的修复费用与施救费用之和达到或超过 出险当时的实际价值，保险人可推定全损。 【火灾】在时间或空间上失去控制的燃烧所造成的灾害。构成本保险的火灾责任必须同时 具备以下三个条件： 1．有燃烧现象，即有热有光有火焰； 2．偶然、意外发生的燃烧； 3．燃烧失去控制并有蔓延扩大的趋势。 因此，仅有燃烧现象并不等于构成本保险中的火灾责任。在生产、生活中有目的 用火，如为了防疫而焚毁沾污的衣物，点火烧荒等属正常燃烧，不同于火灾责任。 因烘、烤、烫、烙造成焦糊变质等损失，既无燃烧现象，又无蔓延扩大趋势，也不 属于火灾责任。 电机、电器、电气'}, {'content': '无对应取值。'}]","13, 14, 24, 37, 38, 60"
平安安居尊享家财险,产品：平安安居尊享家财险	问题：如果楼上邻居家的水管爆裂导致我家被淹，保险公司会赔吗？,"根据平安安居尊享家财险的保险条款，如果楼上邻居家的水管爆裂导致您家被淹，保险公司会按照合同约定进行赔偿。

具体依据如下：

1. **保险责任范围**：条款第六条明确规定，保险期间内，""楼上住户、隔壁邻居家以及属于业主共有部分的水暖管突然爆裂，导致保险标的遭受水浸、腐蚀发生的损失，保险人按本保险合同约定负责赔偿""。

2. **赔偿内容包括**：
   - 因水浸、腐蚀造成的保险标的损失
   - 水暖管修复费用
   - 为防止或减少损失所支付的必要合理费用

3. **可赔付的财产范围**包括：
   - 房屋装修
   - 室内财产（家用电器、便携式电器、床上用品、衣物、家具等）
   - 其他经保险人书面同意承保的家庭财产

4. **需要注意的是**：
   - 部分特殊财产不在保障范围内，如金银珠宝、有价证券、古玩等无法鉴定价值的财产
   - 需排除责任免除条款中列明的情形

建议您在出险后及时向保险公司报案，并提供相关证明材料，以便顺利获得理赔。","[{'content': '珠宝、货币、有价证券、票证、邮票、古玩、文件、账册、技术资料、 图表、动植物以及其他无法鉴定价值的财产； （二）违章建筑、危险建筑、非法占有的财产； （三）用于生产经营的财产； （四）其他保险单中载明的不属于保障范围的财产； （五）其他不属于第四条所列范围的财产。 保险责任 第六条 保险期间内，被保险房屋内自来水管道、暖气管道（含暖气片）、下水管道、 太阳能热水器室内外管道、以及连接管道的阀门（以下简称“水暖管”）突然爆裂，对于因 此产生的水暖管修复费用，保险人按本保险合同的约定负责赔偿。 保险期间内，被保险房屋内、楼上住户、隔壁邻居家以及属于业主共有部分的水暖管突 然爆裂，导致保险标的遭受水浸、腐蚀发生的损失，保险人按本保险合同约定负责赔偿。 第七条 保险事故发生后，被保险人为防止或减少保险标的的损失所支付的必要的、 合理的费用，保险人按照本保险合同的约定负责赔偿。 责任免除 第八条 由'}, {'content': '门、窗等。 【房屋装修】指房屋装潢中固定的、不能移动的硬装修，如固定装置的水暖、气暖、卫生、 供水、管道煤气及供电设备、吊顶、墙面涂料等。 【室内财产】包括（1）普通家用电器（包括安装在房屋外的空调器和太阳能热水器等家 用电器的室外设备）；（2）便携式家用电器（包括便携式电脑、移动电话、随身听、数码播 放器、电动剃须刀、照相机、摄像机）；（3）床上用品、衣物、鞋帽、箱包、手表；（4）家具； （5）文体娱乐用品，包括文具、书籍、球具、棋牌；（6）投保人申请且经保险人书面同意承 保的其他家庭财产。 【家庭成员】指与被保险人存在法律上的亲属关系的人员。 【暂居人员】指居住于标的房屋内超过五日的人员。 【间接损失】指有形财产的直接损坏、损毁后，进而造成的收益的减少或损失、价值的降 4 低以及支出的增加等后果损失。 【全部损失】指保险标的整体损毁，或保险标的的修复费用达到或超过出险当时的实际 价值，'}, {'content': '中国平安财产保险股份有限公司 平安水暖管爆裂损失费用补偿保险条款 注册号：C00001732112019112800111 总则 第一条 本保险合同由保险条款、投保单、保险单、保险凭证以及批单等组成，凡涉及 本保险合同的约定，均应采用书面形式。 第二条 本保险合同的被保险人应为自然人。 第三条 本保险合同的投保人应为具有完全民事行为能力的自然人。 第四条 本保险合同的保险标的包括由被保险人所有的房屋主体、房屋装修、室内财 产 及其他经投保人申请且经保险人书面同意承保的其他家庭财产，具 体 承保 的 家 庭财 产 以保单载明为准。 第五条 下列财产不属于本保险合同的保险标的： （一）金银、首饰、珠宝、货币、有价证券、票证、邮票、古玩、文件、账册、技术资料、 图表、动植物以及其他无法鉴定价值的财产； （二）违章建筑、危险建筑、非法占有的财产； （三）用于生产经营的财产； （四）其他保险单中载明'}, {'content': '中国平安财产保险股份有限公司 平安产险居家责任保险条款 注册号：C00001730912022092241011 总则 第一条 本保险合同由保险条款、投保单、保险单、保险凭证以及批单组成。凡涉及本 保险合同的约定，均应采用书面形式。 第二条 本保险合同的被保险人包括： （一）保险单载明的被保险人； （二）经投保人申请且经保险人同意，保险单载明的被保险人的配偶、子女。 第三条 本保险合同的投保人应为具有完全民事行为能力的自然人。 保险责任 第四条 保险人可以承保下列一项或多项保险责任，具体由投保人和保险人在投保时 协商确定，并在保险单中载明。 （一）第三者人身伤害责任 保险期间内，在保险单载明的房屋内（包括房屋专属的天台、庭院），因发生下列意外 事故导致第三者人身伤亡的，依照中华人民共和国法律（不包括港澳台地区法律）应由被保 险人承担的经济赔偿责任，保险人按照本保险合同约定负责赔偿。 1．房'}, {'content': '浸、腐蚀发生的损失，保险人按本保险合同约定负责赔偿。 第七条 保险事故发生后，被保险人为防止或减少保险标的的损失所支付的必要的、 合理的费用，保险人按照本保险合同的约定负责赔偿。 责任免除 第八条 由于下列原因造成的损失，保险人不承担赔偿责任： （一）投保人、被保险人及其家庭成员、家庭雇佣人员、暂居人员的故意或重大过 失行为； （二）战争、军事行动、暴动或武装叛乱； （三）核辐射、核爆炸、核污染及其他放射性污染； （四）地震、海啸，及其次生灾害； 1 （五）行政行为或司法行为； （六）擅自改变原管道设计用途。 第九条 下列损失、费用，保险人不承担赔偿责任： （ 一 ） 在 水暖 管 保 质期 内 ， 应由 生 产 厂商 或 销 售商 承 担 的水 暖 管 更换 费 用 以及 其应承担赔偿责任的其他财产损失； （二）任何间接损失。 第 十条 每次 事故免赔 额（率） 由 投保 人 与 保险人'}, {'content': '房屋内（包括房屋专属的天台、庭院），因发生下列意外 事故导致第三者人身伤亡的，依照中华人民共和国法律（不包括港澳台地区法律）应由被保 险人承担的经济赔偿责任，保险人按照本保险合同约定负责赔偿。 1．房屋内的物体（包括安装在房屋外的空调和太阳能热水器等家用电器的室外设备） 发生高空坠落； 2．房屋内自来水管道、暖气管道（含暖气片）、下水管道以及太阳能热水器室内外管道 因高压、碰撞、严寒、高温导致爆裂； 3．房屋内发生火灾、爆炸； 4．在房屋内发生的其他意外事故。 保险单载明的房屋所在建筑物发生高空抛物或高空坠物事故造成第三者人身伤害，难以 确定具体侵权人的，对于人民法院依法作出生效判决需由被保险人承担的补偿责任，保险人 按照本保险合同约定负责赔偿。 （二）第三者财产损失责任 保险期间内，在保险单载明的房屋内（包括房屋专属的天台、庭院），因发生下列意外 事故导致第三者财产损失的，依照中华人民共'}, {'content': '位于保险单所载明地址的房屋内的保险标的因遭受经公安部门确认的外部人员的入室抢劫行为或有明显现场痕迹的盗窃行为而丢失或损坏，自公安部门认定的案发之日起六十天内，被盗抢的保险标的仍未查获或被保险人仍未从盗抢人处获得赔偿的，对于丢失或损坏保险标的的直接损失，保险人按本附加保险合同的约定负责赔偿。'}, {'content': '火灾、爆炸；空中运行物体坠落、外界物体倒塌；台风、暴风、暴雨、龙卷风、雷击、洪水、冰雹、暴雪、崩塌、冰凌、突发性滑坡、泥石流、地面突然下陷下沉、地震、海啸等自然灾害造成的损失。'}, {'content': '第三者人身伤害责任、第三者财产损失责任、法律费用责任'}, {'content': '无对应取值。'}, {'content': '保险期间内，被保险房屋内及周边区域（楼上住户、隔壁邻居、业主共有部分）的水暖管突然爆裂导致的水浸、腐蚀损失，以及因此产生的水暖管修复费用和被保险人为防止或减少损失所支付的必要、合理费用，保险人按合同约定负责赔偿。保险标的包括家用电器的室外设备、便携式家用电器、床上用品、衣物、鞋帽、箱包、手表、家具、文体娱乐用品及其他经保险人书面同意承保的家庭财产。'}]","1, 2, 3, 14, 44, 45"
平安安居尊享家财险,产品：平安安居尊享家财险	问题：水暖管爆裂后，我请人维修的费用能报销吗？,"根据平安安居尊享家财险中水暖管爆裂损失费用补偿保险条款的规定：

**可以报销维修费用**，但需满足以下条件：

1. **保障范围**：
   - 覆盖自来水管道、暖气管道（含暖气片）、下水管道、太阳能热水器室内外管道及连接阀门的突然爆裂
   - 包括水暖管本身的修复费用
   - 还包括为防止或减少损失所支付的必要的、合理的费用

2. **报销要求**：
   - 需提供维修费用的正式发票或其他保险人认可的财产证明
   - 需提供财产损失清单
   - 需提供相关事故证明资料

3. **除外情况**：
   - 水暖管在保质期内应由生产厂商或销售商承担的费用
   - 任何间接损失
   - 每次事故免赔额（率）内的损失
   - 因擅自改变原管道设计用途造成的损失

**建议**：发生水暖管爆裂后，请及时向保险公司报案，保留好维修发票和相关证明材料，按照保险公司的理赔流程申请赔偿。","[{'content': '中国平安财产保险股份有限公司 平安水暖管爆裂损失费用补偿保险条款 注册号：C00001732112019112800111 总则 第一条 本保险合同由保险条款、投保单、保险单、保险凭证以及批单等组成，凡涉及 本保险合同的约定，均应采用书面形式。 第二条 本保险合同的被保险人应为自然人。 第三条 本保险合同的投保人应为具有完全民事行为能力的自然人。 第四条 本保险合同的保险标的包括由被保险人所有的房屋主体、房屋装修、室内财 产 及其他经投保人申请且经保险人书面同意承保的其他家庭财产，具 体 承保 的 家 庭财 产 以保单载明为准。 第五条 下列财产不属于本保险合同的保险标的： （一）金银、首饰、珠宝、货币、有价证券、票证、邮票、古玩、文件、账册、技术资料、 图表、动植物以及其他无法鉴定价值的财产； （二）违章建筑、危险建筑、非法占有的财产； （三）用于生产经营的财产； （四）其他保险单中载明'}, {'content': '珠宝、货币、有价证券、票证、邮票、古玩、文件、账册、技术资料、 图表、动植物以及其他无法鉴定价值的财产； （二）违章建筑、危险建筑、非法占有的财产； （三）用于生产经营的财产； （四）其他保险单中载明的不属于保障范围的财产； （五）其他不属于第四条所列范围的财产。 保险责任 第六条 保险期间内，被保险房屋内自来水管道、暖气管道（含暖气片）、下水管道、 太阳能热水器室内外管道、以及连接管道的阀门（以下简称“水暖管”）突然爆裂，对于因 此产生的水暖管修复费用，保险人按本保险合同的约定负责赔偿。 保险期间内，被保险房屋内、楼上住户、隔壁邻居家以及属于业主共有部分的水暖管突 然爆裂，导致保险标的遭受水浸、腐蚀发生的损失，保险人按本保险合同约定负责赔偿。 第七条 保险事故发生后，被保险人为防止或减少保险标的的损失所支付的必要的、 合理的费用，保险人按照本保险合同的约定负责赔偿。 责任免除 第八条 由'}, {'content': '浸、腐蚀发生的损失，保险人按本保险合同约定负责赔偿。 第七条 保险事故发生后，被保险人为防止或减少保险标的的损失所支付的必要的、 合理的费用，保险人按照本保险合同的约定负责赔偿。 责任免除 第八条 由于下列原因造成的损失，保险人不承担赔偿责任： （一）投保人、被保险人及其家庭成员、家庭雇佣人员、暂居人员的故意或重大过 失行为； （二）战争、军事行动、暴动或武装叛乱； （三）核辐射、核爆炸、核污染及其他放射性污染； （四）地震、海啸，及其次生灾害； 1 （五）行政行为或司法行为； （六）擅自改变原管道设计用途。 第九条 下列损失、费用，保险人不承担赔偿责任： （ 一 ） 在 水暖 管 保 质期 内 ， 应由 生 产 厂商 或 销 售商 承 担 的水 暖 管 更换 费 用 以及 其应承担赔偿责任的其他财产损失； （二）任何间接损失。 第 十条 每次 事故免赔 额（率） 由 投保 人 与 保险人'}, {'content': '内 ， 应由 生 产 厂商 或 销 售商 承 担 的水 暖 管 更换 费 用 以及 其应承担赔偿责任的其他财产损失； （二）任何间接损失。 第 十条 每次 事故免赔 额（率） 由 投保 人 与 保险人 协商确定 ，并在保 险单中载 明。免赔额（率）内的损失、费用，保险人不承担赔偿责任。 第十一条 本保险合同的保险期间由投保人与保险人双方约定，并在保险单中载明。 保险期间 第十二条 本保险合同的水暖管爆裂损失保险金额，由投保人与保险人双方约定，并 在保险单中载明。 保险金额 保险人义务 第十三条 本保险合同成立后，保险人应当及时向投保人签发保险单或其他保险凭证。 第十四条 保险人按照本保险合同的约定，认为被保险人提供的有关索赔的证明和资 料不完整的，应当及时一次性通知投保人、被保险人补充提供。 第十五条 保险人收到被保险人的给付保险金的请求后，应当及时作出是否属于保险 责任的核定；情形复杂的'}, {'content': '保人解除本保险合同时，应提供下列证明文件和资料： （一）保险合同解除申请书； （二）保险单； （三）保险费交付凭证； （四）投保人身份证明。 投 保 人要 求 解 除本 保 险 合同 ， 自 保险 人 接 到保 险 合 同解 除 申 请书 之 时 起， 本 保 险合同的效力终止。保险人收到上述证明文件和资料之日起三十日内退还保险单的未 满期保费。 释义 【水暖管】包括自来水管道、暖气管道（含暖气片）、下水管道、太阳能热水器室内外管道、 以及连接管道的阀门。 【房屋主体】指房屋主体承重结构、围护结构，但不包括独立于房屋主体之外的车库、围 墙等附属建筑物。其中，围护结构是指围合建筑空间四周的墙体、门、窗等。 【房屋装修】指房屋装潢中固定的、不能移动的硬装修，如固定装置的水暖、气暖、卫生、 供水、管道煤气及供电设备、吊顶、墙面涂料等。 【室内财产】包括（1）普通家用电器（包括安装在房屋外的空调器'}, {'content': '应立即向公安部门报案，否则，对因此扩大的损失，保 险人不承担赔偿责任。 第二十一条 当发生保险事故后，被保险人需尽快向保险人报案，并提供以下资料： 赔偿处理 （一）保单号和索赔申请书； （二）被保险人的身份证明； （三）财产损失、费用清单，发票（或其他保险人认可的财产证明）； （四）投保人、被保险人所能提供的与确认保险事故的性质、原因、损失程度等有关的其 他证明和资料。 被 保 险人 未 履 行前 款 约 定的 索 赔 材料 提 供 义务 ， 导 致保 险 人 无法 核 实 损失 情 况 的，保险人对无法核实的部分不承担赔偿责任。 第二十二条 保险标的遭受损失后，如果有残余价值，应由被保险人和保险人双方协 商处理。如折归被保险人，由双方协商确定其价值，并在保险赔款中扣除。 第二十三条 保险标的发生保险责任范围内的损失，保险人按实际损失计算赔偿，以 保险金额和保险标的出险时实际价值的较小者为'}, {'content': '位于保险单所载明地址的房屋内的保险标的因遭受经公安部门确认的外部人员的入室抢劫行为或有明显现场痕迹的盗窃行为而丢失或损坏，自公安部门认定的案发之日起六十天内，被盗抢的保险标的仍未查获或被保险人仍未从盗抢人处获得赔偿的，对于丢失或损坏保险标的的直接损失，保险人按本附加保险合同的约定负责赔偿。'}, {'content': '火灾、爆炸；空中运行物体坠落、外界物体倒塌；台风、暴风、暴雨、龙卷风、雷击、洪水、冰雹、暴雪、崩塌、冰凌、突发性滑坡、泥石流、地面突然下陷下沉、地震、海啸等自然灾害造成的损失。'}, {'content': '第三者人身伤害责任、第三者财产损失责任、法律费用责任'}, {'content': '无对应取值。'}, {'content': '保险期间内，被保险房屋内及周边区域（楼上住户、隔壁邻居、业主共有部分）的水暖管突然爆裂导致的水浸、腐蚀损失，以及因此产生的水暖管修复费用和被保险人为防止或减少损失所支付的必要、合理费用，保险人按合同约定负责赔偿。保险标的包括家用电器的室外设备、便携式家用电器、床上用品、衣物、鞋帽、箱包、手表、家具、文体娱乐用品及其他经保险人书面同意承保的家庭财产。'}]","1, 2, 3, 4, 9, 13"
平安安居尊享家财险,产品：平安安居尊享家财险	问题：哪些情况下保险公司可以不承担赔偿责任？,"根据平安安居尊享家财险条款，保险公司在以下情况下不承担赔偿责任：

一、责任免除情形：
1. 因下列原因造成的损失：
- 投保人、被保险人及其家庭成员、家庭雇佣人员、暂居人员的故意行为、重大过失行为或犯罪行为
- 战争、敌对行动、军事行为、武装冲突、罢工、骚乱、暴动、恐怖活动
- 核辐射、核爆炸、核污染及其他放射性污染
- 大气污染、土地污染、水污染及其他各种污染
- 行政行为或司法行为
- 被保险人侵害第三者姓名权、名称权、肖像权、名誉权、荣誉权及个人隐私的行为

2. 下列特定损失：
- 被保险人及其相关人员的人身伤亡及其财产的损失
- 被保险人应承担的合同责任（无合同存在时的经济赔偿责任除外）
- 罚款、罚金及惩罚性赔偿
- 精神损害赔偿
- 间接损失及私自承诺支付的费用
- 投保前已知或可合理预见的索赔情况
- 被保险人所有、管理的机动车辆或船舶造成的第三者损失
- 精神错乱状态下造成的第三者损失
- 被保险人饲养宠物造成的第三者损失

二、特定财产损失免责：
- 窗外钩物、无明显痕迹盗窃、未锁房门导致的盗窃损失
- 相关人员盗抢或纵容他人盗抢造成的损失
- 财产无人看管超过60天的盗窃损失
- 保险单载明地址房屋外的损失（除特定室外设备）
- 家用电器因超电压、自身发热等造成的自身损毁
- 财产因自身缺陷、变质、虫咬等导致的损失

三、被保险人义务未履行：
- 未采取必要措施防止损失扩大
- 未及时通知保险人事故情况
- 未保护事故现场或妨碍事故调查
- 涉及违法犯罪未及时报案
- 未提供必要索赔材料导致损失无法核实

四、其他：
任何不属于保险责任范围内的损失、费用和责任，保险公司均不承担赔偿责任。","[{'content': '保险人或其家庭成员、家庭雇佣人员、暂居人员私自承诺支付的费 用； 6．投保人、被保险人在投保之前已经知道或可以合理预见的索赔情况； 7．被保险人所有、管理的机动车辆或船舶对第三者造成的人身伤害和财产损失； 8．致害人在精神错乱、神智不清、意识不清等不能辨认自己行为或者不能控制自己行 为状态下造成的第三者人身伤害和财产损失，不论该状态由何原因（包括但不限于疾病、 服用药品或毒品、醉酒等）引起； 9．被保险人饲养的宠物对第三者造成的人身伤害和财产损失。 第七条 其他不属于本保险责任范围内的损失、费用和责任，保险人不负责赔偿。 赔偿限额与免赔额 第八条 本保险合同的每次事故赔偿限额与免赔额由投保人与保险人协商确定，并在保 险单中载明。 第九条 在保险期间内，保险人对每次事故承担的赔偿金额之和不超过每次事故赔偿 限额。 保险期间 第十条 本保险合同保险期间由投保人与保险人协商确定，以保险单载明的起'}, {'content': '为或者犯罪行为； 2．战争、敌对行动、军事行为、武装冲突、罢工、骚乱、暴动、恐怖活动； 3．核辐射、核爆炸、核污染及其他放射性污染； 4．大气污染、土地污染、水污染及其他各种污染； 5．行政行为或司法行为； 6．被保险人侵害第三者姓名权、名称权、肖像权、名誉权、荣誉权以及个人隐私的行 为。 第六条 下列损失、费用和责任，保险人不负责赔偿： 1．被保险人及其家庭成员、家庭雇佣人员、暂居人员的人身伤亡及其所有、租用或保 管的财产的损失； 2．被保险人应该承担的合同责任，但无合同存在时仍然应由被保险人承担的经济赔偿 责任不在此限； 3．罚款、罚金及惩罚性赔偿； 4．精神损害赔偿； 5．间接损失以及被保险人或其家庭成员、家庭雇佣人员、暂居人员私自承诺支付的费 用； 6．投保人、被保险人在投保之前已经知道或可以合理预见的索赔情况； 7．被保险人所有、管理的机动车辆或船舶对第三者造成的人身伤害和财产损'}, {'content': '发生高空抛物或高空坠物事故造成第三者财产损失，难以 确定具体侵权人的，对于人民法院依法作出生效判决需由被保险人承担的补偿责任，保险人 按照本保险合同约定负责赔偿。 （三）法律费用责任 上述第（一）或（二）项保险事故发生后，被保险人因保险事故而被提起诉讼的，对于 应由被保险人承担的，合理的、必要的诉讼费、司法鉴定费用、公证费、律师费、仲裁费及 其他相关费用等（以下简称“法律费用”），事先经保险人书面同意支付的，保险人按照本保 险合同约定负责赔偿。 责任免除 第五条 下列原因造成的损失、费用和责任，保险人不负责赔偿： 1．投保人、被保险人及其家庭成员、家庭雇佣人员、暂居人员的故意行为、重大过失 行为或者犯罪行为； 2．战争、敌对行动、军事行为、武装冲突、罢工、骚乱、暴动、恐怖活动； 3．核辐射、核爆炸、核污染及其他放射性污染； 4．大气污染、土地污染、水污染及其他各种污染； 5．行政行为或司法'}, {'content': '； （三）保护事故现场，允许并且协助保险人进行事故调查，对于拒绝或者妨碍保险 人进 行事故调 查导致无 法确定事 故原因或 核实损失 情况的， 对无法确 定或核实 的部 分，保险人不承担赔偿责任； （四）涉及违法、犯罪的，应立即向公安部门报案，否则，对因此扩大的损失，保 险人不承担赔偿责任。 第二十一条 当发生保险事故后，被保险人需尽快向保险人报案，并提供以下资料： 赔偿处理 （一）保单号和索赔申请书； （二）被保险人的身份证明； （三）财产损失、费用清单，发票（或其他保险人认可的财产证明）； （四）投保人、被保险人所能提供的与确认保险事故的性质、原因、损失程度等有关的其 他证明和资料。 被 保 险人 未 履 行前 款 约 定的 索 赔 材料 提 供 义务 ， 导 致保 险 人 无法 核 实 损失 情 况 的，保险人对无法核实的部分不承担赔偿责任。 第二十二条 保险标的遭受损失后，如果有残'}, {'content': '应立即向公安部门报案，否则，对因此扩大的损失，保 险人不承担赔偿责任。 第二十一条 当发生保险事故后，被保险人需尽快向保险人报案，并提供以下资料： 赔偿处理 （一）保单号和索赔申请书； （二）被保险人的身份证明； （三）财产损失、费用清单，发票（或其他保险人认可的财产证明）； （四）投保人、被保险人所能提供的与确认保险事故的性质、原因、损失程度等有关的其 他证明和资料。 被 保 险人 未 履 行前 款 约 定的 索 赔 材料 提 供 义务 ， 导 致保 险 人 无法 核 实 损失 情 况 的，保险人对无法核实的部分不承担赔偿责任。 第二十二条 保险标的遭受损失后，如果有残余价值，应由被保险人和保险人双方协 商处理。如折归被保险人，由双方协商确定其价值，并在保险赔款中扣除。 第二十三条 保险标的发生保险责任范围内的损失，保险人按实际损失计算赔偿，以 保险金额和保险标的出险时实际价值的较小者为'}, {'content': '防止或减少损失，否则，对因故意 或重大过 失 扩大的损失，保险人不承担赔偿责任； （二）及时通知保险人，并书面说明事故发生的原因、经过和损失情况；故意或者因 重大过失未及时通知，致使保险事故的性质、原因、损失程度等难以确定的，对无法 确 定 的部 分 ， 保险 人 不 承担 赔 偿 保险 金 的 责任 ， 但保险人通过其他途径已经及时知道 或者应当及时知道保险事故发生的除外； （三）保护事故现场，允许并且协助保险人进行事故调查，对于拒绝或者妨碍保险 人进 行事故调 查导致无 法确定事 故原因或 核 实损失 情况的， 对无法确 定或核实 的部 分，保险人不承担赔偿责任； （四）涉及违法、犯罪的，应立即向公安部门报案，否则，对因此扩大的损失，保 险人不承担赔偿责任。 第二十一条 当发生保险事故后，被保险人需尽快向保险人报案，并提供以下资料： 赔偿处理 （一）保单号和索赔申请书； （二）被保险人'}, {'content': '保险标的因窗外钩物行为、无明显现场痕迹的盗窃行为所致的损失；因未锁房门导致的盗窃损失；被保险人家庭成员、家庭雇佣人员、暂居人员盗抢或纵容他人盗抢造成的损失；保险标的在存放处无居住或无人看管超过六十天的盗窃损失；不属于保险标的范围内的财产盗抢损失；保险标的在保险单所载地址房屋外的盗抢损失（安装在房屋外的空调器和太阳能热水器等家用电器的室外设备除外）。'}, {'content': '投保人、被保险人及其家庭成员、家庭雇佣人员、暂居人员的故意或重大过失行为；战争、军事行动、暴动或武装叛乱；核辐射、核爆炸、核污染及其他放射性污染；地震、海啸，及其次生灾害；行政行为或司法行为；家用电器因超电压、碰线、漏电、自身发热等原因所造成的自身损毁，但发生燃烧造成火灾的除外；保险标的因自身缺陷、变质、霉烂、受潮、虫咬、自然磨损，或保管不善所导致的损失；保险标的在保险单载明地址的房屋外遭受的损失，但安装在房屋外的空调器和太阳能热水器等家用电器的室外设备除外；间接损失；仅因烘、烤、烫、烙造成的焦糊变质损失；正常燃烧；电机、电器、电气设备因超电压、碰线、孤花、漏电、自身发热造成的本身损毁；物体本身瑕疵、使用损耗或产品质量低劣造成的损失；容器内部承受负压造成的损失；规律性的涨潮；自动灭火设施漏水；常年水位以下或地下渗水；水管爆裂；未按建筑施工要求导致建筑地基下沉、裂缝、倒塌等。'}, {'content': '投保人、被保险人及其家庭成员、家庭雇佣人员、暂居人员的故意行为、重大过失行为或者犯罪行为；战争、敌对行动、军事行为、武装冲突、罢工、骚乱、暴动、恐怖活动；核辐射、核爆炸、核污染及其他放射性污染；大气污染、土地污染、水污染及其他各种污染；行政行为或司法行为；被保险人侵害第三者姓名权、名称权、肖像权、名誉权、荣誉权以及个人隐私的行为；被保险人及其家庭成员、家庭雇佣人员、暂居人员的人身伤亡及其所有、租用或保管的财产的损失；被保险人应该承担的合同责任，但无合同存在时仍然应由被保险人承担的经济赔偿责任不在此限；罚款、罚金及惩罚性赔偿；精神损害赔偿；间接损失以及被保险人或其家庭成员、家庭雇佣人员、暂居人员私自承诺支付的费用；投保人、被保险人在投保之前已经知道或可以合理预见的索赔情况；被保险人所有、管理的机动车辆或船舶对第三者造成的人身伤害和财产损失；致害人在精神错乱、神智不清、意识不清等不能辨认自己行为或者不能控制自己行为状态下造成的第三者人身伤害和财产损失，不论该状态由何原因（包括但不限于疾病、服用药品或毒品、醉酒等）引起；被保险人饲养的宠物对第三者造成的人身伤害和财产损失；其他不属于本保险责任'}, {'content': '无对应取值。'}, {'content': '由于下列原因造成的损失，保险人不承担赔偿责任：投保人、被保险人及其家庭成员、家庭雇佣人员、暂居人员的故意或重大过失行为；战争、军事行动、暴动或武装叛乱；核辐射、核爆炸、核污染及其他放射性污染；地震、海啸，及其次生灾害；行政行为或司法行为；擅自改变原管道设计用途。下列损失、费用，保险人不承担赔偿责任：在水暖管保质期内，应由生产厂商或销售商承担的水暖管更换费用以及其他应承担赔偿责任的其他财产损失；任何间接损失。'}]","8, 9, 32, 47, 48, 49"
平安安居尊享家财险,产品：平安安居尊享家财险	问题：地震导致的水管爆裂在保障范围内吗？,"根据平安安居尊享家财险条款，地震导致的水管爆裂不在保障范围内。

具体分析如下：

1. **保险责任范围**：
   - 第六条明确承保""水暖管突然爆裂""造成的损失，但并未将地震列为承保风险
   - 第六条列明的自然灾害包括台风、暴风、暴雨、龙卷风、雷击、洪水等，但不包含地震

2. **责任免除**：
   - 虽然您提供的条款内容不完整，但行业惯例和该产品其他相关条款显示，地震通常被列为除外责任
   - 从您提供的片段中可见""地震、海啸等自然灾害造成的损失""出现在其他部分，但未明确列入主险保障范围

3. **理赔要点**：
   - 水管爆裂本身属于保障范围，但若爆裂原因是地震，则因地震属于除外责任而无法获得赔偿
   - 保障仅限于""突然爆裂""，不包括因地震等除外原因导致的爆裂

建议您仔细阅读保单中""责任免除""条款的具体内容，或直接咨询平安客服获取准确答复。","[{'content': '珠宝、货币、有价证券、票证、邮票、古玩、文件、账册、技术资料、 图表、动植物以及其他无法鉴定价值的财产； （二）违章建筑、危险建筑、非法占有的财产； （三）用于生产经营的财产； （四）其他保险单中载明的不属于保障范围的财产； （五）其他不属于第四条所列范围的财产。 保险责任 第六条 保险期间内，被保险房屋内自来水管道、暖气管道（含暖气片）、下水管道、 太阳能热水器室内外管道、以及连接管道的阀门（以下简称“水暖管”）突然爆裂，对于因 此产生的水暖管修复费用，保险人按本保险合同的约定负责赔偿。 保险期间内，被保险房屋内、楼上住户、隔壁邻居家以及属于业主共有部分的水暖管突 然爆裂，导致保险标的遭受水浸、腐蚀发生的损失，保险人按本保险合同约定负责赔偿。 第七条 保险事故发生后，被保险人为防止或减少保险标的的损失所支付的必要的、 合理的费用，保险人按照本保险合同的约定负责赔偿。 责任免除 第八条 由'}, {'content': '中国平安财产保险股份有限公司 平安水暖管爆裂损失费用补偿保险条款 注册号：C00001732112019112800111 总则 第一条 本保险合同由保险条款、投保单、保险单、保险凭证以及批单等组成，凡涉及 本保险合同的约定，均应采用书面形式。 第二条 本保险合同的被保险人应为自然人。 第三条 本保险合同的投保人应为具有完全民事行为能力的自然人。 第四条 本保险合同的保险标的包括由被保险人所有的房屋主体、房屋装修、室内财 产 及其他经投保人申请且经保险人书面同意承保的其他家庭财产，具 体 承保 的 家 庭财 产 以保单载明为准。 第五条 下列财产不属于本保险合同的保险标的： （一）金银、首饰、珠宝、货币、有价证券、票证、邮票、古玩、文件、账册、技术资料、 图表、动植物以及其他无法鉴定价值的财产； （二）违章建筑、危险建筑、非法占有的财产； （三）用于生产经营的财产； （四）其他保险单中载明'}, {'content': '结构、围护结构，但不包括独立于房屋主体之外的车库、围 墙等附属建筑物。其中，围护结构是指围合建筑空间四周的墙体、门、窗等。 【房屋装修】指房屋装潢中固定的、不能移动的硬装修，如固定装置的水暖、气暖、卫生、 供水、管道煤气及供电设备、吊顶、墙面涂料等。 【室内财产】包括（1）普通家用电器（包括安装在房屋外的空调器和太阳能热水器等家 用电器的室外设备）；（2）便携式家用电器（包括便携式电脑、移动电话、随身听、数码播 放器、电动剃须刀、照相机、摄像机）；（3）床上用品、衣物、鞋帽、箱包、手表；（4）家具； （5）文体娱乐用品，包括文具、书籍、球具、棋牌；（6）投保人申请且经保险人书面同意承 保的其他家庭财产。 【家庭成员】指与被保险人存在法律上的亲属关系的人员。 【暂居人员】指居住于标的房屋内超过五日的人员。 4 【间接损失】指有形财产的直接损坏、损毁后，进而造成的收益的减少或损失、价值的降 低'}, {'content': '门、窗等。 【房屋装修】指房屋装潢中固定的、不能移动的硬装修，如固定装置的水暖、气暖、卫生、 供水、管道煤气及供电设备、吊顶、墙面涂料等。 【室内财产】包括（1）普通家用电器（包括安装在房屋外的空调器和太阳能热水器等家 用电器的室外设备）；（2）便携式家用电器（包括便携式电脑、移动电话、随身听、数码播 放器、电动剃须刀、照相机、摄像机）；（3）床上用品、衣物、鞋帽、箱包、手表；（4）家具； （5）文体娱乐用品，包括文具、书籍、球具、棋牌；（6）投保人申请且经保险人书面同意承 保的其他家庭财产。 【家庭成员】指与被保险人存在法律上的亲属关系的人员。 【暂居人员】指居住于标的房屋内超过五日的人员。 【间接损失】指有形财产的直接损坏、损毁后，进而造成的收益的减少或损失、价值的降 4 低以及支出的增加等后果损失。 【全部损失】指保险标的整体损毁，或保险标的的修复费用达到或超过出险当时的实际 价值，'}, {'content': '有价证券、票证、邮票、古玩、文件、账册、技术资料、 图表、动植物以及其他无法鉴定价值的财产； （二）违章建筑、危险建筑、非法占有的财产； （三）用于生产经营的财产； （四）其他保险单中载明的不属于保障范围的财产； （五）其他不属于第四条所列范围的财产。 第六条 保险期间内，保险标的在保险单载明的地址内由于下列原因发生的损失，保 保险责任 险人按照本保险合同的约定负责赔偿： （一）火灾、爆炸，包括但不限于： 1．家庭燃气用具、电器、用电线路以及其他内部或外部火源引起的火灾； 2．家庭燃气用具、液化气罐以及燃气泄露引起的爆炸； （二）空中运行物体坠落、外界物体倒塌； （三）台风、暴风、暴雨、龙卷风、雷击、洪水、冰雹、暴雪、崩塌、冰凌、突发性滑坡、泥石流 和自然灾害引起地面突然下陷下沉。 第七条 保险事故发生后，被保险人为防止或减少保险标的的损失所支付的必要的、 合理的费用，保险人按照本保险合同'}, {'content': '【暴雨】指每小时降雨量达 16 毫米以上，或连续 12 小时降雨量达 30 毫米以上，或连续 24 小时降雨量达 50 毫米以上的降雨。 【龙卷风】指一种范围小而时间短的猛烈旋风，陆地上平均最大风速在 79 米/秒-103 米 /秒，极端最大风速在 100 米/秒以上。 【雷击】指由雷电造成的灾害。雷电为积雨云中、云间或云地之间产生的放电现象。雷电的 破坏形式分为直接雷击和感应雷击两种。 1．直接雷击：由于雷电直接击中保险标的造成损失，属直接雷击责任。 2．感应雷击：由于雷击产生的静电感应或电磁感应使屋内对地绝缘金属物体产生高电 位放出火花引起的火灾，导致电器本身的损毁，或因雷电的高电压感应，致使电器部件的 损毁，属感应雷击责任。 5 【洪水】指山洪暴发、江河泛滥、潮水上岸及倒灌。但规律性的涨潮、自动灭火设施漏水 以及在常年水位以下或地下渗水、水管爆裂不属于洪水责任。 【冰雹】从强烈对流的'}, {'content': '位于保险单所载明地址的房屋内的保险标的因遭受经公安部门确认的外部人员的入室抢劫行为或有明显现场痕迹的盗窃行为而丢失或损坏，自公安部门认定的案发之日起六十天内，被盗抢的保险标的仍未查获或被保险人仍未从盗抢人处获得赔偿的，对于丢失或损坏保险标的的直接损失，保险人按本附加保险合同的约定负责赔偿。'}, {'content': '火灾、爆炸；空中运行物体坠落、外界物体倒塌；台风、暴风、暴雨、龙卷风、雷击、洪水、冰雹、暴雪、崩塌、冰凌、突发性滑坡、泥石流、地面突然下陷下沉、地震、海啸等自然灾害造成的损失。'}, {'content': '第三者人身伤害责任、第三者财产损失责任、法律费用责任'}, {'content': '无对应取值。'}, {'content': '保险期间内，被保险房屋内及周边区域（楼上住户、隔壁邻居、业主共有部分）的水暖管突然爆裂导致的水浸、腐蚀损失，以及因此产生的水暖管修复费用和被保险人为防止或减少损失所支付的必要、合理费用，保险人按合同约定负责赔偿。保险标的包括家用电器的室外设备、便携式家用电器、床上用品、衣物、鞋帽、箱包、手表、家具、文体娱乐用品及其他经保险人书面同意承保的家庭财产。'}]","1, 2, 14, 25, 37, 41"
平安安居尊享家财险,产品：平安安居尊享家财险	问题：水暖管还在保修期内出现问题，保险公司会赔偿吗？,"根据平安安居尊享家财险相关条款，关于水暖管在保修期内出现问题的赔偿情况如下：

**保险公司不予赔偿的情况：**
根据责任免除条款第九条第一款明确规定：
""在水暖管保质期内，应由生产厂商或销售商承担的水暖管更换费用以及其应承担赔偿责任的其他财产损失，保险人不承担赔偿责任。""

**保险公司可能赔偿的情况：**
1. 如果水暖管突然爆裂导致其他财产损失（如水浸、腐蚀损失），且这部分损失不属于生产厂商或销售商应承担的赔偿责任范围，保险公司可能按合同约定负责赔偿。

2. 因水暖管爆裂产生的修复费用，如果超出厂商保修范围或厂商不承担责任的部分，保险公司可能按合同约定负责赔偿。

**建议处理方式：**
当水暖管在保修期内出现问题时，应首先联系生产厂商或销售商进行维修或更换。如果因此造成了其他财产损失，应及时向保险公司报案，并提供相关证明材料。

需要注意的是，具体赔偿情况还需结合保险单载明的具体保障范围、免赔额等条款综合判断。","[{'content': '中国平安财产保险股份有限公司 平安水暖管爆裂损失费用补偿保险条款 注册号：C00001732112019112800111 总则 第一条 本保险合同由保险条款、投保单、保险单、保险凭证以及批单等组成，凡涉及 本保险合同的约定，均应采用书面形式。 第二条 本保险合同的被保险人应为自然人。 第三条 本保险合同的投保人应为具有完全民事行为能力的自然人。 第四条 本保险合同的保险标的包括由被保险人所有的房屋主体、房屋装修、室内财 产 及其他经投保人申请且经保险人书面同意承保的其他家庭财产，具 体 承保 的 家 庭财 产 以保单载明为准。 第五条 下列财产不属于本保险合同的保险标的： （一）金银、首饰、珠宝、货币、有价证券、票证、邮票、古玩、文件、账册、技术资料、 图表、动植物以及其他无法鉴定价值的财产； （二）违章建筑、危险建筑、非法占有的财产； （三）用于生产经营的财产； （四）其他保险单中载明'}, {'content': '家庭财产。 【家庭成员】指与被保险人存在法律上的亲属关系的人员。 【暂居人员】指居住于标的房屋内超过五日的人员。 4 【间接损失】指有形财产的直接损坏、损毁后，进而造成的收益的减少或损失、价值的降 低以及支出的增加等后果损失。 【全部损失】指保险标的整体损毁，或保险标的的修复费用与施救费用之和达到或超过 出险当时的实际价值，保险人可推定全损。 【火灾】在时间或空间上失去控制的燃烧所造成的灾害。构成本保险的火灾责任必须同时 具备以下三个条件： 1．有燃烧现象，即有热有光有火焰； 2．偶然、意外发生的燃烧； 3．燃烧失去控制并有蔓延扩大的趋势。 因此，仅有燃烧现象并不等于构成本保险中的火灾责任。在生产、生活中有目的 用火，如为了防疫而焚毁沾污的衣物，点火烧荒等属正常燃烧，不同于火灾责任。 因烘、烤、烫、烙造成焦糊变质等损失，既无燃烧现象，又无蔓延扩大趋势，也不 属于火灾责任。 电机、电器、电气'}, {'content': '浸、腐蚀发生的损失，保险人按本保险合同约定负责赔偿。 第七条 保险事故发生后，被保险人为防止或减少保险标的的损失所支付的必要的、 合理的费用，保险人按照本保险合同的约定负责赔偿。 责任免除 第八条 由于下列原因造成的损失，保险人不承担赔偿责任： （一）投保人、被保险人及其家庭成员、家庭雇佣人员、暂居人员的故意或重大过 失行为； （二）战争、军事行动、暴动或武装叛乱； （三）核辐射、核爆炸、核污染及其他放射性污染； （四）地震、海啸，及其次生灾害； 1 （五）行政行为或司法行为； （六）擅自改变原管道设计用途。 第九条 下列损失、费用，保险人不承担赔偿责任： （ 一 ） 在 水暖 管 保 质期 内 ， 应由 生 产 厂商 或 销 售商 承 担 的水 暖 管 更换 费 用 以及 其应承担赔偿责任的其他财产损失； （二）任何间接损失。 第 十条 每次 事故免赔 额（率） 由 投保 人 与 保险人'}, {'content': '珠宝、货币、有价证券、票证、邮票、古玩、文件、账册、技术资料、 图表、动植物以及其他无法鉴定价值的财产； （二）违章建筑、危险建筑、非法占有的财产； （三）用于生产经营的财产； （四）其他保险单中载明的不属于保障范围的财产； （五）其他不属于第四条所列范围的财产。 保险责任 第六条 保险期间内，被保险房屋内自来水管道、暖气管道（含暖气片）、下水管道、 太阳能热水器室内外管道、以及连接管道的阀门（以下简称“水暖管”）突然爆裂，对于因 此产生的水暖管修复费用，保险人按本保险合同的约定负责赔偿。 保险期间内，被保险房屋内、楼上住户、隔壁邻居家以及属于业主共有部分的水暖管突 然爆裂，导致保险标的遭受水浸、腐蚀发生的损失，保险人按本保险合同约定负责赔偿。 第七条 保险事故发生后，被保险人为防止或减少保险标的的损失所支付的必要的、 合理的费用，保险人按照本保险合同的约定负责赔偿。 责任免除 第八条 由'}, {'content': '保人解除本保险合同时，应提供下列证明文件和资料： （一）保险合同解除申请书； （二）保险单； （三）保险费交付凭证； （四）投保人身份证明。 投 保 人要 求 解 除本 保 险 合同 ， 自 保险 人 接 到保 险 合 同解 除 申 请书 之 时 起， 本 保 险合同的效力终止。保险人收到上述证明文件和资料之日起三十日内退还保险单的未 满期保费。 释义 【水暖管】包括自来水管道、暖气管道（含暖气片）、下水管道、太阳能热水器室内外管道、 以及连接管道的阀门。 【房屋主体】指房屋主体承重结构、围护结构，但不包括独立于房屋主体之外的车库、围 墙等附属建筑物。其中，围护结构是指围合建筑空间四周的墙体、门、窗等。 【房屋装修】指房屋装潢中固定的、不能移动的硬装修，如固定装置的水暖、气暖、卫生、 供水、管道煤气及供电设备、吊顶、墙面涂料等。 【室内财产】包括（1）普通家用电器（包括安装在房屋外的空调器'}, {'content': '人承担的补偿责任，保险人 按照本保险合同约定负责赔偿。 （二）第三者财产损失责任 保险期间内，在保险单载明的房屋内（包括房屋专属的天台、庭院），因发生下列意外 事故导致第三者财产损失的，依照中华人民共和国法律（不包括港澳台地区法律）应由被保 险人承担的经济赔偿责任，保险人按照本保险合同约定负责赔偿。 1．房屋内的物体（包括安装在房屋外的空调和太阳能热水器等家用电器的室外设备） 发生高空坠落； 2．房屋内自来水管道、暖气管道（含暖气片）、下水管道以及太阳能热水器室内外管道 因高压、碰撞、严寒、高温导致爆裂； 3．房屋内发生火灾、爆炸； 4．在房屋内发生的其他意外事故。 保险单载明的房屋所在建筑物发生高空抛物或高空坠物事故造成第三者财产损失，难以 确定具体侵权人的，对于人民法院依法作出生效判决需由被保险人承担的补偿责任，保险人 按照本保险合同约定负责赔偿。 （三）法律费用责任 上述第（一）或（'}, {'content': '位于保险单所载明地址的房屋内的保险标的因遭受经公安部门确认的外部人员的入室抢劫行为或有明显现场痕迹的盗窃行为而丢失或损坏，自公安部门认定的案发之日起六十天内，被盗抢的保险标的仍未查获或被保险人仍未从盗抢人处获得赔偿的，对于丢失或损坏保险标的的直接损失，保险人按本附加保险合同的约定负责赔偿。'}, {'content': '火灾、爆炸；空中运行物体坠落、外界物体倒塌；台风、暴风、暴雨、龙卷风、雷击、洪水、冰雹、暴雪、崩塌、冰凌、突发性滑坡、泥石流、地面突然下陷下沉、地震、海啸等自然灾害造成的损失。'}, {'content': '第三者人身伤害责任、第三者财产损失责任、法律费用责任'}, {'content': '无对应取值。'}, {'content': '保险期间内，被保险房屋内及周边区域（楼上住户、隔壁邻居、业主共有部分）的水暖管突然爆裂导致的水浸、腐蚀损失，以及因此产生的水暖管修复费用和被保险人为防止或减少损失所支付的必要、合理费用，保险人按合同约定负责赔偿。保险标的包括家用电器的室外设备、便携式家用电器、床上用品、衣物、鞋帽、箱包、手表、家具、文体娱乐用品及其他经保险人书面同意承保的家庭财产。'}]","1, 2, 3, 13, 38, 46"
平安安居尊享家财险,产品：平安安居尊享家财险	问题：每次理赔需要自己承担多少费用？,"根据平安安居尊享家财险条款，每次理赔需要自行承担的费用取决于保险单中载明的免赔额。具体而言：

1. **免赔额设置**：条款第八条明确，每次事故的免赔额由投保人与保险公司协商确定，并载明于保险单中。这意味着实际免赔额需以您保单的具体约定为准。

2. **赔偿限制**：第九条补充说明，每次事故的赔偿总额不超过保单载明的赔偿限额，且需先扣除免赔额部分。

3. **注意事项**：
   - 若损失属于责任免除范围（如故意行为、宠物致损等），保险公司不承担任何费用
   - 施救费用的赔偿单独计算，但同样适用免赔额规则

建议您直接查阅保单正本或联系平安客服获取具体的免赔额数值，因为该数值会根据投保时的约定个性化设定。","[{'content': '保险人或其家庭成员、家庭雇佣人员、暂居人员私自承诺支付的费 用； 6．投保人、被保险人在投保之前已经知道或可以合理预见的索赔情况； 7．被保险人所有、管理的机动车辆或船舶对第三者造成的人身伤害和财产损失； 8．致害人在精神错乱、神智不清、意识不清等不能辨认自己行为或者不能控制自己行 为状态下造成的第三者人身伤害和财产损失，不论该状态由何原因（包括但不限于疾病、 服用药品或毒品、醉酒等）引起； 9．被保险人饲养的宠物对第三者造成的人身伤害和财产损失。 第七条 其他不属于本保险责任范围内的损失、费用和责任，保险人不负责赔偿。 赔偿限额与免赔额 第八条 本保险合同的每次事故赔偿限额与免赔额由投保人与保险人协商确定，并在保 险单中载明。 第九条 在保险期间内，保险人对每次事故承担的赔偿金额之和不超过每次事故赔偿 限额。 保险期间 第十条 本保险合同保险期间由投保人与保险人协商确定，以保险单载明的起'}, {'content': '中国平安财产保险股份有限公司 平安水暖管爆裂损失费用补偿保险条款 注册号：C00001732112019112800111 总则 第一条 本保险合同由保险条款、投保单、保险单、保险凭证以及批单等组成，凡涉及 本保险合同的约定，均应采用书面形式。 第二条 本保险合同的被保险人应为自然人。 第三条 本保险合同的投保人应为具有完全民事行为能力的自然人。 第四条 本保险合同的保险标的包括由被保险人所有的房屋主体、房屋装修、室内财 产 及其他经投保人申请且经保险人书面同意承保的其他家庭财产，具 体 承保 的 家 庭财 产 以保单载明为准。 第五条 下列财产不属于本保险合同的保险标的： （一）金银、首饰、珠宝、货币、有价证券、票证、邮票、古玩、文件、账册、技术资料、 图表、动植物以及其他无法鉴定价值的财产； （二）违章建筑、危险建筑、非法占有的财产； （三）用于生产经营的财产； （四）其他保险单中载明'}, {'content': '浸、腐蚀发生的损失，保险人按本保险合同约定负责赔偿。 第七条 保险事故发生后，被保险人为防止或减少保险标的的损失所支付的必要的、 合理的费用，保险人按照本保险合同的约定负责赔偿。 责任免除 第八条 由于下列原因造成的损失，保险人不承担赔偿责任： （一）投保人、被保险人及其家庭成员、家庭雇佣人员、暂居人员的故意或重大过 失行为； （二）战争、军事行动、暴动或武装叛乱； （三）核辐射、核爆炸、核污染及其他放射性污染； （四）地震、海啸，及其次生灾害； 1 （五）行政行为或司法行为； （六）擅自改变原管道设计用途。 第九条 下列损失、费用，保险人不承担赔偿责任： （ 一 ） 在 水暖 管 保 质期 内 ， 应由 生 产 厂商 或 销 售商 承 担 的水 暖 管 更换 费 用 以及 其应承担赔偿责任的其他财产损失； （二）任何间接损失。 第 十条 每次 事故免赔 额（率） 由 投保 人 与 保险人'}, {'content': '保险人双方协 商处理。如折归被保险人，由双方协商确定其价值，并在保险赔款中扣除。 第二十三条 保险标的发生保险责任范围内的损失，保险人按实际损失计算赔偿，以 保险金额和保险标的出险时实际价值的较小者为限。 被保险人为了防止或减少保险标的的损失所支付的必要、合理的费用，在保险标的损失 赔偿金额之外另行计算，以保险金额和被施救保险标的出险时实际价值的较小值为限 。 被施救的财产中，若含有本保险合同未承保财产的，按被施救保险标的的出险时实际价 值与全部被施救财产价值的比例分摊施救费用。 第二十四条 若保险标的发生部分损失，且该次赔偿金额与免赔额之和（不含施救费 用）小于保险金额时，保险人履行赔偿义务后，本保险合同的保险金额自损失发生之日 起按赔偿金额相应减少，且无需退还保险金额减少部分的保险费。 若 保 险标 的 发 生 全 部 损失 ， 或 该 次 赔偿 金 额 与免 赔 额 之和 （ 不 含'}, {'content': '门、窗等。 【房屋装修】指房屋装潢中固定的、不能移动的硬装修，如固定装置的水暖、气暖、卫生、 供水、管道煤气及供电设备、吊顶、墙面涂料等。 【室内财产】包括（1）普通家用电器（包括安装在房屋外的空调器和太阳能热水器等家 用电器的室外设备）；（2）便携式家用电器（包括便携式电脑、移动电话、随身听、数码播 放器、电动剃须刀、照相机、摄像机）；（3）床上用品、衣物、鞋帽、箱包、手表；（4）家具； （5）文体娱乐用品，包括文具、书籍、球具、棋牌；（6）投保人申请且经保险人书面同意承 保的其他家庭财产。 【家庭成员】指与被保险人存在法律上的亲属关系的人员。 【暂居人员】指居住于标的房屋内超过五日的人员。 【间接损失】指有形财产的直接损坏、损毁后，进而造成的收益的减少或损失、价值的降 4 低以及支出的增加等后果损失。 【全部损失】指保险标的整体损毁，或保险标的的修复费用达到或超过出险当时的实际 价值，'}, {'content': '人承担的补偿责任，保险人 按照本保险合同约定负责赔偿。 （二）第三者财产损失责任 保险期间内，在保险单载明的房屋内（包括房屋专属的天台、庭院），因发生下列意外 事故导致第三者财产损失的，依照中华人民共和国法律（不包括港澳台地区法律）应由被保 险人承担的经济赔偿责任，保险人按照本保险合同约定负责赔偿。 1．房屋内的物体（包括安装在房屋外的空调和太阳能热水器等家用电器的室外设备） 发生高空坠落； 2．房屋内自来水管道、暖气管道（含暖气片）、下水管道以及太阳能热水器室内外管道 因高压、碰撞、严寒、高温导致爆裂； 3．房屋内发生火灾、爆炸； 4．在房屋内发生的其他意外事故。 保险单载明的房屋所在建筑物发生高空抛物或高空坠物事故造成第三者财产损失，难以 确定具体侵权人的，对于人民法院依法作出生效判决需由被保险人承担的补偿责任，保险人 按照本保险合同约定负责赔偿。 （三）法律费用责任 上述第（一）或（'}, {'content': '无对应取值。'}]","1, 3, 10, 14, 46, 49"
平安安居尊享家财险,产品：平安安居尊享家财险	问题：保险的有效期是多长时间？,"根据平安安居尊享家财险条款第十条规定，本保险合同的保险期间由投保人与保险人协商确定，以保险单载明的起讫时间为准。

通常情况下，家庭财产保险的保险期间一般为1年，具体有效期请以您保单上载明的保险期间为准。","[{'content': '中国平安财产保险股份有限公司 平安家庭财产保险条款 注册号：C00001732112019121811592 总则 第一条 本保险合同由保险条款、投保单、保险单、保险凭证以及批单等组成，凡涉及 本保险合同的约定，均应采用书面形式。 第二条 本保险合同的被保险人应为自然人。 第三条 本保险合同的投保人应为具有完全民事行为能力的自然人。 第四条 本保险合同可以承保的家庭财产包括由被保险人所有的房屋主体、房屋装修、 室内 财产 及其他经投保人申请且经保险人书面同意承保的其他家庭财产，具 体承保的 家 庭财产以保单载明为准。 第五条 下列财产不属于本保险合同的保险标的： （一）金银、首饰、珠宝、货币、有价证券、票证、邮票、古玩、文件、账册、技术资料、 图表、动植物以及其他无法鉴定价值的财产； （二）违章建筑、危险建筑、非法占有的财产； （三）用于生产经营的财产； （四）其他保险单中载明的不属于保障'}, {'content': '保险人或其家庭成员、家庭雇佣人员、暂居人员私自承诺支付的费 用； 6．投保人、被保险人在投保之前已经知道或可以合理预见的索赔情况； 7．被保险人所有、管理的机动车辆或船舶对第三者造成的人身伤害和财产损失； 8．致害人在精神错乱、神智不清、意识不清等不能辨认自己行为或者不能控制自己行 为状态下造成的第三者人身伤害和财产损失，不论该状态由何原因（包括但不限于疾病、 服用药品或毒品、醉酒等）引起； 9．被保险人饲养的宠物对第三者造成的人身伤害和财产损失。 第七条 其他不属于本保险责任范围内的损失、费用和责任，保险人不负责赔偿。 赔偿限额与免赔额 第八条 本保险合同的每次事故赔偿限额与免赔额由投保人与保险人协商确定，并在保 险单中载明。 第九条 在保险期间内，保险人对每次事故承担的赔偿金额之和不超过每次事故赔偿 限额。 保险期间 第十条 本保险合同保险期间由投保人与保险人协商确定，以保险单载明的起'}, {'content': '中国平安财产保险股份有限公司 平安产险附加分期支付保费保险（互联网版）条款 注册号：C00001731922022091538001 总则 第一条 本附加保险合同须附加于各种意外伤害保险、健康保险、家庭财产保险、责任 保险、其他保险合同（以下简称“主保险合同”）。主保险合同所附条款、投保单、保险单、 保险凭证以及批单等，凡与本附加保险合同相关者，均为本附加保险合同的构成部分。凡涉 及本附加保险合同的约定，均应采用书面形式。 若主保险合同与本附加保险合同的条款互有冲突，则以本附加保险合同的条款为准。 本附加保险合同未尽事宜，以主保险合同的条款规定为准。 第二条 本保附加险合同仅限于互联网渠道销售。 保险责任 第三条 兹经投保人和保险人双方同意，本保险合同项下保险费可以按照约定的分期支 付日期和金额支付，具体以保险单载明为准。 在交纳首月保险费后，投保人应当在每月保险费约定支付日交纳对应月份的'}, {'content': ' 【间接损失】指有形财产的直接损坏、损毁后，进而造成的收益的减少或损失、价值的降 4 低以及支出的增加等后果损失。 【全部损失】指保险标的整体损毁，或保险标的的修复费用达到或超过出险当时的实际 价值，保险人可推定全损。 【未满期保费】未满期保费=保险费*（1\xad保险单已经过天数/保险期间天数），其 中保单已经过天数未满一天的按一天计算。 5'}, {'content': '保险人协商确定，并在保 险单中载明。 第九条 在保险期间内，保险人对每次事故承担的赔偿金额之和不超过每次事故赔偿 限额。 保险期间 第十条 本保险合同保险期间由投保人与保险人协商确定，以保险单载明的起讫时间为 准。 保险人义务 第十一条 本保险合同成立后，保险人应当及时向投保人签发保险单或其他保险凭证。 第十二条 保险人按照本保险合同的约定，认为被保险人提供的有关的证明和资料不完 整的，应当及时一次性通知投保人、被保险人或者补充提供。 第十三条 保险人收到被保险人的赔偿保险金的请求后，应当及时作出是否属于保险责 任的核定；情形复杂的，应当在三十日内作出核定，但合同另有约定的除外。 保险人应当将核定结果通知被保险人；对属于保险责任的，在与被保险人达成赔偿保险 金的协议后十日内，履行赔偿保险金义务。保险合同对赔偿保险金的期限有约定的，保险人 应当按照约定履行赔偿保险金的义务。保险人依照前款的规'}, {'content': '则本保险人按照本保险合同的赔偿限额与其他保险合同及本保险合同的赔偿 限额总和的比例承担赔偿责任。 其他保险人应承担的赔偿金额，本保险人不负责垫付。若被保险人未如实告知导致保 险人多支付赔偿金的，保险人有权向被保险人追回多支付的部分。 争议处理和法律适用 第二十四条 因履行本保险合同发生的争议，由当事人协商解决。协商不成的，提交保 险单载明的仲裁机构仲裁；保险单未载明仲裁机构且争议发生后未达成仲裁协议的，依法向 中华人民共和国境内（不包括港澳台地区）人民法院起诉。 第二十五条 与本保险合同有关的以及履行本保险合同产生的一切争议处理适用中华 人民共和国法律（不包括港澳台地区法律）。 第二十六条 投保人和保险人可以协商变更合同内容。 其他事项 变更保险合同的，应当由保险人在保险单或者其他保险凭证上批注或附贴批单，或者投 保人和保险人订立变更的书面协议。 第二十七条 在本保险合同成立后，投保人可以'}, {'content': '无对应取值。'}, {'content': '由投保人与保险人双方约定，并在保险单中载明。'}, {'content': '由投保人与保险人协商确定，以保险单载明的起讫时间为准。'}, {'content': '无对应取值。'}, {'content': '无对应取值。'}]","4, 15, 22, 24, 27, 28, 49, 50, 58"
平安安居尊享家财险,产品：平安安居尊享家财险	问题：保险金额是如何确定的？,"根据平安安居尊享家财险条款，保险金额的确定方式如下：

1. **房屋主体保险金额**、**房屋装修保险金额**和**室内财产保险金额**由投保人与保险人（即保险公司）双方协商约定，并在保险单中明确载明。

2. 保险金额的确定遵循以下原则：
   - 以保险单载明的金额为准
   - 赔偿时以保险金额和保险标的出险时实际价值的较小者为限
   - 赔偿金额累计以保险单载明的保险金额为上限

3. 涉及的具体财产范围包括：
   - 房屋主体（含围护结构）
   - 房屋装修（固定硬装修）
   - 室内财产（家用电器、便携式电器、床上用品、家具等）

建议投保时根据财产实际价值与保险公司协商确定合适的保险金额，以确保获得充分的保障。具体保险金额以最终签订的保险单载明内容为准。","[{'content': '结构、围护结构，但不包括独立于房屋主体之外的车库、围 墙等附属建筑物。其中，围护结构是指围合建筑空间四周的墙体、门、窗等。 【房屋装修】指房屋装潢中固定的、不能移动的硬装修，如固定装置的水暖、气暖、卫生、 供水、管道煤气及供电设备、吊顶、墙面涂料等。 【室内财产】包括（1）普通家用电器（包括安装在房屋外的空调器和太阳能热水器等家 用电器的室外设备）；（2）便携式家用电器（包括便携式电脑、移动电话、随身听、数码播 放器、电动剃须刀、照相机、摄像机）；（3）床上用品、衣物、鞋帽、箱包、手表；（4）家具； （5）文体娱乐用品，包括文具、书籍、球具、棋牌；（6）投保人申请且经保险人书面同意承 保的其他家庭财产。 【家庭成员】指与被保险人存在法律上的亲属关系的人员。 【暂居人员】指居住于标的房屋内超过五日的人员。 4 【间接损失】指有形财产的直接损坏、损毁后，进而造成的收益的减少或损失、价值的降 低'}, {'content': '中国平安财产保险股份有限公司 平安家庭财产保险条款 注册号：C00001732112019121811592 总则 第一条 本保险合同由保险条款、投保单、保险单、保险凭证以及批单等组成，凡涉及 本保险合同的约定，均应采用书面形式。 第二条 本保险合同的被保险人应为自然人。 第三条 本保险合同的投保人应为具有完全民事行为能力的自然人。 第四条 本保险合同可以承保的家庭财产包括由被保险人所有的房屋主体、房屋装修、 室内 财产 及其他经投保人申请且经保险人书面同意承保的其他家庭财产，具 体承保的 家 庭财产以保单载明为准。 第五条 下列财产不属于本保险合同的保险标的： （一）金银、首饰、珠宝、货币、有价证券、票证、邮票、古玩、文件、账册、技术资料、 图表、动植物以及其他无法鉴定价值的财产； （二）违章建筑、危险建筑、非法占有的财产； （三）用于生产经营的财产； （四）其他保险单中载明的不属于保障'}, {'content': '偿保险金义务。保险合同对给付保险金的期限有约定的，保险 人应当按照约定履行给付保险金的义务。保险人依照前款约定作出核定后，对不属于保险责 任的，应当自作出核定之日起三日内向被保险人发出拒绝给付保险金通知书，并说明理由。 第十六条 保险人自收到给付保险金的请求和有关证明、资料之日起六十日内，对其 给付的数额不能确定的，应当根据已有证明和资料可以确定的数额先予支付；保险人最终 确定给付的数额后，应当支付相应的差额。 投保人、被保险人义务 第十七条 除另有约定外，投保人应当在保险合同成立时缴纳保险费。 第十八条 订立保险合同，保险人就被保险人的有关情况提出询问的，投保人应当如 实告知。 2 投 保 人故 意 或 者因 重 大 过失 未 履 行前 款 规 定的 义 务 ，足 以 影 响保 险 人 决定 是 否 同意承保或者提高保险费率的，保险人有权解除本保险合同。 投 保 人故 意 不 履行 如 '}, {'content': '门、窗等。 【房屋装修】指房屋装潢中固定的、不能移动的硬装修，如固定装置的水暖、气暖、卫生、 供水、管道煤气及供电设备、吊顶、墙面涂料等。 【室内财产】包括（1）普通家用电器（包括安装在房屋外的空调器和太阳能热水器等家 用电器的室外设备）；（2）便携式家用电器（包括便携式电脑、移动电话、随身听、数码播 放器、电动剃须刀、照相机、摄像机）；（3）床上用品、衣物、鞋帽、箱包、手表；（4）家具； （5）文体娱乐用品，包括文具、书籍、球具、棋牌；（6）投保人申请且经保险人书面同意承 保的其他家庭财产。 【家庭成员】指与被保险人存在法律上的亲属关系的人员。 【暂居人员】指居住于标的房屋内超过五日的人员。 【间接损失】指有形财产的直接损坏、损毁后，进而造成的收益的减少或损失、价值的降 4 低以及支出的增加等后果损失。 【全部损失】指保险标的整体损毁，或保险标的的修复费用达到或超过出险当时的实际 价值，'}, {'content': '保险金额、房屋装修保险金额、室内财产保险金额， 由投保人与保险人双方约定，并在保险单中载明。 保险金额 保险人义务 第十三条 本保险合同成立后，保险人应当及时向投保人签发保险单或其他保险凭证。 第十四条 保险人按照本保险合同的约定，认为被保险人提供的有关索赔的证明和资 料不完整的，应当及时一次性通知投保人、被保险人补充提供。 第十五条 保险人收到被保险人的给付保险金的请求后，应当及时作出是否属于保险 责任的核定；情形复杂的，保险人将在确定是否属于保险责任的基本材料收集齐全后，尽 快做出核定。 保险人应当将核定结果通知被保险人；对属于保险责任的，在与被保险人达成给付保 险金的协议后十日内，履行赔偿保险金义务。保险合同对给付保险金的期限有约定的，保险 人应当按照约定履行给付保险金的义务。保险人依照前款约定作出核定后，对不属于保险责 任的，应当自作出核定之日起三日内向被保险人发出拒绝给付保险金通'}, {'content': '保险人双方协 商处理。如折归被保险人，由双方协商确定其价值，并在保险赔款中扣除。 第二十三条 保险标的发生保险责任范围内的损失，保险人按实际损失计算赔偿，以 保险金额和保险标的出险时实际价值的较小者为限。 被保险人为了防止或减少保险标的的损失所支付的必要、合理的费用，在保险标的损失 赔偿金额之外另行计算，以保险金额和被施救保险标的出险时实际价值的较小值为限 。 被施救的财产中，若含有本保险合同未承保财产的，按被施救保险标的的出险时实际价 值与全部被施救财产价值的比例分摊施救费用。 第二十四条 若保险标的发生部分损失，且该次赔偿金额与免赔额之和（不含施救费 用）小于保险金额时，保险人履行赔偿义务后，本保险合同的保险金额自损失发生之日 起按赔偿金额相应减少，且无需退还保险金额减少部分的保险费。 若 保 险标 的 发 生 全 部 损失 ， 或 该 次 赔偿 金 额 与免 赔 额 之和 （ 不 含'}, {'content': '无对应取值。 \n\n（注：根据提供的“待摘要整合部分”，并未直接提及具体的赔付限额数值或描述，仅说明了赔偿金额累计以保险单载明的保险金额为限，因此无法给出具体的赔付限额取值。）'}, {'content': '无对应取值。'}, {'content': '每次事故赔偿限额与免赔额由投保人与保险人协商确定，并在保险单中载明。'}, {'content': '无对应取值。'}, {'content': '无对应取值。'}]","10, 14, 24, 28, 29, 37"
平安安居尊享家财险,产品：平安安居尊享家财险	问题：申请理赔时需要提供哪些证明材料？,"根据平安安居尊享家财险条款，申请理赔时需要提供以下证明材料：

**一、基础材料：**
1. 保单号或有效保险凭证
2. 被保险人或其代表填具的索赔申请书
3. 被保险人的身份证明

**二、根据损失类型需提供的材料：**

**人身伤害赔偿需提供：**
- 受害人的病历、诊断证明、医疗费等医疗原始单据
- 人身伤害程度证明
- 伤残鉴定报告（如伤残）
- 死亡证明书（如死亡）

**财产损失赔偿需提供：**
- 财产损失、费用清单
- 发票或其他保险人认可的财产证明
- 损失证明及凭据

**三、其他必要材料：**
- 被保险人与受害人所签订的赔偿协议书或和解书
- 判决文书或仲裁裁决文书（如经诉讼或仲裁）
- 公安部门出具的相关证明（如盗抢案件）
- 投保人、被保险人所能提供的与确认保险事故性质、原因、损失程度等有关的其他证明和资料

**重要提示：**
- 发生保险事故后需尽快向保险人报案
- 盗抢案件需及时向公安部门报案
- 被保险人未履行索赔材料提供义务，导致无法核实损失情况的，保险人对无法核实部分不承担赔偿责任","[{'content': '门、窗等。 【房屋装修】指房屋装潢中固定的、不能移动的硬装修，如固定装置的水暖、气暖、卫生、 供水、管道煤气及供电设备、吊顶、墙面涂料等。 【室内财产】包括（1）普通家用电器（包括安装在房屋外的空调器和太阳能热水器等家 用电器的室外设备）；（2）便携式家用电器（包括便携式电脑、移动电话、随身听、数码播 放器、电动剃须刀、照相机、摄像机）；（3）床上用品、衣物、鞋帽、箱包、手表；（4）家具； （5）文体娱乐用品，包括文具、书籍、球具、棋牌；（6）投保人申请且经保险人书面同意承 保的其他家庭财产。 【家庭成员】指与被保险人存在法律上的亲属关系的人员。 【暂居人员】指居住于标的房屋内超过五日的人员。 【间接损失】指有形财产的直接损坏、损毁后，进而造成的收益的减少或损失、价值的降 4 低以及支出的增加等后果损失。 【全部损失】指保险标的整体损毁，或保险标的的修复费用达到或超过出险当时的实际 价值，'}, {'content': '保险人或其家庭成员、家庭雇佣人员、暂居人员私自承诺支付的费 用； 6．投保人、被保险人在投保之前已经知道或可以合理预见的索赔情况； 7．被保险人所有、管理的机动车辆或船舶对第三者造成的人身伤害和财产损失； 8．致害人在精神错乱、神智不清、意识不清等不能辨认自己行为或者不能控制自己行 为状态下造成的第三者人身伤害和财产损失，不论该状态由何原因（包括但不限于疾病、 服用药品或毒品、醉酒等）引起； 9．被保险人饲养的宠物对第三者造成的人身伤害和财产损失。 第七条 其他不属于本保险责任范围内的损失、费用和责任，保险人不负责赔偿。 赔偿限额与免赔额 第八条 本保险合同的每次事故赔偿限额与免赔额由投保人与保险人协商确定，并在保 险单中载明。 第九条 在保险期间内，保险人对每次事故承担的赔偿金额之和不超过每次事故赔偿 限额。 保险期间 第十条 本保险合同保险期间由投保人与保险人协商确定，以保险单载明的起'}, {'content': '、出价、约定、付款或赔偿，保险人不 受其约束。对于被保险人自行承诺或支付的赔偿金额，保险人有权重新核定，不属于本保 险责任范围或超出应赔偿限额的，保险人不承担赔偿责任。在处理索赔过程中，保险人有 权自行处理由其承担最终赔偿责任的任何索赔案件，被保险人有义务向保险人提供其所能提 供的资料和协助。 第十九条 被保险人获悉可能发生诉讼、仲裁时，应立即以书面形式通知保险人；接到 法院传票或其他法律文书后，应将其副本及时送交保险人。保险人有权以被保险人的名义处 理有关诉讼或仲裁事宜，被保险人应提供有关文件，并给予必要的协助。 对因被保险人未及时提供上述通知或必要协助导致损失的扩大，保险人不承担赔偿责 任。 第二十条 被保险人请求赔偿时，应向保险人提供下列证明和资料： 赔偿处理 1．保单号或有效保险凭证； 2．被保险人或其代表填具的索赔申请书； 3．受害人向被保险人提出索赔的相关材料； 4．造成受害人'}, {'content': '。 第二十条 被保险人请求赔偿时，应向保险人提供下列证明和资料： 赔偿处理 1．保单号或有效保险凭证； 2．被保险人或其代表填具的索赔申请书； 3．受害人向被保险人提出索赔的相关材料； 4．造成受害人人身伤害的，应包括：受害人的病历、诊断证明、医疗费等医疗原始单 据；受害人的人身伤害程度证明：受害人伤残的，应当提供具备相关法律法规要求的伤残鉴 定资格的医疗机构出具的伤残程度证明；受害人死亡的，公安机关或医疗机构出具的死亡证 明书； 5．造成受害人财产损失的，应包括：损失证明及凭据、费用清单； 6．被保险人与受害人所签订的赔偿协议书或和解书；经判决或仲裁的，应提供判决文 书或仲裁裁决文书； 7．投保人、被保险人所能提供的与确认保险事故的性质、原因、损失程度等有关的其 他证明和资料。 被保险人未履行前款约定的索赔材料提供义务，导致保险人无法核实损失情况的，保 险人对无法核实部分不承担赔偿责任。'}, {'content': '应立即向公安部门报案，否则，对因此扩大的损失，保 险人不承担赔偿责任。 第二十一条 当发生保险事故后，被保险人需尽快向保险人报案，并提供以下资料： 赔偿处理 （一）保单号和索赔申请书； （二）被保险人的身份证明； （三）财产损失、费用清单，发票（或其他保险人认可的财产证明）； （四）投保人、被保险人所能提供的与确认保险事故的性质、原因、损失程度等有关的其 他证明和资料。 被 保 险人 未 履 行前 款 约 定的 索 赔 材料 提 供 义务 ， 导 致保 险 人 无法 核 实 损失 情 况 的，保险人对无法核实的部分不承担赔偿责任。 第二十二条 保险标的遭受损失后，如果有残余价值，应由被保险人和保险人双方协 商处理。如折归被保险人，由双方协商确定其价值，并在保险赔款中扣除。 第二十三条 保险标的发生保险责任范围内的损失，保险人按实际损失计算赔偿，以 保险金额和保险标的出险时实际价值的较小者为'}, {'content': '在本附加保险合同下承担的赔偿金额累计以保险单载明的保险金额为限 。 责任免除 第四条 由于下列原因造成的损失，保险人不负责赔偿： （一）保险标的因窗外钩物行为、无明显现场痕迹的盗窃行为所致的损失； （二）因未锁房门致使保险标的遭受盗窃的损失； （ 三 ）被 保 险 人的 家 庭 成员 、 家 庭 雇 佣 人 员、 暂 居 人员 盗 抢 或者 纵 容 他人 盗 抢 而造成保险标的的损失； （ 四 ）保 险 标 的 在 存 放处 所 无 人居 住 或 无人 看 管 超过 六 十 天 的情 况 下 遭受 的 盗 窃损失； （五）不属于本附加保险合同保险标的范围内的财产遭受的盗抢损失； （ 六 ） 保 险 标的 在 保 险 单所 载 明 的保 险 地 址 的 房 屋外 遭 受 的盗 抢 损 失 ， 但 安装 在房屋外的空调器和太阳能热水器等家用电器的室外设备除外。 第 五条 本附加保险合同的保险金'}, {'content': '位于保险单所载明地址的房屋内的保险标的因遭受经公安部门确认的外部人员的入室抢劫行为或有明显现场痕迹的盗窃行为而丢失或损坏，自公安部门认定的案发之日起六十天内，被盗抢的保险标的仍未查获或被保险人仍未从盗抢人处获得赔偿的，对于丢失或损坏保险标的的直接损失，保险人按本附加保险合同的约定负责赔偿。'}, {'content': '火灾、爆炸；空中运行物体坠落、外界物体倒塌；台风、暴风、暴雨、龙卷风、雷击、洪水、冰雹、暴雪、崩塌、冰凌、突发性滑坡、泥石流、地面突然下陷下沉、地震、海啸等自然灾害造成的损失。'}, {'content': '第三者人身伤害责任、第三者财产损失责任、法律费用责任'}, {'content': '无对应取值。'}, {'content': '保险期间内，被保险房屋内及周边区域（楼上住户、隔壁邻居、业主共有部分）的水暖管突然爆裂导致的水浸、腐蚀损失，以及因此产生的水暖管修复费用和被保险人为防止或减少损失所支付的必要、合理费用，保险人按合同约定负责赔偿。保险标的包括家用电器的室外设备、便携式家用电器、床上用品、衣物、鞋帽、箱包、手表、家具、文体娱乐用品及其他经保险人书面同意承保的家庭财产。'}]","9, 14, 19, 49, 55, 56"
平安安居尊享家财险,产品：平安安居尊享家财险	问题：保险公司需要在多长时间内处理理赔申请？,"根据提供的保险条款内容，平安安居尊享家财险的理赔处理时间未在提供的条款中明确具体天数。但条款中包含了以下重要理赔规定：

1. **报案时效**：发生保险事故后，被保险人需""尽快""向保险人报案
2. **索赔材料**：被保险人需提供完整的索赔申请材料，包括：
   - 保单号或有效保险凭证
   - 索赔申请书
   - 被保险人的身份证明
   - 财产损失清单、发票等证明文件
   - 其他与确认事故性质、原因、损失程度相关的证明资料

3. **处理原则**：如果被保险人未能提供完整的索赔材料，导致保险人无法核实损失情况，保险人对无法核实的部分不承担赔偿责任

**建议**：
- 发生保险事故后应立即联系平安保险客服报案
- 尽快准备并提交完整的索赔材料
- 具体理赔处理时间建议直接咨询平安保险客服或查阅保单中的特别约定

根据《保险法》规定，保险公司在收到完整的理赔申请后，通常应在30日内作出核定，但具体时效以保险合同约定为准。","[{'content': '中国平安财产保险股份有限公司 平安产险居家责任保险条款 注册号：C00001730912022092241011 总则 第一条 本保险合同由保险条款、投保单、保险单、保险凭证以及批单组成。凡涉及本 保险合同的约定，均应采用书面形式。 第二条 本保险合同的被保险人包括： （一）保险单载明的被保险人； （二）经投保人申请且经保险人同意，保险单载明的被保险人的配偶、子女。 第三条 本保险合同的投保人应为具有完全民事行为能力的自然人。 保险责任 第四条 保险人可以承保下列一项或多项保险责任，具体由投保人和保险人在投保时 协商确定，并在保险单中载明。 （一）第三者人身伤害责任 保险期间内，在保险单载明的房屋内（包括房屋专属的天台、庭院），因发生下列意外 事故导致第三者人身伤亡的，依照中华人民共和国法律（不包括港澳台地区法律）应由被保 险人承担的经济赔偿责任，保险人按照本保险合同约定负责赔偿。 1．房'}, {'content': '门、窗等。 【房屋装修】指房屋装潢中固定的、不能移动的硬装修，如固定装置的水暖、气暖、卫生、 供水、管道煤气及供电设备、吊顶、墙面涂料等。 【室内财产】包括（1）普通家用电器（包括安装在房屋外的空调器和太阳能热水器等家 用电器的室外设备）；（2）便携式家用电器（包括便携式电脑、移动电话、随身听、数码播 放器、电动剃须刀、照相机、摄像机）；（3）床上用品、衣物、鞋帽、箱包、手表；（4）家具； （5）文体娱乐用品，包括文具、书籍、球具、棋牌；（6）投保人申请且经保险人书面同意承 保的其他家庭财产。 【家庭成员】指与被保险人存在法律上的亲属关系的人员。 【暂居人员】指居住于标的房屋内超过五日的人员。 【间接损失】指有形财产的直接损坏、损毁后，进而造成的收益的减少或损失、价值的降 4 低以及支出的增加等后果损失。 【全部损失】指保险标的整体损毁，或保险标的的修复费用达到或超过出险当时的实际 价值，'}, {'content': '中国平安财产保险股份有限公司 平安家庭财产保险条款 注册号：C00001732112019121811592 总则 第一条 本保险合同由保险条款、投保单、保险单、保险凭证以及批单等组成，凡涉及 本保险合同的约定，均应采用书面形式。 第二条 本保险合同的被保险人应为自然人。 第三条 本保险合同的投保人应为具有完全民事行为能力的自然人。 第四条 本保险合同可以承保的家庭财产包括由被保险人所有的房屋主体、房屋装修、 室内 财产 及其他经投保人申请且经保险人书面同意承保的其他家庭财产，具 体承保的 家 庭财产以保单载明为准。 第五条 下列财产不属于本保险合同的保险标的： （一）金银、首饰、珠宝、货币、有价证券、票证、邮票、古玩、文件、账册、技术资料、 图表、动植物以及其他无法鉴定价值的财产； （二）违章建筑、危险建筑、非法占有的财产； （三）用于生产经营的财产； （四）其他保险单中载明的不属于保障'}, {'content': '、出价、约定、付款或赔偿，保险人不 受其约束。对于被保险人自行承诺或支付的赔偿金额，保险人有权重新核定，不属于本保 险责任范围或超出应赔偿限额的，保险人不承担赔偿责任。在处理索赔过程中，保险人有 权自行处理由其承担最终赔偿责任的任何索赔案件，被保险人有义务向保险人提供其所能提 供的资料和协助。 第十九条 被保险人获悉可能发生诉讼、仲裁时，应立即以书面形式通知保险人；接到 法院传票或其他法律文书后，应将其副本及时送交保险人。保险人有权以被保险人的名义处 理有关诉讼或仲裁事宜，被保险人应提供有关文件，并给予必要的协助。 对因被保险人未及时提供上述通知或必要协助导致损失的扩大，保险人不承担赔偿责 任。 第二十条 被保险人请求赔偿时，应向保险人提供下列证明和资料： 赔偿处理 1．保单号或有效保险凭证； 2．被保险人或其代表填具的索赔申请书； 3．受害人向被保险人提出索赔的相关材料； 4．造成受害人'}, {'content': '应立即向公安部门报案，否则，对因此扩大的损失，保 险人不承担赔偿责任。 第二十一条 当发生保险事故后，被保险人需尽快向保险人报案，并提供以下资料： 赔偿处理 （一）保单号和索赔申请书； （二）被保险人的身份证明； （三）财产损失、费用清单，发票（或其他保险人认可的财产证明）； （四）投保人、被保险人所能提供的与确认保险事故的性质、原因、损失程度等有关的其 他证明和资料。 被 保 险人 未 履 行前 款 约 定的 索 赔 材料 提 供 义务 ， 导 致保 险 人 无法 核 实 损失 情 况 的，保险人对无法核实的部分不承担赔偿责任。 第二十二条 保险标的遭受损失后，如果有残余价值，应由被保险人和保险人双方协 商处理。如折归被保险人，由双方协商确定其价值，并在保险赔款中扣除。 第二十三条 保险标的发生保险责任范围内的损失，保险人按实际损失计算赔偿，以 保险金额和保险标的出险时实际价值的较小者为'}, {'content': '工、半天工、全天工、全天寄宿工等。 【暂居人员】指在被保险房屋内居住超过五天的人。 【故意行为】指明知道自己的行为会发生导致他人的人身伤亡或财产损失的结果，但仍 希望或放任这种结果发生的行为。 【每次事故】指因同一事故引起的一个或一系列索赔。 【保险单的现金价值】保险期间为一年及以内的，计算方法为：保险费×[1－（保险单 已经过天数/保险期间天数）]，经过天数不足一天的按一天计算。 保险期间为一年以上的，计算方法由投保人、保险人依据法律法规、人身保险精算规定 确定，并在保险合同中载明；如保险合同未载明的，则计算方法为保险费×[1－（保险单已 经过天数/保险期间天数）]，经过天数不足一天的按一天计算。'}, {'content': '位于保险单所载明地址的房屋内的保险标的因遭受经公安部门确认的外部人员的入室抢劫行为或有明显现场痕迹的盗窃行为而丢失或损坏，自公安部门认定的案发之日起六十天内，被盗抢的保险标的仍未查获或被保险人仍未从盗抢人处获得赔偿的，对于丢失或损坏保险标的的直接损失，保险人按本附加保险合同的约定负责赔偿。'}, {'content': '火灾、爆炸；空中运行物体坠落、外界物体倒塌；台风、暴风、暴雨、龙卷风、雷击、洪水、冰雹、暴雪、崩塌、冰凌、突发性滑坡、泥石流、地面突然下陷下沉、地震、海啸等自然灾害造成的损失。'}, {'content': '第三者人身伤害责任、第三者财产损失责任、法律费用责任'}, {'content': '无对应取值。'}, {'content': '保险期间内，被保险房屋内及周边区域（楼上住户、隔壁邻居、业主共有部分）的水暖管突然爆裂导致的水浸、腐蚀损失，以及因此产生的水暖管修复费用和被保险人为防止或减少损失所支付的必要、合理费用，保险人按合同约定负责赔偿。保险标的包括家用电器的室外设备、便携式家用电器、床上用品、衣物、鞋帽、箱包、手表、家具、文体娱乐用品及其他经保险人书面同意承保的家庭财产。'}]","9, 14, 24, 44, 55, 61"
平安安居尊享家财险,产品：平安安居尊享家财险	问题：如果理赔材料不齐全，保险公司会怎么处理？,"根据平安安居尊享家财险条款规定，如果理赔材料不齐全，保险公司会按以下方式处理：

1. **一次性通知补充材料**：保险公司认为索赔材料不完整的，会及时一次性通知投保人、被保险人补充提供所需证明和资料（依据条款第十五条）。

2. **对无法核实部分不承担赔偿责任**：若被保险人未履行提供完整索赔材料的义务，导致保险公司无法核实损失情况，保险公司对无法核实的部分不承担赔偿责任（依据条款第二十一条）。

3. **可能影响赔偿时效**：材料不全会影响保险公司的核定进度。对于情形复杂的案件，需在基本材料收集齐全后才能做出核定，可能延迟赔偿处理。

建议您在申请理赔时，按要求备齐材料（如保单号、索赔申请书、身份证明、损失清单及凭证等），以确保理赔顺利进行。如有疑问，可及时联系保险公司客服咨询具体材料要求。","[{'content': '应立即向公安部门报案，否则，对因此扩大的损失，保 险人不承担赔偿责任。 第二十一条 当发生保险事故后，被保险人需尽快向保险人报案，并提供以下资料： 赔偿处理 （一）保单号和索赔申请书； （二）被保险人的身份证明； （三）财产损失、费用清单，发票（或其他保险人认可的财产证明）； （四）投保人、被保险人所能提供的与确认保险事故的性质、原因、损失程度等有关的其 他证明和资料。 被 保 险人 未 履 行前 款 约 定的 索 赔 材料 提 供 义务 ， 导 致保 险 人 无法 核 实 损失 情 况 的，保险人对无法核实的部分不承担赔偿责任。 第二十二条 保险标的遭受损失后，如果有残余价值，应由被保险人和保险人双方协 商处理。如折归被保险人，由双方协商确定其价值，并在保险赔款中扣除。 第二十三条 保险标的发生保险责任范围内的损失，保险人按实际损失计算赔偿，以 保险金额和保险标的出险时实际价值的较小者为'}, {'content': '； （三）保护事故现场，允许并且协助保险人进行事故调查，对于拒绝或者妨碍保险 人进 行事故调 查导致无 法确定事 故原因或 核实损失 情况的， 对无法确 定或核实 的部 分，保险人不承担赔偿责任； （四）涉及违法、犯罪的，应立即向公安部门报案，否则，对因此扩大的损失，保 险人不承担赔偿责任。 第二十一条 当发生保险事故后，被保险人需尽快向保险人报案，并提供以下资料： 赔偿处理 （一）保单号和索赔申请书； （二）被保险人的身份证明； （三）财产损失、费用清单，发票（或其他保险人认可的财产证明）； （四）投保人、被保险人所能提供的与确认保险事故的性质、原因、损失程度等有关的其 他证明和资料。 被 保 险人 未 履 行前 款 约 定的 索 赔 材料 提 供 义务 ， 导 致保 险 人 无法 核 实 损失 情 况 的，保险人对无法核实的部分不承担赔偿责任。 第二十二条 保险标的遭受损失后，如果有残'}, {'content': '约定，认为被保险人提供的有关索赔的证明和资 料不完整的，应当及时一次性通知投保人、被保险人补充提供。 第十五条 保险人收到被保险人的给付保险金的请求后，应当及时作出是否属于保险 责任的核定；情形复杂的，保险人将在确定是否属于保险责任的基本材料收集齐全后，尽 快做出核定。 保险人应当将核定结果通知被保险人；对属于保险责任的，在与被保险人达成给付保 险金的协议后十日内，履行赔偿保险金义务。保险合同对给付保险金的期限有约定的，保险 人应当按照约定履行给付保险金的义务。保险人依照前款约定作出核定后，对不属于保险责 任的，应当自作出核定之日起三日内向被保险人发出拒绝给付保险金通知书，并说明理由。 第十六条 保险人自收到给付保险金的请求和有关证明、资料之日起六十日内，对其 给付的数额不能确定的，应当根据已有证明和资料可以确定的数额先予支付；保险人最终 确定给付的数额后，应当支付相应的差额。 投保人、被'}, {'content': '。 第二十条 被保险人请求赔偿时，应向保险人提供下列证明和资料： 赔偿处理 1．保单号或有效保险凭证； 2．被保险人或其代表填具的索赔申请书； 3．受害人向被保险人提出索赔的相关材料； 4．造成受害人人身伤害的，应包括：受害人的病历、诊断证明、医疗费等医疗原始单 据；受害人的人身伤害程度证明：受害人伤残的，应当提供具备相关法律法规要求的伤残鉴 定资格的医疗机构出具的伤残程度证明；受害人死亡的，公安机关或医疗机构出具的死亡证 明书； 5．造成受害人财产损失的，应包括：损失证明及凭据、费用清单； 6．被保险人与受害人所签订的赔偿协议书或和解书；经判决或仲裁的，应提供判决文 书或仲裁裁决文书； 7．投保人、被保险人所能提供的与确认保险事故的性质、原因、损失程度等有关的其 他证明和资料。 被保险人未履行前款约定的索赔材料提供义务，导致保险人无法核实损失情况的，保 险人对无法核实部分不承担赔偿责任。'}, {'content': ' 【间接损失】指有形财产的直接损坏、损毁后，进而造成的收益的减少或损失、价值的降 4 低以及支出的增加等后果损失。 【全部损失】指保险标的整体损毁，或保险标的的修复费用达到或超过出险当时的实际 价值，保险人可推定全损。 【未满期保费】未满期保费=保险费*（1\xad保险单已经过天数/保险期间天数），其 中保单已经过天数未满一天的按一天计算。 5'}, {'content': '核定结果通知被保险人；对属于保险责任的，在与被保险人达成赔偿保险 金的协议后十日内，履行赔偿保险金义务。保险合同对赔偿保险金的期限有约定的，保险人 应当按照约定履行赔偿保险金的义务。保险人依照前款的规定作出核定后，对不属于保险责 任的，应当自作出核定之日起三日内向被保险人发出拒绝赔偿保险金通知书，并说明理由。 第十四条 保险人自收到赔偿保险金的请求和有关证明、资料之日起六十日内，对其赔 偿保险金的数额不能确定的，应当根据已有证明和资料可以确定的数额先予支付；保险人最 终确定赔偿的数额后，应当支付相应的差额。 投保人、被保险人义务 第十五条 订立保险合同，保险人就保险标的或者被保险人的有关情况提出询问的，投 保人应当如实告知。 投保人故意或者因重大过失未履行前款规定的如实告知义务，足以影响保险人决定是否 同意承保或者提高保险费率的，保险人有权解除保险合同。 前款规定的合同解除权，自保险人知道'}, {'content': '保险标的因窗外钩物行为、无明显现场痕迹的盗窃行为所致的损失；因未锁房门导致的盗窃损失；被保险人家庭成员、家庭雇佣人员、暂居人员盗抢或纵容他人盗抢造成的损失；保险标的在存放处无居住或无人看管超过六十天的盗窃损失；不属于保险标的范围内的财产盗抢损失；保险标的在保险单所载地址房屋外的盗抢损失（安装在房屋外的空调器和太阳能热水器等家用电器的室外设备除外）。'}, {'content': '投保人、被保险人及其家庭成员、家庭雇佣人员、暂居人员的故意或重大过失行为；战争、军事行动、暴动或武装叛乱；核辐射、核爆炸、核污染及其他放射性污染；地震、海啸，及其次生灾害；行政行为或司法行为；家用电器因超电压、碰线、漏电、自身发热等原因所造成的自身损毁，但发生燃烧造成火灾的除外；保险标的因自身缺陷、变质、霉烂、受潮、虫咬、自然磨损，或保管不善所导致的损失；保险标的在保险单载明地址的房屋外遭受的损失，但安装在房屋外的空调器和太阳能热水器等家用电器的室外设备除外；间接损失；仅因烘、烤、烫、烙造成的焦糊变质损失；正常燃烧；电机、电器、电气设备因超电压、碰线、孤花、漏电、自身发热造成的本身损毁；物体本身瑕疵、使用损耗或产品质量低劣造成的损失；容器内部承受负压造成的损失；规律性的涨潮；自动灭火设施漏水；常年水位以下或地下渗水；水管爆裂；未按建筑施工要求导致建筑地基下沉、裂缝、倒塌等。'}, {'content': '投保人、被保险人及其家庭成员、家庭雇佣人员、暂居人员的故意行为、重大过失行为或者犯罪行为；战争、敌对行动、军事行为、武装冲突、罢工、骚乱、暴动、恐怖活动；核辐射、核爆炸、核污染及其他放射性污染；大气污染、土地污染、水污染及其他各种污染；行政行为或司法行为；被保险人侵害第三者姓名权、名称权、肖像权、名誉权、荣誉权以及个人隐私的行为；被保险人及其家庭成员、家庭雇佣人员、暂居人员的人身伤亡及其所有、租用或保管的财产的损失；被保险人应该承担的合同责任，但无合同存在时仍然应由被保险人承担的经济赔偿责任不在此限；罚款、罚金及惩罚性赔偿；精神损害赔偿；间接损失以及被保险人或其家庭成员、家庭雇佣人员、暂居人员私自承诺支付的费用；投保人、被保险人在投保之前已经知道或可以合理预见的索赔情况；被保险人所有、管理的机动车辆或船舶对第三者造成的人身伤害和财产损失；致害人在精神错乱、神智不清、意识不清等不能辨认自己行为或者不能控制自己行为状态下造成的第三者人身伤害和财产损失，不论该状态由何原因（包括但不限于疾病、服用药品或毒品、醉酒等）引起；被保险人饲养的宠物对第三者造成的人身伤害和财产损失；其他不属于本保险责任'}, {'content': '无对应取值。'}, {'content': '由于下列原因造成的损失，保险人不承担赔偿责任：投保人、被保险人及其家庭成员、家庭雇佣人员、暂居人员的故意或重大过失行为；战争、军事行动、暴动或武装叛乱；核辐射、核爆炸、核污染及其他放射性污染；地震、海啸，及其次生灾害；行政行为或司法行为；擅自改变原管道设计用途。下列损失、费用，保险人不承担赔偿责任：在水暖管保质期内，应由生产厂商或销售商承担的水暖管更换费用以及其他应承担赔偿责任的其他财产损失；任何间接损失。'}]","5, 9, 15, 32, 51, 56"
平安安居尊享家财险,产品：平安安居尊享家财险	问题：房屋装修时擅自改动水管会影响理赔吗？,"根据平安安居尊享家财险条款规定，房屋装修时擅自改动水管会影响理赔。

具体依据如下：

1. **责任免除条款第八条**明确规定：""擅自改变原管道设计用途""造成的损失，保险人不承担赔偿责任。

2. **责任免除条款第八条**还规定：""投保人、被保险人及其家庭成员、家庭雇佣人员、暂居人员的故意或重大过失行为""造成的损失，保险人不承担赔偿责任。擅自改动水管属于重大过失行为。

3. **第十九条**要求被保险人应当遵守国家有关安全规定，采取合理预防措施，若未履行对保险标的的安全应尽责任，保险人有权解除合同。

因此，如果因擅自改动水管导致水暖管爆裂等保险事故，保险公司有权拒绝赔付。建议在进行房屋装修时，如需改动水管等管道设施，应按照规范施工并保留相关记录，以免影响保险保障。","[{'content': '人故 意 或 者因 重 大 过失 未 履 行前 款 规 定的 义 务 ，足 以 影 响保 险 人 决定 是 否 同意承保或者提高保险费率的，保险人有权解除本保险合同。 投 保 人故 意 不 履行 如 实 告知 义 务 的， 保 险 人对 于 合 同解 除 前 发生 的 保 险事 故 ， 不承担给付保险金责任，并不退还保险费。 投 保 人因 重 大 过失 未 履 行如 实 告 知义 务 ， 对保 险 事 故的 发 生 有 严 重 影 响的 ， 保 险人对于合同解除前发生的保险事故，不承担给付保险金责任，但应当退还保险费。 第十九条 被保险人应当遵守国家有关消防、安全等方面的规定，采取合理的预防措 施，尽力避免或减少保险事故的发生，维护保险标的的安全。 若被保险人未按照约定履行对保险标的的安全应尽责任，保险人有权要求增加 保险费或者解除合同。 第二十条 保险事故发生后，被保险人应当： （一）尽'}, {'content': '浸、腐蚀发生的损失，保险人按本保险合同约定负责赔偿。 第七条 保险事故发生后，被保险人为防止或减少保险标的的损失所支付的必要的、 合理的费用，保险人按照本保险合同的约定负责赔偿。 责任免除 第八条 由于下列原因造成的损失，保险人不承担赔偿责任： （一）投保人、被保险人及其家庭成员、家庭雇佣人员、暂居人员的故意或重大过 失行为； （二）战争、军事行动、暴动或武装叛乱； （三）核辐射、核爆炸、核污染及其他放射性污染； （四）地震、海啸，及其次生灾害； 1 （五）行政行为或司法行为； （六）擅自改变原管道设计用途。 第九条 下列损失、费用，保险人不承担赔偿责任： （ 一 ） 在 水暖 管 保 质期 内 ， 应由 生 产 厂商 或 销 售商 承 担 的水 暖 管 更换 费 用 以及 其应承担赔偿责任的其他财产损失； （二）任何间接损失。 第 十条 每次 事故免赔 额（率） 由 投保 人 与 保险人'}, {'content': '门、窗等。 【房屋装修】指房屋装潢中固定的、不能移动的硬装修，如固定装置的水暖、气暖、卫生、 供水、管道煤气及供电设备、吊顶、墙面涂料等。 【室内财产】包括（1）普通家用电器（包括安装在房屋外的空调器和太阳能热水器等家 用电器的室外设备）；（2）便携式家用电器（包括便携式电脑、移动电话、随身听、数码播 放器、电动剃须刀、照相机、摄像机）；（3）床上用品、衣物、鞋帽、箱包、手表；（4）家具； （5）文体娱乐用品，包括文具、书籍、球具、棋牌；（6）投保人申请且经保险人书面同意承 保的其他家庭财产。 【家庭成员】指与被保险人存在法律上的亲属关系的人员。 【暂居人员】指居住于标的房屋内超过五日的人员。 【间接损失】指有形财产的直接损坏、损毁后，进而造成的收益的减少或损失、价值的降 4 低以及支出的增加等后果损失。 【全部损失】指保险标的整体损毁，或保险标的的修复费用达到或超过出险当时的实际 价值，'}, {'content': '中国平安财产保险股份有限公司 平安水暖管爆裂损失费用补偿保险条款 注册号：C00001732112019112800111 总则 第一条 本保险合同由保险条款、投保单、保险单、保险凭证以及批单等组成，凡涉及 本保险合同的约定，均应采用书面形式。 第二条 本保险合同的被保险人应为自然人。 第三条 本保险合同的投保人应为具有完全民事行为能力的自然人。 第四条 本保险合同的保险标的包括由被保险人所有的房屋主体、房屋装修、室内财 产 及其他经投保人申请且经保险人书面同意承保的其他家庭财产，具 体 承保 的 家 庭财 产 以保单载明为准。 第五条 下列财产不属于本保险合同的保险标的： （一）金银、首饰、珠宝、货币、有价证券、票证、邮票、古玩、文件、账册、技术资料、 图表、动植物以及其他无法鉴定价值的财产； （二）违章建筑、危险建筑、非法占有的财产； （三）用于生产经营的财产； （四）其他保险单中载明'}, {'content': '结构、围护结构，但不包括独立于房屋主体之外的车库、围 墙等附属建筑物。其中，围护结构是指围合建筑空间四周的墙体、门、窗等。 【房屋装修】指房屋装潢中固定的、不能移动的硬装修，如固定装置的水暖、气暖、卫生、 供水、管道煤气及供电设备、吊顶、墙面涂料等。 【室内财产】包括（1）普通家用电器（包括安装在房屋外的空调器和太阳能热水器等家 用电器的室外设备）；（2）便携式家用电器（包括便携式电脑、移动电话、随身听、数码播 放器、电动剃须刀、照相机、摄像机）；（3）床上用品、衣物、鞋帽、箱包、手表；（4）家具； （5）文体娱乐用品，包括文具、书籍、球具、棋牌；（6）投保人申请且经保险人书面同意承 保的其他家庭财产。 【家庭成员】指与被保险人存在法律上的亲属关系的人员。 【暂居人员】指居住于标的房屋内超过五日的人员。 4 【间接损失】指有形财产的直接损坏、损毁后，进而造成的收益的减少或损失、价值的降 低'}, {'content': '珠宝、货币、有价证券、票证、邮票、古玩、文件、账册、技术资料、 图表、动植物以及其他无法鉴定价值的财产； （二）违章建筑、危险建筑、非法占有的财产； （三）用于生产经营的财产； （四）其他保险单中载明的不属于保障范围的财产； （五）其他不属于第四条所列范围的财产。 保险责任 第六条 保险期间内，被保险房屋内自来水管道、暖气管道（含暖气片）、下水管道、 太阳能热水器室内外管道、以及连接管道的阀门（以下简称“水暖管”）突然爆裂，对于因 此产生的水暖管修复费用，保险人按本保险合同的约定负责赔偿。 保险期间内，被保险房屋内、楼上住户、隔壁邻居家以及属于业主共有部分的水暖管突 然爆裂，导致保险标的遭受水浸、腐蚀发生的损失，保险人按本保险合同约定负责赔偿。 第七条 保险事故发生后，被保险人为防止或减少保险标的的损失所支付的必要的、 合理的费用，保险人按照本保险合同的约定负责赔偿。 责任免除 第八条 由'}, {'content': '保险标的因窗外钩物行为、无明显现场痕迹的盗窃行为所致的损失；因未锁房门导致的盗窃损失；被保险人家庭成员、家庭雇佣人员、暂居人员盗抢或纵容他人盗抢造成的损失；保险标的在存放处无居住或无人看管超过六十天的盗窃损失；不属于保险标的范围内的财产盗抢损失；保险标的在保险单所载地址房屋外的盗抢损失（安装在房屋外的空调器和太阳能热水器等家用电器的室外设备除外）。'}, {'content': '投保人、被保险人及其家庭成员、家庭雇佣人员、暂居人员的故意或重大过失行为；战争、军事行动、暴动或武装叛乱；核辐射、核爆炸、核污染及其他放射性污染；地震、海啸，及其次生灾害；行政行为或司法行为；家用电器因超电压、碰线、漏电、自身发热等原因所造成的自身损毁，但发生燃烧造成火灾的除外；保险标的因自身缺陷、变质、霉烂、受潮、虫咬、自然磨损，或保管不善所导致的损失；保险标的在保险单载明地址的房屋外遭受的损失，但安装在房屋外的空调器和太阳能热水器等家用电器的室外设备除外；间接损失；仅因烘、烤、烫、烙造成的焦糊变质损失；正常燃烧；电机、电器、电气设备因超电压、碰线、孤花、漏电、自身发热造成的本身损毁；物体本身瑕疵、使用损耗或产品质量低劣造成的损失；容器内部承受负压造成的损失；规律性的涨潮；自动灭火设施漏水；常年水位以下或地下渗水；水管爆裂；未按建筑施工要求导致建筑地基下沉、裂缝、倒塌等。'}, {'content': '投保人、被保险人及其家庭成员、家庭雇佣人员、暂居人员的故意行为、重大过失行为或者犯罪行为；战争、敌对行动、军事行为、武装冲突、罢工、骚乱、暴动、恐怖活动；核辐射、核爆炸、核污染及其他放射性污染；大气污染、土地污染、水污染及其他各种污染；行政行为或司法行为；被保险人侵害第三者姓名权、名称权、肖像权、名誉权、荣誉权以及个人隐私的行为；被保险人及其家庭成员、家庭雇佣人员、暂居人员的人身伤亡及其所有、租用或保管的财产的损失；被保险人应该承担的合同责任，但无合同存在时仍然应由被保险人承担的经济赔偿责任不在此限；罚款、罚金及惩罚性赔偿；精神损害赔偿；间接损失以及被保险人或其家庭成员、家庭雇佣人员、暂居人员私自承诺支付的费用；投保人、被保险人在投保之前已经知道或可以合理预见的索赔情况；被保险人所有、管理的机动车辆或船舶对第三者造成的人身伤害和财产损失；致害人在精神错乱、神智不清、意识不清等不能辨认自己行为或者不能控制自己行为状态下造成的第三者人身伤害和财产损失，不论该状态由何原因（包括但不限于疾病、服用药品或毒品、醉酒等）引起；被保险人饲养的宠物对第三者造成的人身伤害和财产损失；其他不属于本保险责任'}, {'content': '无对应取值。'}, {'content': '由于下列原因造成的损失，保险人不承担赔偿责任：投保人、被保险人及其家庭成员、家庭雇佣人员、暂居人员的故意或重大过失行为；战争、军事行动、暴动或武装叛乱；核辐射、核爆炸、核污染及其他放射性污染；地震、海啸，及其次生灾害；行政行为或司法行为；擅自改变原管道设计用途。下列损失、费用，保险人不承担赔偿责任：在水暖管保质期内，应由生产厂商或销售商承担的水暖管更换费用以及其他应承担赔偿责任的其他财产损失；任何间接损失。'}]","1, 2, 3, 14, 30, 37"
平安安居尊享家财险,产品：平安安居尊享家财险	问题：因水管爆裂导致的间接损失能获得赔偿吗？,"根据平安安居尊享家财险条款内容，因水管爆裂导致的间接损失**不能获得赔偿**。

具体依据如下：

1. 在《平安水暖管爆裂损失费用补偿保险条款》的""责任免除""部分明确列出：""任何间接损失""属于保险人不承担赔偿责任的范围。

2. 条款中对""间接损失""有明确定义：指有形财产的直接损坏、损毁后，进而造成的收益的减少或损失、价值的降低以及支出的增加等后果损失。

3. 虽然该保险承保因水暖管爆裂导致的直接损失（如水浸、腐蚀造成的损失），但明确排除了间接损失的赔偿责任。

因此，如果水管爆裂导致的是间接损失，如因维修期间无法居住而产生的额外住宿费用、营业收入的减少等，都不在保险赔偿范围内。","[{'content': '门、窗等。 【房屋装修】指房屋装潢中固定的、不能移动的硬装修，如固定装置的水暖、气暖、卫生、 供水、管道煤气及供电设备、吊顶、墙面涂料等。 【室内财产】包括（1）普通家用电器（包括安装在房屋外的空调器和太阳能热水器等家 用电器的室外设备）；（2）便携式家用电器（包括便携式电脑、移动电话、随身听、数码播 放器、电动剃须刀、照相机、摄像机）；（3）床上用品、衣物、鞋帽、箱包、手表；（4）家具； （5）文体娱乐用品，包括文具、书籍、球具、棋牌；（6）投保人申请且经保险人书面同意承 保的其他家庭财产。 【家庭成员】指与被保险人存在法律上的亲属关系的人员。 【暂居人员】指居住于标的房屋内超过五日的人员。 【间接损失】指有形财产的直接损坏、损毁后，进而造成的收益的减少或损失、价值的降 4 低以及支出的增加等后果损失。 【全部损失】指保险标的整体损毁，或保险标的的修复费用达到或超过出险当时的实际 价值，'}, {'content': '人承担的补偿责任，保险人 按照本保险合同约定负责赔偿。 （二）第三者财产损失责任 保险期间内，在保险单载明的房屋内（包括房屋专属的天台、庭院），因发生下列意外 事故导致第三者财产损失的，依照中华人民共和国法律（不包括港澳台地区法律）应由被保 险人承担的经济赔偿责任，保险人按照本保险合同约定负责赔偿。 1．房屋内的物体（包括安装在房屋外的空调和太阳能热水器等家用电器的室外设备） 发生高空坠落； 2．房屋内自来水管道、暖气管道（含暖气片）、下水管道以及太阳能热水器室内外管道 因高压、碰撞、严寒、高温导致爆裂； 3．房屋内发生火灾、爆炸； 4．在房屋内发生的其他意外事故。 保险单载明的房屋所在建筑物发生高空抛物或高空坠物事故造成第三者财产损失，难以 确定具体侵权人的，对于人民法院依法作出生效判决需由被保险人承担的补偿责任，保险人 按照本保险合同约定负责赔偿。 （三）法律费用责任 上述第（一）或（'}, {'content': '中国平安财产保险股份有限公司 平安水暖管爆裂损失费用补偿保险条款 注册号：C00001732112019112800111 总则 第一条 本保险合同由保险条款、投保单、保险单、保险凭证以及批单等组成，凡涉及 本保险合同的约定，均应采用书面形式。 第二条 本保险合同的被保险人应为自然人。 第三条 本保险合同的投保人应为具有完全民事行为能力的自然人。 第四条 本保险合同的保险标的包括由被保险人所有的房屋主体、房屋装修、室内财 产 及其他经投保人申请且经保险人书面同意承保的其他家庭财产，具 体 承保 的 家 庭财 产 以保单载明为准。 第五条 下列财产不属于本保险合同的保险标的： （一）金银、首饰、珠宝、货币、有价证券、票证、邮票、古玩、文件、账册、技术资料、 图表、动植物以及其他无法鉴定价值的财产； （二）违章建筑、危险建筑、非法占有的财产； （三）用于生产经营的财产； （四）其他保险单中载明'}, {'content': '房屋内（包括房屋专属的天台、庭院），因发生下列意外 事故导致第三者人身伤亡的，依照中华人民共和国法律（不包括港澳台地区法律）应由被保 险人承担的经济赔偿责任，保险人按照本保险合同约定负责赔偿。 1．房屋内的物体（包括安装在房屋外的空调和太阳能热水器等家用电器的室外设备） 发生高空坠落； 2．房屋内自来水管道、暖气管道（含暖气片）、下水管道以及太阳能热水器室内外管道 因高压、碰撞、严寒、高温导致爆裂； 3．房屋内发生火灾、爆炸； 4．在房屋内发生的其他意外事故。 保险单载明的房屋所在建筑物发生高空抛物或高空坠物事故造成第三者人身伤害，难以 确定具体侵权人的，对于人民法院依法作出生效判决需由被保险人承担的补偿责任，保险人 按照本保险合同约定负责赔偿。 （二）第三者财产损失责任 保险期间内，在保险单载明的房屋内（包括房屋专属的天台、庭院），因发生下列意外 事故导致第三者财产损失的，依照中华人民共'}, {'content': '珠宝、货币、有价证券、票证、邮票、古玩、文件、账册、技术资料、 图表、动植物以及其他无法鉴定价值的财产； （二）违章建筑、危险建筑、非法占有的财产； （三）用于生产经营的财产； （四）其他保险单中载明的不属于保障范围的财产； （五）其他不属于第四条所列范围的财产。 保险责任 第六条 保险期间内，被保险房屋内自来水管道、暖气管道（含暖气片）、下水管道、 太阳能热水器室内外管道、以及连接管道的阀门（以下简称“水暖管”）突然爆裂，对于因 此产生的水暖管修复费用，保险人按本保险合同的约定负责赔偿。 保险期间内，被保险房屋内、楼上住户、隔壁邻居家以及属于业主共有部分的水暖管突 然爆裂，导致保险标的遭受水浸、腐蚀发生的损失，保险人按本保险合同约定负责赔偿。 第七条 保险事故发生后，被保险人为防止或减少保险标的的损失所支付的必要的、 合理的费用，保险人按照本保险合同的约定负责赔偿。 责任免除 第八条 由'}, {'content': '中国平安财产保险股份有限公司 平安产险居家责任保险条款 注册号：C00001730912022092241011 总则 第一条 本保险合同由保险条款、投保单、保险单、保险凭证以及批单组成。凡涉及本 保险合同的约定，均应采用书面形式。 第二条 本保险合同的被保险人包括： （一）保险单载明的被保险人； （二）经投保人申请且经保险人同意，保险单载明的被保险人的配偶、子女。 第三条 本保险合同的投保人应为具有完全民事行为能力的自然人。 保险责任 第四条 保险人可以承保下列一项或多项保险责任，具体由投保人和保险人在投保时 协商确定，并在保险单中载明。 （一）第三者人身伤害责任 保险期间内，在保险单载明的房屋内（包括房屋专属的天台、庭院），因发生下列意外 事故导致第三者人身伤亡的，依照中华人民共和国法律（不包括港澳台地区法律）应由被保 险人承担的经济赔偿责任，保险人按照本保险合同约定负责赔偿。 1．房'}, {'content': '保险标的因窗外钩物行为、无明显现场痕迹的盗窃行为所致的损失；因未锁房门导致的盗窃损失；被保险人家庭成员、家庭雇佣人员、暂居人员盗抢或纵容他人盗抢造成的损失；保险标的在存放处无居住或无人看管超过六十天的盗窃损失；不属于保险标的范围内的财产盗抢损失；保险标的在保险单所载地址房屋外的盗抢损失（安装在房屋外的空调器和太阳能热水器等家用电器的室外设备除外）。'}, {'content': '投保人、被保险人及其家庭成员、家庭雇佣人员、暂居人员的故意或重大过失行为；战争、军事行动、暴动或武装叛乱；核辐射、核爆炸、核污染及其他放射性污染；地震、海啸，及其次生灾害；行政行为或司法行为；家用电器因超电压、碰线、漏电、自身发热等原因所造成的自身损毁，但发生燃烧造成火灾的除外；保险标的因自身缺陷、变质、霉烂、受潮、虫咬、自然磨损，或保管不善所导致的损失；保险标的在保险单载明地址的房屋外遭受的损失，但安装在房屋外的空调器和太阳能热水器等家用电器的室外设备除外；间接损失；仅因烘、烤、烫、烙造成的焦糊变质损失；正常燃烧；电机、电器、电气设备因超电压、碰线、孤花、漏电、自身发热造成的本身损毁；物体本身瑕疵、使用损耗或产品质量低劣造成的损失；容器内部承受负压造成的损失；规律性的涨潮；自动灭火设施漏水；常年水位以下或地下渗水；水管爆裂；未按建筑施工要求导致建筑地基下沉、裂缝、倒塌等。'}, {'content': '投保人、被保险人及其家庭成员、家庭雇佣人员、暂居人员的故意行为、重大过失行为或者犯罪行为；战争、敌对行动、军事行为、武装冲突、罢工、骚乱、暴动、恐怖活动；核辐射、核爆炸、核污染及其他放射性污染；大气污染、土地污染、水污染及其他各种污染；行政行为或司法行为；被保险人侵害第三者姓名权、名称权、肖像权、名誉权、荣誉权以及个人隐私的行为；被保险人及其家庭成员、家庭雇佣人员、暂居人员的人身伤亡及其所有、租用或保管的财产的损失；被保险人应该承担的合同责任，但无合同存在时仍然应由被保险人承担的经济赔偿责任不在此限；罚款、罚金及惩罚性赔偿；精神损害赔偿；间接损失以及被保险人或其家庭成员、家庭雇佣人员、暂居人员私自承诺支付的费用；投保人、被保险人在投保之前已经知道或可以合理预见的索赔情况；被保险人所有、管理的机动车辆或船舶对第三者造成的人身伤害和财产损失；致害人在精神错乱、神智不清、意识不清等不能辨认自己行为或者不能控制自己行为状态下造成的第三者人身伤害和财产损失，不论该状态由何原因（包括但不限于疾病、服用药品或毒品、醉酒等）引起；被保险人饲养的宠物对第三者造成的人身伤害和财产损失；其他不属于本保险责任'}, {'content': '无对应取值。'}, {'content': '由于下列原因造成的损失，保险人不承担赔偿责任：投保人、被保险人及其家庭成员、家庭雇佣人员、暂居人员的故意或重大过失行为；战争、军事行动、暴动或武装叛乱；核辐射、核爆炸、核污染及其他放射性污染；地震、海啸，及其次生灾害；行政行为或司法行为；擅自改变原管道设计用途。下列损失、费用，保险人不承担赔偿责任：在水暖管保质期内，应由生产厂商或销售商承担的水暖管更换费用以及其他应承担赔偿责任的其他财产损失；任何间接损失。'}]","1, 2, 14, 44, 45, 46"
平安安居尊享家财险,产品：平安安居尊享家财险	问题：家庭成员故意损坏水管能获得赔偿吗？,"根据平安安居尊享家财险相关条款规定，家庭成员故意损坏水管造成的损失不在保险责任范围内。

具体依据：
1. 在《平安水暖管爆裂损失费用补偿保险条款》第八条""责任免除""中明确规定：
""由于下列原因造成的损失，保险人不承担赔偿责任：
（一）投保人、被保险人及其家庭成员、家庭雇佣人员、暂居人员的故意或重大过失行为""

2. 水管属于房屋装修中的固定装置，虽然属于保险标的范围，但因家庭成员的故意行为造成的损失属于责任免除情形。

因此，家庭成员故意损坏水管造成的损失无法获得保险赔偿。建议家庭成员之间加强沟通，避免此类情况发生。","[{'content': '门、窗等。 【房屋装修】指房屋装潢中固定的、不能移动的硬装修，如固定装置的水暖、气暖、卫生、 供水、管道煤气及供电设备、吊顶、墙面涂料等。 【室内财产】包括（1）普通家用电器（包括安装在房屋外的空调器和太阳能热水器等家 用电器的室外设备）；（2）便携式家用电器（包括便携式电脑、移动电话、随身听、数码播 放器、电动剃须刀、照相机、摄像机）；（3）床上用品、衣物、鞋帽、箱包、手表；（4）家具； （5）文体娱乐用品，包括文具、书籍、球具、棋牌；（6）投保人申请且经保险人书面同意承 保的其他家庭财产。 【家庭成员】指与被保险人存在法律上的亲属关系的人员。 【暂居人员】指居住于标的房屋内超过五日的人员。 【间接损失】指有形财产的直接损坏、损毁后，进而造成的收益的减少或损失、价值的降 4 低以及支出的增加等后果损失。 【全部损失】指保险标的整体损毁，或保险标的的修复费用达到或超过出险当时的实际 价值，'}, {'content': '的仍未查获的， 对于丢失保险标的的直接损失，保险人按本附加保险合同的约定负责赔偿。 （二）位于保险单所载明地址的房屋内的保险标的在遭受经公安部门确认的外部人员 的入室抢劫或有明显现场痕迹的盗窃过程中被损坏，自公安部门认定的案发之日起六十天 内，被保险人仍未从盗抢人处获得赔偿的，对于保险标的的直接损失，保险人按本附加保 险合同的约定负责赔偿。 在订立保险合同时，投保人可以对导致保险责任的外部人员入室方式（包括但不限于 从窗入室、从门入室）进行选择，具体以保单载明为准，保险人仅对保单载明的入室方 式导致的保险事故承担赔偿责任 。若保单未载明，则不对导致保险责任的外部人员入室 方式进行限制。 保险人在本附加保险合同下承担的赔偿金额累计以保险单载明的保险金额为限 。 责任免除 第四条 由于下列原因造成的损失，保险人不负责赔偿： （一）保险标的因窗外钩物行为、无明显现场痕迹的盗窃行为所致的损失； （'}, {'content': '结构、围护结构，但不包括独立于房屋主体之外的车库、围 墙等附属建筑物。其中，围护结构是指围合建筑空间四周的墙体、门、窗等。 【房屋装修】指房屋装潢中固定的、不能移动的硬装修，如固定装置的水暖、气暖、卫生、 供水、管道煤气及供电设备、吊顶、墙面涂料等。 【室内财产】包括（1）普通家用电器（包括安装在房屋外的空调器和太阳能热水器等家 用电器的室外设备）；（2）便携式家用电器（包括便携式电脑、移动电话、随身听、数码播 放器、电动剃须刀、照相机、摄像机）；（3）床上用品、衣物、鞋帽、箱包、手表；（4）家具； （5）文体娱乐用品，包括文具、书籍、球具、棋牌；（6）投保人申请且经保险人书面同意承 保的其他家庭财产。 【家庭成员】指与被保险人存在法律上的亲属关系的人员。 【暂居人员】指居住于标的房屋内超过五日的人员。 4 【间接损失】指有形财产的直接损坏、损毁后，进而造成的收益的减少或损失、价值的降 低'}, {'content': '屋外的空调器和太阳能热水器等家用电器的室外设 备）； 2．便携式家用电器：包括便携式电脑、移动电话、随声听、数码播放器、电动剃须 刀、照相机、摄像机； （二）床上用品、衣物、鞋帽、箱包； （三）家具； （四）文体娱乐用品，包括文具、书籍、球具、棋牌； （五）门、窗、锁； （六）现金、金银珠宝、首饰、手表； （七）经投保人申请且经保险人书面同意承保的其他家庭财产。 保险责任 第 三条 保险期间内，保险人承担以下赔偿责任：（一）位于 保险单所载明地址的房 屋内的保险标的因遭受经公安部门确认的外部人员的入室抢劫行为或有明显现场痕迹的盗 窃行为而丢失，自公安部门认定的案发之日起六十天内，被盗抢的保险标的仍未查获的， 对于丢失保险标的的直接损失，保险人按本附加保险合同的约定负责赔偿。 （二）位于保险单所载明地址的房屋内的保险标的在遭受经公安部门确认的外部人员 的入室抢劫或有明显现场痕迹的盗窃过程中被'}, {'content': '中国平安财产保险股份有限公司 平安水暖管爆裂损失费用补偿保险条款 注册号：C00001732112019112800111 总则 第一条 本保险合同由保险条款、投保单、保险单、保险凭证以及批单等组成，凡涉及 本保险合同的约定，均应采用书面形式。 第二条 本保险合同的被保险人应为自然人。 第三条 本保险合同的投保人应为具有完全民事行为能力的自然人。 第四条 本保险合同的保险标的包括由被保险人所有的房屋主体、房屋装修、室内财 产 及其他经投保人申请且经保险人书面同意承保的其他家庭财产，具 体 承保 的 家 庭财 产 以保单载明为准。 第五条 下列财产不属于本保险合同的保险标的： （一）金银、首饰、珠宝、货币、有价证券、票证、邮票、古玩、文件、账册、技术资料、 图表、动植物以及其他无法鉴定价值的财产； （二）违章建筑、危险建筑、非法占有的财产； （三）用于生产经营的财产； （四）其他保险单中载明'}, {'content': '浸、腐蚀发生的损失，保险人按本保险合同约定负责赔偿。 第七条 保险事故发生后，被保险人为防止或减少保险标的的损失所支付的必要的、 合理的费用，保险人按照本保险合同的约定负责赔偿。 责任免除 第八条 由于下列原因造成的损失，保险人不承担赔偿责任： （一）投保人、被保险人及其家庭成员、家庭雇佣人员、暂居人员的故意或重大过 失行为； （二）战争、军事行动、暴动或武装叛乱； （三）核辐射、核爆炸、核污染及其他放射性污染； （四）地震、海啸，及其次生灾害； 1 （五）行政行为或司法行为； （六）擅自改变原管道设计用途。 第九条 下列损失、费用，保险人不承担赔偿责任： （ 一 ） 在 水暖 管 保 质期 内 ， 应由 生 产 厂商 或 销 售商 承 担 的水 暖 管 更换 费 用 以及 其应承担赔偿责任的其他财产损失； （二）任何间接损失。 第 十条 每次 事故免赔 额（率） 由 投保 人 与 保险人'}, {'content': '保险标的因窗外钩物行为、无明显现场痕迹的盗窃行为所致的损失；因未锁房门导致的盗窃损失；被保险人家庭成员、家庭雇佣人员、暂居人员盗抢或纵容他人盗抢造成的损失；保险标的在存放处无居住或无人看管超过六十天的盗窃损失；不属于保险标的范围内的财产盗抢损失；保险标的在保险单所载地址房屋外的盗抢损失（安装在房屋外的空调器和太阳能热水器等家用电器的室外设备除外）。'}, {'content': '投保人、被保险人及其家庭成员、家庭雇佣人员、暂居人员的故意或重大过失行为；战争、军事行动、暴动或武装叛乱；核辐射、核爆炸、核污染及其他放射性污染；地震、海啸，及其次生灾害；行政行为或司法行为；家用电器因超电压、碰线、漏电、自身发热等原因所造成的自身损毁，但发生燃烧造成火灾的除外；保险标的因自身缺陷、变质、霉烂、受潮、虫咬、自然磨损，或保管不善所导致的损失；保险标的在保险单载明地址的房屋外遭受的损失，但安装在房屋外的空调器和太阳能热水器等家用电器的室外设备除外；间接损失；仅因烘、烤、烫、烙造成的焦糊变质损失；正常燃烧；电机、电器、电气设备因超电压、碰线、孤花、漏电、自身发热造成的本身损毁；物体本身瑕疵、使用损耗或产品质量低劣造成的损失；容器内部承受负压造成的损失；规律性的涨潮；自动灭火设施漏水；常年水位以下或地下渗水；水管爆裂；未按建筑施工要求导致建筑地基下沉、裂缝、倒塌等。'}, {'content': '投保人、被保险人及其家庭成员、家庭雇佣人员、暂居人员的故意行为、重大过失行为或者犯罪行为；战争、敌对行动、军事行为、武装冲突、罢工、骚乱、暴动、恐怖活动；核辐射、核爆炸、核污染及其他放射性污染；大气污染、土地污染、水污染及其他各种污染；行政行为或司法行为；被保险人侵害第三者姓名权、名称权、肖像权、名誉权、荣誉权以及个人隐私的行为；被保险人及其家庭成员、家庭雇佣人员、暂居人员的人身伤亡及其所有、租用或保管的财产的损失；被保险人应该承担的合同责任，但无合同存在时仍然应由被保险人承担的经济赔偿责任不在此限；罚款、罚金及惩罚性赔偿；精神损害赔偿；间接损失以及被保险人或其家庭成员、家庭雇佣人员、暂居人员私自承诺支付的费用；投保人、被保险人在投保之前已经知道或可以合理预见的索赔情况；被保险人所有、管理的机动车辆或船舶对第三者造成的人身伤害和财产损失；致害人在精神错乱、神智不清、意识不清等不能辨认自己行为或者不能控制自己行为状态下造成的第三者人身伤害和财产损失，不论该状态由何原因（包括但不限于疾病、服用药品或毒品、醉酒等）引起；被保险人饲养的宠物对第三者造成的人身伤害和财产损失；其他不属于本保险责任'}, {'content': '无对应取值。'}, {'content': '由于下列原因造成的损失，保险人不承担赔偿责任：投保人、被保险人及其家庭成员、家庭雇佣人员、暂居人员的故意或重大过失行为；战争、军事行动、暴动或武装叛乱；核辐射、核爆炸、核污染及其他放射性污染；地震、海啸，及其次生灾害；行政行为或司法行为；擅自改变原管道设计用途。下列损失、费用，保险人不承担赔偿责任：在水暖管保质期内，应由生产厂商或销售商承担的水暖管更换费用以及其他应承担赔偿责任的其他财产损失；任何间接损失。'}]","1, 3, 14, 17, 18, 37"
平安安居尊享家财险,产品：平安安居尊享家财险	问题：保险单丢失了怎么办？,如果您的平安安居尊享家财险保单丢失，建议您及时联系中国平安财产保险股份有限公司客服或前往其营业网点申请补办。根据保险合同约定，所有涉及保险的约定均应采用书面形式，因此补办正式保单对保障您的权益非常重要。您需要提供投保时登记的相关身份信息以便保险公司核实并重新出具保单凭证。,"[{'content': '门、窗等。 【房屋装修】指房屋装潢中固定的、不能移动的硬装修，如固定装置的水暖、气暖、卫生、 供水、管道煤气及供电设备、吊顶、墙面涂料等。 【室内财产】包括（1）普通家用电器（包括安装在房屋外的空调器和太阳能热水器等家 用电器的室外设备）；（2）便携式家用电器（包括便携式电脑、移动电话、随身听、数码播 放器、电动剃须刀、照相机、摄像机）；（3）床上用品、衣物、鞋帽、箱包、手表；（4）家具； （5）文体娱乐用品，包括文具、书籍、球具、棋牌；（6）投保人申请且经保险人书面同意承 保的其他家庭财产。 【家庭成员】指与被保险人存在法律上的亲属关系的人员。 【暂居人员】指居住于标的房屋内超过五日的人员。 【间接损失】指有形财产的直接损坏、损毁后，进而造成的收益的减少或损失、价值的降 4 低以及支出的增加等后果损失。 【全部损失】指保险标的整体损毁，或保险标的的修复费用达到或超过出险当时的实际 价值，'}, {'content': '中国平安财产保险股份有限公司 平安附加家庭财产盗抢损失保险条款 注册号：C00001732122018052817852 总则 第一条 本附加保险合同须附加于各种家庭财产保险（以下简称“主保险合同”）。主保 险合同所附条款、投保单、保险单、保险凭证以及批单等，凡与本附加保险合同相关者， 均为本附加保险合同的构成部分。凡涉及本附加保险合同的约定，均应采用书面形式。 若主保险合同与本附加保险合同的条款互有冲突，则以本附加保险合同的条款为准。 本附加保险合同未尽事宜，以主保险合同的条款规定为准。 保险标的 第二条 本附加保险合同的保险标的包括： （一）家用电器，包括： 1．普通家用电器（包括安装在房屋外的空调器和太阳能热水器等家用电器的室外设 备）； 2．便携式家用电器：包括便携式电脑、移动电话、随声听、数码播放器、电动剃须 刀、照相机、摄像机； （二）床上用品、衣物、鞋帽、箱包； （三）家具；'}, {'content': '中国平安财产保险股份有限公司 平安产险居家责任保险条款 注册号：C00001730912022092241011 总则 第一条 本保险合同由保险条款、投保单、保险单、保险凭证以及批单组成。凡涉及本 保险合同的约定，均应采用书面形式。 第二条 本保险合同的被保险人包括： （一）保险单载明的被保险人； （二）经投保人申请且经保险人同意，保险单载明的被保险人的配偶、子女。 第三条 本保险合同的投保人应为具有完全民事行为能力的自然人。 保险责任 第四条 保险人可以承保下列一项或多项保险责任，具体由投保人和保险人在投保时 协商确定，并在保险单中载明。 （一）第三者人身伤害责任 保险期间内，在保险单载明的房屋内（包括房屋专属的天台、庭院），因发生下列意外 事故导致第三者人身伤亡的，依照中华人民共和国法律（不包括港澳台地区法律）应由被保 险人承担的经济赔偿责任，保险人按照本保险合同约定负责赔偿。 1．房'}, {'content': '中国平安财产保险股份有限公司 平安家庭财产保险条款 注册号：C00001732112019121811592 总则 第一条 本保险合同由保险条款、投保单、保险单、保险凭证以及批单等组成，凡涉及 本保险合同的约定，均应采用书面形式。 第二条 本保险合同的被保险人应为自然人。 第三条 本保险合同的投保人应为具有完全民事行为能力的自然人。 第四条 本保险合同可以承保的家庭财产包括由被保险人所有的房屋主体、房屋装修、 室内 财产 及其他经投保人申请且经保险人书面同意承保的其他家庭财产，具 体承保的 家 庭财产以保单载明为准。 第五条 下列财产不属于本保险合同的保险标的： （一）金银、首饰、珠宝、货币、有价证券、票证、邮票、古玩、文件、账册、技术资料、 图表、动植物以及其他无法鉴定价值的财产； （二）违章建筑、危险建筑、非法占有的财产； （三）用于生产经营的财产； （四）其他保险单中载明的不属于保障'}, {'content': '中国平安财产保险股份有限公司 平安水暖管爆裂损失费用补偿保险条款 注册号：C00001732112019112800111 总则 第一条 本保险合同由保险条款、投保单、保险单、保险凭证以及批单等组成，凡涉及 本保险合同的约定，均应采用书面形式。 第二条 本保险合同的被保险人应为自然人。 第三条 本保险合同的投保人应为具有完全民事行为能力的自然人。 第四条 本保险合同的保险标的包括由被保险人所有的房屋主体、房屋装修、室内财 产 及其他经投保人申请且经保险人书面同意承保的其他家庭财产，具 体 承保 的 家 庭财 产 以保单载明为准。 第五条 下列财产不属于本保险合同的保险标的： （一）金银、首饰、珠宝、货币、有价证券、票证、邮票、古玩、文件、账册、技术资料、 图表、动植物以及其他无法鉴定价值的财产； （二）违章建筑、危险建筑、非法占有的财产； （三）用于生产经营的财产； （四）其他保险单中载明'}, {'content': '的仍未查获的， 对于丢失保险标的的直接损失，保险人按本附加保险合同的约定负责赔偿。 （二）位于保险单所载明地址的房屋内的保险标的在遭受经公安部门确认的外部人员 的入室抢劫或有明显现场痕迹的盗窃过程中被损坏，自公安部门认定的案发之日起六十天 内，被保险人仍未从盗抢人处获得赔偿的，对于保险标的的直接损失，保险人按本附加保 险合同的约定负责赔偿。 在订立保险合同时，投保人可以对导致保险责任的外部人员入室方式（包括但不限于 从窗入室、从门入室）进行选择，具体以保单载明为准，保险人仅对保单载明的入室方 式导致的保险事故承担赔偿责任 。若保单未载明，则不对导致保险责任的外部人员入室 方式进行限制。 保险人在本附加保险合同下承担的赔偿金额累计以保险单载明的保险金额为限 。 责任免除 第四条 由于下列原因造成的损失，保险人不负责赔偿： （一）保险标的因窗外钩物行为、无明显现场痕迹的盗窃行为所致的损失； （'}, {'content': '无对应取值。'}]","1, 14, 16, 18, 24, 44"
平安安居尊享家财险,产品：平安安居尊享家财险	问题：保险公司在什么情况下可以拒绝赔付？,"根据平安安居尊享家财险条款，保险公司在以下情况下可以拒绝赔付：

**一、责任免除情形**

1. **故意行为及违法犯罪**
   - 投保人、被保险人及其家庭成员、家庭雇佣人员、暂居人员的故意行为、重大过失行为或犯罪行为
   - 涉及违法、犯罪未及时向公安部门报案

2. **特殊事件**
   - 战争、军事行动、武装冲突、恐怖活动等
   - 核辐射、核污染等放射性污染
   - 大气、土地、水污染等各类污染
   - 行政行为或司法行为

3. **特定损失类型**
   - 精神损害赔偿
   - 罚款、罚金及惩罚性赔偿
   - 间接损失
   - 合同责任（无合同除外）
   - 投保前已预见或已知的索赔情况

4. **特定财产损失**
   - 机动车辆、船舶造成的损失
   - 宠物造成的第三者损失
   - 精神异常状态下造成的损失
   - 高空坠物无法确定侵权人（法院判决除外）

**二、索赔程序违规**

1. **未履行通知义务**
   - 故意或重大过失未及时通知保险人
   - 未保护事故现场或妨碍事故调查
   - 未提供必要索赔材料导致损失无法核实

2. **擅自处理索赔**
   - 未经保险人书面同意自行承诺或支付赔偿
   - 私自承诺支付的费用

**三、特殊财产损失**
- 盗窃损失：未锁门、无人看管超60天、室外存放等
- 自然灾害：地震、海啸及其次生灾害
- 设备自身问题：电器自损、材料变质、产品缺陷等
- 管道问题：保质期内应由厂商承担的损失

建议投保人仔细阅读保险条款，出险后及时履行通知义务，配合保险公司调查，确保理赔顺利进行。","[{'content': '为或者犯罪行为； 2．战争、敌对行动、军事行为、武装冲突、罢工、骚乱、暴动、恐怖活动； 3．核辐射、核爆炸、核污染及其他放射性污染； 4．大气污染、土地污染、水污染及其他各种污染； 5．行政行为或司法行为； 6．被保险人侵害第三者姓名权、名称权、肖像权、名誉权、荣誉权以及个人隐私的行 为。 第六条 下列损失、费用和责任，保险人不负责赔偿： 1．被保险人及其家庭成员、家庭雇佣人员、暂居人员的人身伤亡及其所有、租用或保 管的财产的损失； 2．被保险人应该承担的合同责任，但无合同存在时仍然应由被保险人承担的经济赔偿 责任不在此限； 3．罚款、罚金及惩罚性赔偿； 4．精神损害赔偿； 5．间接损失以及被保险人或其家庭成员、家庭雇佣人员、暂居人员私自承诺支付的费 用； 6．投保人、被保险人在投保之前已经知道或可以合理预见的索赔情况； 7．被保险人所有、管理的机动车辆或船舶对第三者造成的人身伤害和财产损'}, {'content': '； （三）保护事故现场，允许并且协助保险人进行事故调查，对于拒绝或者妨碍保险 人进 行事故调 查导致无 法确定事 故原因或 核实损失 情况的， 对无法确 定或核实 的部 分，保险人不承担赔偿责任； （四）涉及违法、犯罪的，应立即向公安部门报案，否则，对因此扩大的损失，保 险人不承担赔偿责任。 第二十一条 当发生保险事故后，被保险人需尽快向保险人报案，并提供以下资料： 赔偿处理 （一）保单号和索赔申请书； （二）被保险人的身份证明； （三）财产损失、费用清单，发票（或其他保险人认可的财产证明）； （四）投保人、被保险人所能提供的与确认保险事故的性质、原因、损失程度等有关的其 他证明和资料。 被 保 险人 未 履 行前 款 约 定的 索 赔 材料 提 供 义务 ， 导 致保 险 人 无法 核 实 损失 情 况 的，保险人对无法核实的部分不承担赔偿责任。 第二十二条 保险标的遭受损失后，如果有残'}, {'content': '发生高空抛物或高空坠物事故造成第三者财产损失，难以 确定具体侵权人的，对于人民法院依法作出生效判决需由被保险人承担的补偿责任，保险人 按照本保险合同约定负责赔偿。 （三）法律费用责任 上述第（一）或（二）项保险事故发生后，被保险人因保险事故而被提起诉讼的，对于 应由被保险人承担的，合理的、必要的诉讼费、司法鉴定费用、公证费、律师费、仲裁费及 其他相关费用等（以下简称“法律费用”），事先经保险人书面同意支付的，保险人按照本保 险合同约定负责赔偿。 责任免除 第五条 下列原因造成的损失、费用和责任，保险人不负责赔偿： 1．投保人、被保险人及其家庭成员、家庭雇佣人员、暂居人员的故意行为、重大过失 行为或者犯罪行为； 2．战争、敌对行动、军事行为、武装冲突、罢工、骚乱、暴动、恐怖活动； 3．核辐射、核爆炸、核污染及其他放射性污染； 4．大气污染、土地污染、水污染及其他各种污染； 5．行政行为或司法'}, {'content': '故意或者因重大过 失未及时通知保险人，致使保险事故的性质、原因、损失程度等难以确定的，保险人对无 法确定的部分，不承担赔偿保险金的责任，但保险人通过其他途径已经及时知道或者应当 及时知道保险事故发生的除外； 3.保护事故现场，允许并且协助保险人进行事故调查。对于拒绝或者妨碍保险人进行事 故调查导致无法确定事故原因或核实损失情况的，保险人对无法确定或核实的部分，不承 担赔偿责任； 4. 涉及违法、犯罪的，应立即向公安部门报案，否则，对因此扩大的损失，保险人不 承担赔偿责任。 第十八条 被保险人收到受害人的损害赔偿请求时，应立即通知保险人。未经保险人书 面同意，被保险人对受害人作出的任何承诺、拒绝、出价、约定、付款或赔偿，保险人不 受其约束。对于被保险人自行承诺或支付的赔偿金额，保险人有权重新核定，不属于本保 险责任范围或超出应赔偿限额的，保险人不承担赔偿责任。在处理索赔过程中，保险人有 权自'}, {'content': '防止或减少损失，否则，对因故意 或重大过 失 扩大的损失，保险人不承担赔偿责任； （二）及时通知保险人，并书面说明事故发生的原因、经过和损失情况；故意或者因 重大过失未及时通知，致使保险事故的性质、原因、损失程度等难以确定的，对无法 确 定 的部 分 ， 保险 人 不 承担 赔 偿 保险 金 的 责任 ， 但保险人通过其他途径已经及时知道 或者应当及时知道保险事故发生的除外； （三）保护事故现场，允许并且协助保险人进行事故调查，对于拒绝或者妨碍保险 人进 行事故调 查导致无 法确定事 故原因或 核 实损失 情况的， 对无法确 定或核实 的部 分，保险人不承担赔偿责任； （四）涉及违法、犯罪的，应立即向公安部门报案，否则，对因此扩大的损失，保 险人不承担赔偿责任。 第二十一条 当发生保险事故后，被保险人需尽快向保险人报案，并提供以下资料： 赔偿处理 （一）保单号和索赔申请书； （二）被保险人'}, {'content': '家庭财产。 【家庭成员】指与被保险人存在法律上的亲属关系的人员。 【暂居人员】指居住于标的房屋内超过五日的人员。 4 【间接损失】指有形财产的直接损坏、损毁后，进而造成的收益的减少或损失、价值的降 低以及支出的增加等后果损失。 【全部损失】指保险标的整体损毁，或保险标的的修复费用与施救费用之和达到或超过 出险当时的实际价值，保险人可推定全损。 【火灾】在时间或空间上失去控制的燃烧所造成的灾害。构成本保险的火灾责任必须同时 具备以下三个条件： 1．有燃烧现象，即有热有光有火焰； 2．偶然、意外发生的燃烧； 3．燃烧失去控制并有蔓延扩大的趋势。 因此，仅有燃烧现象并不等于构成本保险中的火灾责任。在生产、生活中有目的 用火，如为了防疫而焚毁沾污的衣物，点火烧荒等属正常燃烧，不同于火灾责任。 因烘、烤、烫、烙造成焦糊变质等损失，既无燃烧现象，又无蔓延扩大趋势，也不 属于火灾责任。 电机、电器、电气'}, {'content': '保险标的因窗外钩物行为、无明显现场痕迹的盗窃行为所致的损失；因未锁房门导致的盗窃损失；被保险人家庭成员、家庭雇佣人员、暂居人员盗抢或纵容他人盗抢造成的损失；保险标的在存放处无居住或无人看管超过六十天的盗窃损失；不属于保险标的范围内的财产盗抢损失；保险标的在保险单所载地址房屋外的盗抢损失（安装在房屋外的空调器和太阳能热水器等家用电器的室外设备除外）。'}, {'content': '投保人、被保险人及其家庭成员、家庭雇佣人员、暂居人员的故意或重大过失行为；战争、军事行动、暴动或武装叛乱；核辐射、核爆炸、核污染及其他放射性污染；地震、海啸，及其次生灾害；行政行为或司法行为；家用电器因超电压、碰线、漏电、自身发热等原因所造成的自身损毁，但发生燃烧造成火灾的除外；保险标的因自身缺陷、变质、霉烂、受潮、虫咬、自然磨损，或保管不善所导致的损失；保险标的在保险单载明地址的房屋外遭受的损失，但安装在房屋外的空调器和太阳能热水器等家用电器的室外设备除外；间接损失；仅因烘、烤、烫、烙造成的焦糊变质损失；正常燃烧；电机、电器、电气设备因超电压、碰线、孤花、漏电、自身发热造成的本身损毁；物体本身瑕疵、使用损耗或产品质量低劣造成的损失；容器内部承受负压造成的损失；规律性的涨潮；自动灭火设施漏水；常年水位以下或地下渗水；水管爆裂；未按建筑施工要求导致建筑地基下沉、裂缝、倒塌等。'}, {'content': '投保人、被保险人及其家庭成员、家庭雇佣人员、暂居人员的故意行为、重大过失行为或者犯罪行为；战争、敌对行动、军事行为、武装冲突、罢工、骚乱、暴动、恐怖活动；核辐射、核爆炸、核污染及其他放射性污染；大气污染、土地污染、水污染及其他各种污染；行政行为或司法行为；被保险人侵害第三者姓名权、名称权、肖像权、名誉权、荣誉权以及个人隐私的行为；被保险人及其家庭成员、家庭雇佣人员、暂居人员的人身伤亡及其所有、租用或保管的财产的损失；被保险人应该承担的合同责任，但无合同存在时仍然应由被保险人承担的经济赔偿责任不在此限；罚款、罚金及惩罚性赔偿；精神损害赔偿；间接损失以及被保险人或其家庭成员、家庭雇佣人员、暂居人员私自承诺支付的费用；投保人、被保险人在投保之前已经知道或可以合理预见的索赔情况；被保险人所有、管理的机动车辆或船舶对第三者造成的人身伤害和财产损失；致害人在精神错乱、神智不清、意识不清等不能辨认自己行为或者不能控制自己行为状态下造成的第三者人身伤害和财产损失，不论该状态由何原因（包括但不限于疾病、服用药品或毒品、醉酒等）引起；被保险人饲养的宠物对第三者造成的人身伤害和财产损失；其他不属于本保险责任'}, {'content': '无对应取值。'}, {'content': '由于下列原因造成的损失，保险人不承担赔偿责任：投保人、被保险人及其家庭成员、家庭雇佣人员、暂居人员的故意或重大过失行为；战争、军事行动、暴动或武装叛乱；核辐射、核爆炸、核污染及其他放射性污染；地震、海啸，及其次生灾害；行政行为或司法行为；擅自改变原管道设计用途。下列损失、费用，保险人不承担赔偿责任：在水暖管保质期内，应由生产厂商或销售商承担的水暖管更换费用以及其他应承担赔偿责任的其他财产损失；任何间接损失。'}]","8, 32, 38, 47, 48, 54"
平安无忧悦享成人门诊险,产品：平安无忧悦享成人门诊险	问题：这款保险的保障范围包括哪些医疗费用？,"根据平安无忧悦享成人门诊险的相关条款，该保险的保障范围主要包括：

**保障范围内的医疗费用：**
被保险人因遭受意外伤害事故或等待期满后因疾病，在符合合同释义的医院进行门诊急诊治疗时，实际支出的可报销的、必要的、合理的各项门诊急诊医疗费用。

**具体保障方式：**
- 扣除每次门急诊免赔额后
- 按合同约定的赔付比例给付门急诊医疗保险金

**重要注意事项：**
1. **就诊医院要求**：需在合同约定的定点医院或二级及以上公立医院就诊
2. **紧急情况例外**：因急诊未在约定医院就诊的，应在三日内通知保险人并及时转入约定医院
3. **费用限制**：仅承担可报销的、必要的、合理的医疗费用

**不保障的范围包括但不限于：**
- 牙科治疗、整容美容、视力矫正手术
- 不孕不育治疗、怀孕分娩相关费用
- 遗传性疾病、先天性疾病
- 腰椎间盘突出症
- 心理咨询（除ICD-10确定的精神和行为障碍外）
- 基本医疗保险规定的自费项目和药品等

建议在投保时仔细阅读保险条款，了解具体的免赔额、赔付比例等详细约定。","[{'content': '中国平安财产保险股份有限公司 平安产险附加门诊急诊医疗保险（C 款）（互联网版）条款 注册号：C00001732522021123061523 总则 第一条 本附加保险合同须附加于各种意外伤害保险或健康保险合同（以下简称“主保险合 同”）。主保险合同所附条款、投保单、保险单、保险凭证以及批单等，凡与本附加保险合同相关 者，均为本附加保险合同的构成部分。凡涉及本附加保险合同的约定，均应采用书面形式。 若主保险合同与本附加保险合同的条款互有冲突，则以本附加保险合同的条款为准。本附加 保险合同未尽事宜，以主保险合同的条款规定为准。 第二条 本附加保险合同的被保险人应为能正常工作或劳动的自然人。 第三条 除另有约定外，本附加保险合同的门诊急诊医疗保险金的受益人为被保险人本人。 第四条 本附加保险合同仅限于互联网渠道销售。 保险责任 第五条 本附加保险合同保险期间内，被保险人因遭受意外伤害事故或者自'}, {'content': '询（依 照世界卫生组织《疾病和有关健康问题的国际统计分类》（ICD-10）确定的精神和行为障碍以外 的一般心理问题，如职场问题、家庭问题、婚恋问题、个人发展、情绪管理等）。 （十七）被保险人主动吸食或注射毒品。 第八条 被保险人在下列期间发生保险事故进行门诊急诊治疗的，保险人也不承担给付保险 金责任： （一）战争、军事行动、暴动或武装叛乱期间； （二）被保险人患艾滋病（AIDS）或感染艾滋病病毒（HIV 呈阳性）期间； （三）被保险人酒后驾车、无有效驾驶证驾驶或驾驶无有效行驶证的机动车期间。 第九条 下列费用，保险人也不承担给付保险金责任： （一）在释义医院以外的医疗机构进行治疗的医疗费用，但因情况紧急必须立即就医的除外； （二）保险单签发地基本医疗保险或其他公费医疗管理部门规定的自费项目和药品费用； （三）营养费、护理费、交通费、伙食费、误工费、丧葬费； （四）挂号费、院外会诊费、出诊费'}, {'content': '确诊的本附加保险合同约定的疾病； （九）腰椎间盘膨出和突出症； （十）遗传性疾病、先天性畸形、变形和染色体异常； （十一）不孕不育治疗、人工受精、怀孕、分娩（含难产）、流产、堕胎、节育（含绝育）、 产前产后检查以及由以上原因引起之并发症； （十二）被保险人患职业病、恶性肿瘤、脑中风、心肌梗塞、慢性肾功能衰竭、肝硬化、糖 尿病、高血压（Ⅱ期以上）及其引起的并发症； （十三）牙科治疗、整容、美容或修复、疗养、康复治疗、矫形、视力矫正手术； （十四）包皮环切术、包皮剥离术、包皮气囊扩张术、性功能障碍治疗； （十五）医疗事故； （十六）各种医疗咨询和健康预测的费用，如健康咨询、睡眠咨询、性咨询、心理咨询（依 照世界卫生组织《疾病和有关健康问题的国际统计分类》（ICD-10）确定的精神和行为障碍以外 的一般心理问题，如职场问题、家庭问题、婚恋问题、个人发展、情绪管理等）。 （十七）被保险人主动吸食或'}, {'content': '载明。 上述门急诊医疗费用保险金额为每次门急诊医疗费用保险金额与门急诊就诊次数的乘积。 保险期间与续保 第十二条 本附加保险合同保险期间由投保人、保险人双方约定，并在保险单中载明，且最 长不得超过一年、也不得小于主保险合同的保险期间。 第十三条 本附加保险产品遵循不保证续保条款：本产品保险期间不超过一年。保险期间 届满，投保人需要重新向保险人申请投保本产品，经保险人同意，交纳保险费，获得新的保险合 同。 若发生下列情形之一的，本合同不再接受续保： （一）本产品统一停售； （二）被保险人身故； （三）投保人对于保险人就投保人或者被保险人的有关情况提出的询问未履行如实告知义 务，足以影响保险人决定是否同意承保，保险人已经解除保险合同的； （四）投保人未如实告知,被保险人不符合投保条件或存在欺诈情形的； 第十四条 保险金申请人向保险人申请给付保险金时，应提交以下材料。保险金申请人因特殊 保险金申'}, {'content': '质、原因、 损失程度等难以确定的，保险人对无法确定的部分，不承担给付保险金责任，但保险人通 过其他途径已经及时知道或者应当及时知道保险事故发生的除外。 保险事故发生后，被保险人需要治疗的，应在释义医院就诊，若因急诊未在释义医院就 诊的，应在三日内通知保险人，并根据病情及时转入释义医院。若确需转入非释义医院就 诊的，应向保险人提出书面申请，保险人在接到申请后三日内给予答复，对于保险人同意 在非释义医院就诊的，对这期间发生的医疗费用按本保险合同规定给付保险金。 上述约定，不包括因不可抗力而导致的迟延。 保险金申请与给付 第二十二条 保险金申请人向保险人申请给付保险金时，应提交以下材料。保险金申请 人因特殊原因不能提供以下材料的，应提供其他合法有效的材料。保险金申请人未能提供有 关材料，导致保险人无法核实该申请的真实性的，保险人对无法核实部分不承担给付保险 金的责任。 （一）意外伤害身故保险金、'}, {'content': '指以外来的、突发的、非本意的和非疾病的客观事件为直接且单独的原因致使 身体受到的伤害。 【医院】指保险人与投保人约定的定点医院，未约定定点医院的，则指经中华人民共和国卫 生部门评审确定的二级或二级以上的公立医院，但不包括主要作为诊所、康复、护理、休养、静 养、戒酒、戒毒等或类似的医疗机构。该医院必须具有符合国家有关医院管理规则设置标准的医 疗设备，且全天二十四小时有合格医师及护士驻院提供医疗及护理服务。 【门诊急诊】指被保险人因意外伤害事故或疾病至医院的门诊部或急诊部进行治疗。 【特需门诊】指医院门诊的一种特殊需求类型，相较于普通门诊，特需门诊一般享有优先就 诊、全程导诊服务的特点，挂号费和治疗费用通常较高。 【基本医疗保险】本合同所称的基本医疗保险是指《中华人民共和国社会保险法》所规定的 基本医疗保险，包括城镇职工基本医疗保险、城镇居民基本医疗保险或城乡居民基本医疗保险、 新型农村合作医'}, {'content': '无对应取值。'}, {'content': '因遭受意外伤害或等待期满后因疾病，在符合合同释义的医院门诊急诊治疗，保险人就其每次实际支出的可报销的、必要的、合理的各项门诊急诊医疗费用，扣除每次门急诊免赔额，按赔付比例给付门急诊医疗保险金。'}, {'content': '无对应取值。'}, {'content': '意外伤害身故保险责任、意外伤害伤残保险责任、意外伤害医疗保险责任、意外伤害住院津贴保险责任、意外伤害住院护理津贴保险金、交通意外伤害身故或伤残特别保险责任、意外骨折、关节脱位保险责任、轻度骨折津贴、骨密度检测津贴。'}]","5, 10, 11, 13, 16, 45"
平安无忧悦享成人门诊险,产品：平安无忧悦享成人门诊险	问题：如果看门诊需要住院，这个保险能报销吗？,"根据平安无忧悦享成人门诊险的保险条款，该产品仅承担门诊急诊医疗费用的保险责任。如果被保险人在门诊就诊后需要住院治疗，相关住院医疗费用不在本保险的保障范围内。

具体说明：
1. 保险责任明确限定为""门诊急诊治疗""（第五条）
2. 保障范围仅限于""各项门诊急诊医疗费用""
3. 条款中未包含任何住院医疗费用的保障责任

因此，如果看门诊后需要住院，该保险不能报销住院期间产生的医疗费用。建议您根据需要另行配置包含住院医疗保障的保险产品。","[{'content': '询（依 照世界卫生组织《疾病和有关健康问题的国际统计分类》（ICD-10）确定的精神和行为障碍以外 的一般心理问题，如职场问题、家庭问题、婚恋问题、个人发展、情绪管理等）。 （十七）被保险人主动吸食或注射毒品。 第八条 被保险人在下列期间发生保险事故进行门诊急诊治疗的，保险人也不承担给付保险 金责任： （一）战争、军事行动、暴动或武装叛乱期间； （二）被保险人患艾滋病（AIDS）或感染艾滋病病毒（HIV 呈阳性）期间； （三）被保险人酒后驾车、无有效驾驶证驾驶或驾驶无有效行驶证的机动车期间。 第九条 下列费用，保险人也不承担给付保险金责任： （一）在释义医院以外的医疗机构进行治疗的医疗费用，但因情况紧急必须立即就医的除外； （二）保险单签发地基本医疗保险或其他公费医疗管理部门规定的自费项目和药品费用； （三）营养费、护理费、交通费、伙食费、误工费、丧葬费； （四）挂号费、院外会诊费、出诊费'}, {'content': '中国平安财产保险股份有限公司 平安产险附加门诊急诊医疗保险（C 款）（互联网版）条款 注册号：C00001732522021123061523 总则 第一条 本附加保险合同须附加于各种意外伤害保险或健康保险合同（以下简称“主保险合 同”）。主保险合同所附条款、投保单、保险单、保险凭证以及批单等，凡与本附加保险合同相关 者，均为本附加保险合同的构成部分。凡涉及本附加保险合同的约定，均应采用书面形式。 若主保险合同与本附加保险合同的条款互有冲突，则以本附加保险合同的条款为准。本附加 保险合同未尽事宜，以主保险合同的条款规定为准。 第二条 本附加保险合同的被保险人应为能正常工作或劳动的自然人。 第三条 除另有约定外，本附加保险合同的门诊急诊医疗保险金的受益人为被保险人本人。 第四条 本附加保险合同仅限于互联网渠道销售。 保险责任 第五条 本附加保险合同保险期间内，被保险人因遭受意外伤害事故或者自'}, {'content': '载明。 上述门急诊医疗费用保险金额为每次门急诊医疗费用保险金额与门急诊就诊次数的乘积。 保险期间与续保 第十二条 本附加保险合同保险期间由投保人、保险人双方约定，并在保险单中载明，且最 长不得超过一年、也不得小于主保险合同的保险期间。 第十三条 本附加保险产品遵循不保证续保条款：本产品保险期间不超过一年。保险期间 届满，投保人需要重新向保险人申请投保本产品，经保险人同意，交纳保险费，获得新的保险合 同。 若发生下列情形之一的，本合同不再接受续保： （一）本产品统一停售； （二）被保险人身故； （三）投保人对于保险人就投保人或者被保险人的有关情况提出的询问未履行如实告知义 务，足以影响保险人决定是否同意承保，保险人已经解除保险合同的； （四）投保人未如实告知,被保险人不符合投保条件或存在欺诈情形的； 第十四条 保险金申请人向保险人申请给付保险金时，应提交以下材料。保险金申请人因特殊 保险金申'}, {'content': '指以外来的、突发的、非本意的和非疾病的客观事件为直接且单独的原因致使 身体受到的伤害。 【医院】指保险人与投保人约定的定点医院，未约定定点医院的，则指经中华人民共和国卫 生部门评审确定的二级或二级以上的公立医院，但不包括主要作为诊所、康复、护理、休养、静 养、戒酒、戒毒等或类似的医疗机构。该医院必须具有符合国家有关医院管理规则设置标准的医 疗设备，且全天二十四小时有合格医师及护士驻院提供医疗及护理服务。 【门诊急诊】指被保险人因意外伤害事故或疾病至医院的门诊部或急诊部进行治疗。 【特需门诊】指医院门诊的一种特殊需求类型，相较于普通门诊，特需门诊一般享有优先就 诊、全程导诊服务的特点，挂号费和治疗费用通常较高。 【基本医疗保险】本合同所称的基本医疗保险是指《中华人民共和国社会保险法》所规定的 基本医疗保险，包括城镇职工基本医疗保险、城镇居民基本医疗保险或城乡居民基本医疗保险、 新型农村合作医'}, {'content': '条 除另有约定外，本附加保险合同的门诊急诊医疗保险金的受益人为被保险人本人。 第四条 本附加保险合同仅限于互联网渠道销售。 保险责任 第五条 本附加保险合同保险期间内，被保险人因遭受意外伤害事故或者自保险期间开始且 保险单载明的等待期满（续保者自续保生效后）后因疾病，在符合本附加保险合同释义的医院（以 下简称“释义医院”）门诊急诊（不含特需门诊）治疗，保险人就其每次实际支出的按照当地基本 医疗保险或其他公费医疗主管部门规定可报销的、必要的、合理的各项门诊急诊医疗费用，扣除 保险单载明的每次门急诊免赔额，按赔付比例给付门急诊医疗保险金。 被保险人一次或多次因意外伤害事故或疾病进行门诊急诊治疗，保险人均按上述规定向被保 险人分别给付门诊急诊医疗保险金，每次门急诊医疗费用给付金额以每次门急诊医疗费用保险金 额为限，累计给付金额以门急诊医疗费用保险金额为限，累计门诊急诊给付次数以门急诊就诊次 数为'}, {'content': '，则保险人根据本附加保险 合同约定扣除保险单载明的免赔额后按附加保险合同载明的“其他赔付比例”予以赔偿。 责任免除 第七条 因下列原因造成被保险人进行门诊急诊治疗的，保险人不承担给付保险金责任： （一）投保人的故意行为； （二）被保险人自致伤害或自杀，但被保险人自杀时为无民事行为能力人的除外； （三）因被保险人挑衅或故意行为而导致的打斗、被袭击或被谋杀； （四）核爆炸、核辐射或核污染； （五）恐怖袭击； （六）被保险人犯罪或拒捕； （七）被保险人从事高风险运动或参加职业或半职业体育运动； （八）既往症及其并发症、被保险人在等待期内出现本附加保险合同约定的疾病的，或等待 期内接受检查但在等待期后确诊的本附加保险合同约定的疾病； （九）腰椎间盘膨出和突出症； （十）遗传性疾病、先天性畸形、变形和染色体异常； （十一）不孕不育治疗、人工受精、怀孕、分娩（含难产）、流产、堕胎、节育（含绝育）、 产'}, {'content': '无对应取值。'}, {'content': '因遭受意外伤害或等待期满后因疾病，在符合合同释义的医院门诊急诊治疗，保险人就其每次实际支出的可报销的、必要的、合理的各项门诊急诊医疗费用，扣除每次门急诊免赔额，按赔付比例给付门急诊医疗保险金。'}, {'content': '无对应取值。'}, {'content': '意外伤害身故保险责任、意外伤害伤残保险责任、意外伤害医疗保险责任、意外伤害住院津贴保险责任、意外伤害住院护理津贴保险金、交通意外伤害身故或伤残特别保险责任、意外骨折、关节脱位保险责任、轻度骨折津贴、骨密度检测津贴。'}]","5, 6, 9, 11, 13, 16"
平安无忧悦享成人门诊险,产品：平安无忧悦享成人门诊险	问题：投保这款产品有年龄限制吗？,"根据平安无忧悦享成人门诊险的投保规定，该产品确实存在年龄限制：

**首次投保**：年龄不超过75周岁（含）
**续保**：年龄不超过80周岁（含）

此外，被保险人还需满足以下条件：
- 身体健康
- 能正常工作或生活
- 无性别和地区限制

需要注意的是，这是一款不保证续保的产品，保险期间最长一年，期满后需要重新投保并经保险公司审核同意方可续保。","[{'content': '中国平安财产保险股份有限公司 平安产险意外伤害保险（互联网版）条款 注册号：C00001732312021120910153 总则 第一条 本保险合同由保险条款、投保单、保险单、保险凭证以及批单等组成。凡涉及 本保险合同的约定，均应采用书面形式。 第二条 本保险合同的被保险人应为身体健康，能正常工作或生活的，首次投保年龄 不超过七十五周岁（含）、续保不超过八十周岁（含）的自然人。 第三条 本保险合同的投保人应为具有完全民事行为能力的被保险人本人、对被保险人 有保险利益的其他人。 第四条 本保险合同的受益人包括： （一）身故保险金受益人 订立本保险合同时，被保险人或投保人可指定一人或数人为身故保险金受益人。身故保 险金受益人为数人时，应确定其受益顺序和受益份额；未确定受益份额的，各身故保险金 受益人按照相等份额享有受益权。投保人指定受益人时须经被保险人同意。 被保险人死亡后，有下列情形之一的'}, {'content': '载明。 上述门急诊医疗费用保险金额为每次门急诊医疗费用保险金额与门急诊就诊次数的乘积。 保险期间与续保 第十二条 本附加保险合同保险期间由投保人、保险人双方约定，并在保险单中载明，且最 长不得超过一年、也不得小于主保险合同的保险期间。 第十三条 本附加保险产品遵循不保证续保条款：本产品保险期间不超过一年。保险期间 届满，投保人需要重新向保险人申请投保本产品，经保险人同意，交纳保险费，获得新的保险合 同。 若发生下列情形之一的，本合同不再接受续保： （一）本产品统一停售； （二）被保险人身故； （三）投保人对于保险人就投保人或者被保险人的有关情况提出的询问未履行如实告知义 务，足以影响保险人决定是否同意承保，保险人已经解除保险合同的； （四）投保人未如实告知,被保险人不符合投保条件或存在欺诈情形的； 第十四条 保险金申请人向保险人申请给付保险金时，应提交以下材料。保险金申请人因特殊 保险金申'}, {'content': '的人员无国家有关部门核发的有效操作证、许可证书或其 他必备证书，驾驶出租机动车或营业性机动车无交通运输管理部门核发的许可证书或其他必备证 书。 【无有效行驶证】指下列情形之一： （1）机动车行驶证、号牌被注销的； （2）未按规定检验或检验不合格。 【保险金申请人】指受益人或被保险人的继承人或依法享有保险金请求权的其他自然人。 其他释义参照主保险合同条款。'}, {'content': '但被保险人自杀时为无民事行为能力人的除外； （三）因被保险人挑衅或故意行为而导致的打斗、被袭击或被谋杀； （四）被保险人妊娠、流产、分娩、疾病、药物过敏、中暑、猝死； （五）被保险人接受整容手术及其他内、外科手术； （六）被保险人未遵医嘱，私自服用、涂用、注射药物； （七）核爆炸、核辐射或核污染； （八）被保险人犯罪或拒捕； （九）被保险人从事高风险运动或参加职业或半职业体育运动； （十）被保险人病理性骨折或被诊断为骨质疏松并因该病症而导致的伤害； （十一）被保险人投保前已有骨折的； （十二）被保险人没有遭受骨折伤害，因其他原因或主动进行骨密度检测。 第九条 被保险人在下列期间遭受伤害导致身故、伤残或医疗费用支出的，保险人也 不承担给付保险金责任： （一）战争、军事行动、暴动或武装叛乱期间； （二）被保险人主动吸食或注射毒品期间； （三）被保险人酒后驾车、无有效驾驶证驾驶或驾驶无有效行驶证'}, {'content': '确诊的本附加保险合同约定的疾病； （九）腰椎间盘膨出和突出症； （十）遗传性疾病、先天性畸形、变形和染色体异常； （十一）不孕不育治疗、人工受精、怀孕、分娩（含难产）、流产、堕胎、节育（含绝育）、 产前产后检查以及由以上原因引起之并发症； （十二）被保险人患职业病、恶性肿瘤、脑中风、心肌梗塞、慢性肾功能衰竭、肝硬化、糖 尿病、高血压（Ⅱ期以上）及其引起的并发症； （十三）牙科治疗、整容、美容或修复、疗养、康复治疗、矫形、视力矫正手术； （十四）包皮环切术、包皮剥离术、包皮气囊扩张术、性功能障碍治疗； （十五）医疗事故； （十六）各种医疗咨询和健康预测的费用，如健康咨询、睡眠咨询、性咨询、心理咨询（依 照世界卫生组织《疾病和有关健康问题的国际统计分类》（ICD-10）确定的精神和行为障碍以外 的一般心理问题，如职场问题、家庭问题、婚恋问题、个人发展、情绪管理等）。 （十七）被保险人主动吸食或'}, {'content': '险合同上批注。对因身故保险金受益人变更发生的法律纠纷，保险人不承担任何责任。 投保人指定或变更身故保险金受益人的，应经被保险人书面同意。被保险人为无民事行 为能力人或限制民事行为能力人的，应由其监护人指定或变更身故保险金受益人。 （二）其他保险责任的保险金受益人 除另有约定外，本保险合同除身故保险金以外的其他保险责任的保险金受益人为被保险 人本人。 第五条 本保险合同仅限于互联网渠道销售。 第六条 本保险合同的保险责任分为“必选责任”及“可选责任”。投保人在已投保“必 选责任”的前提下，可以同时投保“可选责任”；若投保人未投保“必选责任”，不得单独 保险责任 投保“可选责任”。保险责任由投保人在投保时与保险人协商确定，并在保险合同中载明。 第七条 保险期间内，被保险人因遭受意外伤害事故导致身故、伤残或医疗费用支出的， 保险人依照下列约定给付保险金，具体承担的责任和对应的保险金以保险单载明的'}, {'content': '无对应取值。'}, {'content': '身体健康，能正常工作或生活的自然人，首次投保年龄不超过七十五周岁（含），续保不超过八十周岁（含）。无性别和地区限制。'}]","10, 13, 21, 22, 24, 37"
平安无忧悦享成人门诊险,产品：平安无忧悦享成人门诊险	问题：保险金额可以怎样分配给多个被保险人？,"根据平安无忧悦享成人门诊险相关条款，保险金额可以通过以下四种方式分配给多个被保险人：

**保险金额分配方式：**

1. **均分保险金额**
   - 每名被保险人的保险金额=总保险金额÷被保险人数
   - 保险人对每名被保险人的赔付以个人保险金额为限

2. **共享保险金额**
   - 所有被保险人共享总保险金额
   - 保险人对所有被保险人的累计赔付总额不超过总保险金额

3. **独立保险金额**
   - 每名被保险人的保险金额由投保人和保险人另行约定
   - 保险人对每名被保险人的赔付以约定的个人保险金额为限

4. **其他方式**
   - 经投保人和保险人双方协商，可采用其他分配方式

**重要说明：**
- 选择的分配方式需在保险单中明确载明
- 分配方式的确定需经投保人和保险人双方同意
- 具体采用哪种分配方式，请以实际投保时保险单载明的内容为准

建议在投保时根据实际需求与保险公司协商确定最适合的保险金额分配方式。","[{'content': '中国平安财产保险股份有限公司 平安附加调整保险金额分配方式保险条款 注册号：C00001731922019112608872 第一条 本附加保险合同需附加于各类家庭财产保险合同、意外伤害保险合同、健康保 险合同、责任保险合同、其他保险合同（以下简称“主保险合同”）。主保险合同所附条款、 投保单、保险单、保险凭证以及批单等，凡与本附加保险合同相关者，均为本附加保险合同 的构成部分。凡涉及本附加保险合同的约定，均应采用书面形式。 若主保险合同与本附加保险合同的条款互有冲突，则以本附加保险合同的条款为准。本 附加保险合同未尽事宜，以主保险合同的条款规定为准。 第二条 经投保人和保险人双方约定，可选择按照以下方式分配保险金额，并在保险 单中载明。 （一）均分保险金额 每一被保险人的保险金额按照保险单载明的总保险金额除以保险单载明的被保险人人 数确定。保险人对每一被保险人在保险责任项下一次或累计给付'}, {'content': '中国平安财产保险股份有限公司 平安产险意外伤害保险（互联网版）条款 注册号：C00001732312021120910153 总则 第一条 本保险合同由保险条款、投保单、保险单、保险凭证以及批单等组成。凡涉及 本保险合同的约定，均应采用书面形式。 第二条 本保险合同的被保险人应为身体健康，能正常工作或生活的，首次投保年龄 不超过七十五周岁（含）、续保不超过八十周岁（含）的自然人。 第三条 本保险合同的投保人应为具有完全民事行为能力的被保险人本人、对被保险人 有保险利益的其他人。 第四条 本保险合同的受益人包括： （一）身故保险金受益人 订立本保险合同时，被保险人或投保人可指定一人或数人为身故保险金受益人。身故保 险金受益人为数人时，应确定其受益顺序和受益份额；未确定受益份额的，各身故保险金 受益人按照相等份额享有受益权。投保人指定受益人时须经被保险人同意。 被保险人死亡后，有下列情形之一的'}, {'content': '险人均按上述规定向被保 险人分别给付门诊急诊医疗保险金，每次门急诊医疗费用给付金额以每次门急诊医疗费用保险金 额为限，累计给付金额以门急诊医疗费用保险金额为限，累计门诊急诊给付次数以门急诊就诊次 数为限，当累计给付金额达到门急诊医疗费用保险金额或被保险人给付次数达到门急诊就诊次数 （以先到者为准），保险人对该被保险人的保险责任终止。 第六条 本附加保险合同适用费用补偿原则。 补偿原则 若被保险人已从其他途径（包括基本医疗保险、公费医疗、工作单位、保险人在内的任何 商业保险机构，以及依法承担侵权损害赔偿责任的第三人等）获得医疗费用补偿，则保险人仅 对被保险人实际发生的医疗费用扣除其所获医疗费用补偿后的余额按本保险合同的约定进行赔 付。 基本医疗保险个人账户部分支出视为个人支付，不属于已获得的医疗费用补偿。 关于赔付标准的说明如下： 1、被保险人以参加基本医疗保险（或其他费用补偿型医疗保险）身'}, {'content': '按照以下方式分配保险金额，并在保险 单中载明。 （一）均分保险金额 每一被保险人的保险金额按照保险单载明的总保险金额除以保险单载明的被保险人人 数确定。保险人对每一被保险人在保险责任项下一次或累计给付的保险金之和以每人 保险金额为限。 （二）共享保险金额 所有被保险人共享总保险金额。保险人对所有被保险人在保险责任项下一次或累计 给付的保险金之和不超过总保险金额。 （三）独立保险金额 每一被保险人的保险金额由投保人和保险人双方约定，并在保险单中载明。保险人对 每一被保险人在保险责任项下一次或累计给付的保险金之和以每人保险金额为限。 （四）其他方式 除上述情形外，经投保人和保险人双方约定，可在投保时约定按照其他方式分配保险 金额，并在保险单中载明。'}, {'content': '依法承担侵权损害赔偿责任的第三人等）获得医疗费用补偿，则保险人仅对被保 险人实际发生的医疗费用扣除其所获医疗费用补偿后的剩余部分按本保险合同约定负责赔 偿。社会基本医疗保险个人帐户部分支出视为个人支付，不属于已获得的医疗费用补偿。 （四）可选责任：意外伤害住院津贴保险责任 在保险期间内，被保险人因遭受意外伤害事故，并自事故发生之日起一百八十日内因该 事故在释义医院进行住院治疗，保险人就被保险人的合理住院天数扣除保险单载明的免赔 天数后，按照保险单载明的意外伤害住院津贴日额计算给付“意外伤害住院津贴保险金”。 被保险人多次遭受意外伤害事故进行住院治疗，保险人均按上述规定分别给付意外伤害 住院津贴保险金，但保险人一次或多次累计给付意外伤害住院津贴保险金的天数以一百八 十天为限，累计给付天数达到一百八十天时，对被保险人的意外伤害住院津贴保险责任终 止。 若投保人与保险人对免赔天数和赔付天数限额另'}, {'content': '偿后的余额按本保险合同的约定进行赔 付。 基本医疗保险个人账户部分支出视为个人支付，不属于已获得的医疗费用补偿。 关于赔付标准的说明如下： 1、被保险人以参加基本医疗保险（或其他费用补偿型医疗保险）身份投保，并以参加基本 医疗保险（或其他费用补偿型医疗保险）身份接受治疗并结算的；以及被保险人以未参加基本医 疗保险（或其他费用补偿型医疗保险）身份投保的；则保险人根据本附加保险合同约定扣除保险 单载明的免赔额后按附加保险合同载明的“一般赔付比例”予以赔偿。 2、若被保险人以参加基本医疗保险（或其他费用补偿型医疗保险）身份投保，但未以参加 基本医疗保险（或其他费用补偿型医疗保险）身份接受治疗并结算的，则保险人根据本附加保险 合同约定扣除保险单载明的免赔额后按附加保险合同载明的“其他赔付比例”予以赔偿。 责任免除 第七条 因下列原因造成被保险人进行门诊急诊治疗的，保险人不承担给付保险金责任： （一'}, {'content': '无对应取值。'}, {'content': '因遭受意外伤害或等待期满后因疾病，在符合合同释义的医院门诊急诊治疗，保险人就其每次实际支出的可报销的、必要的、合理的各项门诊急诊医疗费用，扣除每次门急诊免赔额，按赔付比例给付门急诊医疗保险金。'}, {'content': '无对应取值。'}, {'content': '意外伤害身故保险责任、意外伤害伤残保险责任、意外伤害医疗保险责任、意外伤害住院津贴保险责任、意外伤害住院护理津贴保险金、交通意外伤害身故或伤残特别保险责任、意外骨折、关节脱位保险责任、轻度骨折津贴、骨密度检测津贴。'}]","1, 2, 7, 8, 22, 29"
平安无忧悦享成人门诊险,产品：平安无忧悦享成人门诊险	问题：如果选择共享保险金额，所有被保险人的理赔总额有限制吗？,"根据平安无忧悦享成人门诊险的相关条款，如果选择共享保险金额方式，所有被保险人的理赔总额是有限制的。

具体规定如下：
- 所有被保险人共享总保险金额
- 保险人对所有被保险人在保险责任项下一次或累计给付的保险金之和不超过总保险金额

这意味着，当选择共享保险金额时，所有被保险人的理赔总额不能超过保单载明的总保险金额上限。一旦所有被保险人的累计理赔金额达到总保险金额，保险责任即告终止。

建议您在投保时仔细阅读保险单中载明的具体保险金额分配方式及相关限额。","[{'content': '中国平安财产保险股份有限公司 平安附加调整保险金额分配方式保险条款 注册号：C00001731922019112608872 第一条 本附加保险合同需附加于各类家庭财产保险合同、意外伤害保险合同、健康保 险合同、责任保险合同、其他保险合同（以下简称“主保险合同”）。主保险合同所附条款、 投保单、保险单、保险凭证以及批单等，凡与本附加保险合同相关者，均为本附加保险合同 的构成部分。凡涉及本附加保险合同的约定，均应采用书面形式。 若主保险合同与本附加保险合同的条款互有冲突，则以本附加保险合同的条款为准。本 附加保险合同未尽事宜，以主保险合同的条款规定为准。 第二条 经投保人和保险人双方约定，可选择按照以下方式分配保险金额，并在保险 单中载明。 （一）均分保险金额 每一被保险人的保险金额按照保险单载明的总保险金额除以保险单载明的被保险人人 数确定。保险人对每一被保险人在保险责任项下一次或累计给付'}, {'content': '按照以下方式分配保险金额，并在保险 单中载明。 （一）均分保险金额 每一被保险人的保险金额按照保险单载明的总保险金额除以保险单载明的被保险人人 数确定。保险人对每一被保险人在保险责任项下一次或累计给付的保险金之和以每人 保险金额为限。 （二）共享保险金额 所有被保险人共享总保险金额。保险人对所有被保险人在保险责任项下一次或累计 给付的保险金之和不超过总保险金额。 （三）独立保险金额 每一被保险人的保险金额由投保人和保险人双方约定，并在保险单中载明。保险人对 每一被保险人在保险责任项下一次或累计给付的保险金之和以每人保险金额为限。 （四）其他方式 除上述情形外，经投保人和保险人双方约定，可在投保时约定按照其他方式分配保险 金额，并在保险单中载明。'}, {'content': '指以外来的、突发的、非本意的和非疾病的客观事件为直接且单独的原因致使 身体受到的伤害。 【医院】指保险人与投保人约定的定点医院，未约定定点医院的，则指经中华人民共和国卫 生部门评审确定的二级或二级以上的公立医院，但不包括主要作为诊所、康复、护理、休养、静 养、戒酒、戒毒等或类似的医疗机构。该医院必须具有符合国家有关医院管理规则设置标准的医 疗设备，且全天二十四小时有合格医师及护士驻院提供医疗及护理服务。 【门诊急诊】指被保险人因意外伤害事故或疾病至医院的门诊部或急诊部进行治疗。 【特需门诊】指医院门诊的一种特殊需求类型，相较于普通门诊，特需门诊一般享有优先就 诊、全程导诊服务的特点，挂号费和治疗费用通常较高。 【基本医疗保险】本合同所称的基本医疗保险是指《中华人民共和国社会保险法》所规定的 基本医疗保险，包括城镇职工基本医疗保险、城镇居民基本医疗保险或城乡居民基本医疗保险、 新型农村合作医'}, {'content': '险金受益人。身故保 险金受益人为数人时，应确定其受益顺序和受益份额；未确定受益份额的，各身故保险金 受益人按照相等份额享有受益权。投保人指定受益人时须经被保险人同意。 被保险人死亡后，有下列情形之一的，保险金作为被保险人的遗产，由保险人依照有关 法律法规履行给付保险金的义务： 1．没有指定受益人，或者受益人指定不明无法确定的； 2．受益人先于被保险人死亡，没有其他受益人的； 3．受益人依法丧失受益权或者放弃受益权，没有其他受益人的。 受益人与被保险人在同一事件中死亡，且不能确定死亡先后顺序的，推定受益人死亡在 先。 被保险人或投保人可以变更身故保险金受益人，但需书面通知保险人，由保险人在本保 险合同上批注。对因身故保险金受益人变更发生的法律纠纷，保险人不承担任何责任。 投保人指定或变更身故保险金受益人的，应经被保险人书面同意。被保险人为无民事行 为能力人或限制民事行为能力人的，应由其监护人'}, {'content': '险人均按上述规定向被保 险人分别给付门诊急诊医疗保险金，每次门急诊医疗费用给付金额以每次门急诊医疗费用保险金 额为限，累计给付金额以门急诊医疗费用保险金额为限，累计门诊急诊给付次数以门急诊就诊次 数为限，当累计给付金额达到门急诊医疗费用保险金额或被保险人给付次数达到门急诊就诊次数 （以先到者为准），保险人对该被保险人的保险责任终止。 第六条 本附加保险合同适用费用补偿原则。 补偿原则 若被保险人已从其他途径（包括基本医疗保险、公费医疗、工作单位、保险人在内的任何 商业保险机构，以及依法承担侵权损害赔偿责任的第三人等）获得医疗费用补偿，则保险人仅 对被保险人实际发生的医疗费用扣除其所获医疗费用补偿后的余额按本保险合同的约定进行赔 付。 基本医疗保险个人账户部分支出视为个人支付，不属于已获得的医疗费用补偿。 关于赔付标准的说明如下： 1、被保险人以参加基本医疗保险（或其他费用补偿型医疗保险）身'}, {'content': '险合同上批注。对因身故保险金受益人变更发生的法律纠纷，保险人不承担任何责任。 投保人指定或变更身故保险金受益人的，应经被保险人书面同意。被保险人为无民事行 为能力人或限制民事行为能力人的，应由其监护人指定或变更身故保险金受益人。 （二）其他保险责任的保险金受益人 除另有约定外，本保险合同除身故保险金以外的其他保险责任的保险金受益人为被保险 人本人。 第五条 本保险合同仅限于互联网渠道销售。 第六条 本保险合同的保险责任分为“必选责任”及“可选责任”。投保人在已投保“必 选责任”的前提下，可以同时投保“可选责任”；若投保人未投保“必选责任”，不得单独 保险责任 投保“可选责任”。保险责任由投保人在投保时与保险人协商确定，并在保险合同中载明。 第七条 保险期间内，被保险人因遭受意外伤害事故导致身故、伤残或医疗费用支出的， 保险人依照下列约定给付保险金，具体承担的责任和对应的保险金以保险单载明的'}, {'content': '无对应取值。'}, {'content': '身故保险金和伤残保险金累计给付不超过意外伤害保险金额，医疗保险金累计给付不超过意外伤害医疗保险金额。保险金额包括意外伤害保险金额、意外伤害医疗保险金额、意外伤害住院津贴保险金、住院护理津贴保险金额、交通意外伤害身故特别保险金额、交通意外伤害伤残特别保险金额、意外伤害骨折、关节脱位保险金额、轻度骨折保险金额、每次轻度骨折津贴、骨密度检测保险金额、每次骨密度检测津贴，具体金额由投保人与保险人约定并在保险单中载明。'}]","1, 2, 7, 16, 23, 24"
平安无忧悦享成人门诊险,产品：平安无忧悦享成人门诊险	问题：分期支付保费如果忘记缴费会有什么后果？,"根据平安无忧悦享成人门诊险的相关条款，分期支付保费忘记缴费的后果如下：

1. **宽限期保障**：
   - 若未按时缴纳分期保费，保险公司会发出催告，并提供30天（含第30天）的宽限期
   - 在宽限期内发生保险事故，保险公司仍按合同约定承担保险责任
   - 但保险公司有权从给付的保险金中扣除投保人欠缴的保险费

2. **合同终止后果**：
   - 若在30天宽限期内仍未补交保险费，保险合同自当期保费应付之日起终止
   - 保险合同终止后发生的保险事故，保险公司不再承担任何保险责任

3. **续保影响**：
   - 本产品为一年期不保证续保产品
   - 若因未按时缴费导致合同终止，将影响后续的保险保障

**建议**：为确保保险保障的连续性，请务必按时缴纳保费，或在收到催告通知后及时在30天内补交欠款。","[{'content': '询（依 照世界卫生组织《疾病和有关健康问题的国际统计分类》（ICD-10）确定的精神和行为障碍以外 的一般心理问题，如职场问题、家庭问题、婚恋问题、个人发展、情绪管理等）。 （十七）被保险人主动吸食或注射毒品。 第八条 被保险人在下列期间发生保险事故进行门诊急诊治疗的，保险人也不承担给付保险 金责任： （一）战争、军事行动、暴动或武装叛乱期间； （二）被保险人患艾滋病（AIDS）或感染艾滋病病毒（HIV 呈阳性）期间； （三）被保险人酒后驾车、无有效驾驶证驾驶或驾驶无有效行驶证的机动车期间。 第九条 下列费用，保险人也不承担给付保险金责任： （一）在释义医院以外的医疗机构进行治疗的医疗费用，但因情况紧急必须立即就医的除外； （二）保险单签发地基本医疗保险或其他公费医疗管理部门规定的自费项目和药品费用； （三）营养费、护理费、交通费、伙食费、误工费、丧葬费； （四）挂号费、院外会诊费、出诊费'}, {'content': '中国平安财产保险股份有限公司 平安产险附加分期支付保费保险（互联网版）条款 注册号：C00001731922022091538001 总则 第一条 本附加保险合同须附加于各种意外伤害保险、健康保险、家庭财产保险、责任 保险、其他保险合同（以下简称“主保险合同”）。主保险合同所附条款、投保单、保险单、 保险凭证以及批单等，凡与本附加保险合同相关者，均为本附加保险合同的构成部分。凡涉 及本附加保险合同的约定，均应采用书面形式。 若主保险合同与本附加保险合同的条款互有冲突，则以本附加保险合同的条款为准。 本附加保险合同未尽事宜，以主保险合同的条款规定为准。 第二条 本保附加险合同仅限于互联网渠道销售。 保险责任 第三条 兹经投保人和保险人双方同意，本保险合同项下保险费可以按照约定的分期支 付日期和金额支付，具体以保险单载明为准。 在交纳首月保险费后，投保人应当在每月保险费约定支付日交纳对应月份的'}, {'content': '载明。 上述门急诊医疗费用保险金额为每次门急诊医疗费用保险金额与门急诊就诊次数的乘积。 保险期间与续保 第十二条 本附加保险合同保险期间由投保人、保险人双方约定，并在保险单中载明，且最 长不得超过一年、也不得小于主保险合同的保险期间。 第十三条 本附加保险产品遵循不保证续保条款：本产品保险期间不超过一年。保险期间 届满，投保人需要重新向保险人申请投保本产品，经保险人同意，交纳保险费，获得新的保险合 同。 若发生下列情形之一的，本合同不再接受续保： （一）本产品统一停售； （二）被保险人身故； （三）投保人对于保险人就投保人或者被保险人的有关情况提出的询问未履行如实告知义 务，足以影响保险人决定是否同意承保，保险人已经解除保险合同的； （四）投保人未如实告知,被保险人不符合投保条件或存在欺诈情形的； 第十四条 保险金申请人向保险人申请给付保险金时，应提交以下材料。保险金申请人因特殊 保险金申'}, {'content': '。 保险责任 第三条 兹经投保人和保险人双方同意，本保险合同项下保险费可以按照约定的分期支 付日期和金额支付，具体以保险单载明为准。 在交纳首月保险费后，投保人应当在每月保险费约定支付日交纳对应月份的保险费。 第四条 若投保人分期支付保险费，在支付首期保险费后未按约定在应付之日交纳保险 费，保险人允许投保人在催告之日起三十日（含第三十日）内补交保险费，如果被保险人 在此三十日内发生保险事故，保险人仍按照合同约定给付保险金，但有权从给付的保险金 中扣除投保人欠缴的保险费。 若投保人在保险人催告之日起三十日（含第三十日）内未补交保险费，则本合同自当 期保费的应付之日起终止，对于保险合同终止后发生的保险事故，保险人不承担保险责 任。'}, {'content': '任的基本材料收集齐全后，尽快做 出核定。 保险人应当将核定结果通知被保险人；对属于保险责任的，在与被保险人达成给付保险 金的协议后十日内，履行给付保险金义务。保险合同对给付保险金的期限有约定的，保险人 应当按照约定履行给付保险金的义务。保险人依照前款约定作出核定后，对不属于保险责任 的，应当自作出核定之日起三日内向被保险人发出拒绝给付保险金通知书，并说明理由。 第十六条 保险人自收到给付保险金的请求和有关证明、资料之日起六十日内，对其给 付的数额不能确定的，应当根据已有证明和资料可以确定的数额先予支付；保险人最终确定 给付的数额后，应当支付相应的差额。 第十七条 投保人符合保险法规定的退还保险费相关要求的，保险人应当按照保险法相 关规定退还保险单的现金价值。 投保人、被保险人义务 第十八条 除另有约定外，投保人应当在保险合同成立时交清保险费。 第十九条 订立保险合同，保险人就被保险人的有关'}, {'content': '疗保险、政府主办补充医疗、公费医疗获得的补偿，不可用于抵扣免赔额。 免赔额、免赔天数、赔付比例由投保人、保险人在投保时协商确定，并在保险合同中 载明。 第十二条 本保险合同保险期间由保险人和投保人协商确定，以保险单载明的起讫时间 为准。 保险期间 保险人义务 第十三条 本保险合同成立后，保险人应当及时向投保人签发保险单或其他保险凭证。 第十四条 保险人按照本保险合同的约定，认为被保险人提供的有关索赔的证明和资料 不完整的，应当及时一次性通知投保人、被保险人补充提供。 第十五条 保险人收到被保险人的给付保险金的请求后，应当及时作出是否属于保险责 任的核定；情形复杂的，保险人将在确定是否属于保险责任的基本材料收集齐全后，尽快做 出核定。 保险人应当将核定结果通知被保险人；对属于保险责任的，在与被保险人达成给付保险 金的协议后十日内，履行给付保险金义务。保险合同对给付保险金的期限有约定的，保险人'}, {'content': '无对应取值。'}]","3, 4, 11, 13, 40, 41"
平安无忧悦享成人门诊险,产品：平安无忧悦享成人门诊险	问题：保险条款中提到的等待期是什么意思？,"等待期是指保险合同生效后的一段时间内，即使发生保险事故，保险公司也不承担保险责任。根据平安无忧悦享成人门诊险的相关条款：

1. 等待期具体天数由投保人与保险公司在保险合同中约定
2. 对于疾病保险、医疗保险、护理保险，等待期最长不超过180天
3. 在等待期内出现的疾病，或等待期内接受检查但在等待期后确诊的疾病，保险公司不承担保险责任

需要注意的是，因意外伤害导致的医疗费用不受等待期限制。建议您查看具体保险合同中对等待期的明确约定。","[{'content': '中国平安财产保险股份有限公司 平安附加等待期调整保险条款 注册号为：C00001731922020040716092 第一条 本附加保险合同须附加于意外伤害保险、健康保险等险种保险合同（以下简称 “主保险合同”）。主保险合同所附条款、投保单、保险单、保险凭证以及批单等，凡与本附 加保险合同相关者，均为本附加保险合同的构成部分。凡涉及本附加保险合同的约定，均应 采用书面形式。 若主保险合同与本附加保险合同的条款互有冲突，则以本附加保险合同的条款为准。本 附加保险合同未尽事宜，以主保险合同的条款规定为准。 第二条 经投保人申请并经保险人同意，在保险期间内，投保人与保险人可就等待期、 免赔期、观察期进行约定，并在保险合同中载明。 但疾病保险、医疗保险、护理保险的等待期不超过 180 天。'}, {'content': '中国平安财产保险股份有限公司 平安产险附加门诊急诊医疗保险（C 款）（互联网版）条款 注册号：C00001732522021123061523 总则 第一条 本附加保险合同须附加于各种意外伤害保险或健康保险合同（以下简称“主保险合 同”）。主保险合同所附条款、投保单、保险单、保险凭证以及批单等，凡与本附加保险合同相关 者，均为本附加保险合同的构成部分。凡涉及本附加保险合同的约定，均应采用书面形式。 若主保险合同与本附加保险合同的条款互有冲突，则以本附加保险合同的条款为准。本附加 保险合同未尽事宜，以主保险合同的条款规定为准。 第二条 本附加保险合同的被保险人应为能正常工作或劳动的自然人。 第三条 除另有约定外，本附加保险合同的门诊急诊医疗保险金的受益人为被保险人本人。 第四条 本附加保险合同仅限于互联网渠道销售。 保险责任 第五条 本附加保险合同保险期间内，被保险人因遭受意外伤害事故或者自'}, {'content': '询（依 照世界卫生组织《疾病和有关健康问题的国际统计分类》（ICD-10）确定的精神和行为障碍以外 的一般心理问题，如职场问题、家庭问题、婚恋问题、个人发展、情绪管理等）。 （十七）被保险人主动吸食或注射毒品。 第八条 被保险人在下列期间发生保险事故进行门诊急诊治疗的，保险人也不承担给付保险 金责任： （一）战争、军事行动、暴动或武装叛乱期间； （二）被保险人患艾滋病（AIDS）或感染艾滋病病毒（HIV 呈阳性）期间； （三）被保险人酒后驾车、无有效驾驶证驾驶或驾驶无有效行驶证的机动车期间。 第九条 下列费用，保险人也不承担给付保险金责任： （一）在释义医院以外的医疗机构进行治疗的医疗费用，但因情况紧急必须立即就医的除外； （二）保险单签发地基本医疗保险或其他公费医疗管理部门规定的自费项目和药品费用； （三）营养费、护理费、交通费、伙食费、误工费、丧葬费； （四）挂号费、院外会诊费、出诊费'}, {'content': '载明。 上述门急诊医疗费用保险金额为每次门急诊医疗费用保险金额与门急诊就诊次数的乘积。 保险期间与续保 第十二条 本附加保险合同保险期间由投保人、保险人双方约定，并在保险单中载明，且最 长不得超过一年、也不得小于主保险合同的保险期间。 第十三条 本附加保险产品遵循不保证续保条款：本产品保险期间不超过一年。保险期间 届满，投保人需要重新向保险人申请投保本产品，经保险人同意，交纳保险费，获得新的保险合 同。 若发生下列情形之一的，本合同不再接受续保： （一）本产品统一停售； （二）被保险人身故； （三）投保人对于保险人就投保人或者被保险人的有关情况提出的询问未履行如实告知义 务，足以影响保险人决定是否同意承保，保险人已经解除保险合同的； （四）投保人未如实告知,被保险人不符合投保条件或存在欺诈情形的； 第十四条 保险金申请人向保险人申请给付保险金时，应提交以下材料。保险金申请人因特殊 保险金申'}, {'content': '，则保险人根据本附加保险 合同约定扣除保险单载明的免赔额后按附加保险合同载明的“其他赔付比例”予以赔偿。 责任免除 第七条 因下列原因造成被保险人进行门诊急诊治疗的，保险人不承担给付保险金责任： （一）投保人的故意行为； （二）被保险人自致伤害或自杀，但被保险人自杀时为无民事行为能力人的除外； （三）因被保险人挑衅或故意行为而导致的打斗、被袭击或被谋杀； （四）核爆炸、核辐射或核污染； （五）恐怖袭击； （六）被保险人犯罪或拒捕； （七）被保险人从事高风险运动或参加职业或半职业体育运动； （八）既往症及其并发症、被保险人在等待期内出现本附加保险合同约定的疾病的，或等待 期内接受检查但在等待期后确诊的本附加保险合同约定的疾病； （九）腰椎间盘膨出和突出症； （十）遗传性疾病、先天性畸形、变形和染色体异常； （十一）不孕不育治疗、人工受精、怀孕、分娩（含难产）、流产、堕胎、节育（含绝育）、 产'}, {'content': '费相关要求的，保险人应当按照保险法相 关规定退还保险单的现金价值。 投保人、被保险人义务 第十八条 除另有约定外，投保人应当在保险合同成立时交清保险费。 第十九条 订立保险合同，保险人就被保险人的有关情况提出询问的，投保人应当如实 告知。 投保人故意或者因重大过失未履行前款规定的义务，足以影响保险人决定是否同意承 保或者提高保险费率的，保险人有权解除本保险合同。 前款规定的合同解除权，自保险人知道有解除事由之日起，超过三十日不行使而消灭。 自合同成立之日起超过二年的，保险人不得解除合同；发生保险事故的，保险人应当承担给 付保险金责任。 投保人故意不履行如实告知义务的，保险人对于合同解除前发生的保险事故，不承担 给付保险金责任，并不退还保险费。 投保人因重大过失未履行如实告知义务，对保险事故的发生有严重影响的，保险人对 于合同解除前发生的保险事故，不承担给付保险金责任，但应当退还保险费。 保'}, {'content': '无对应取值。'}, {'content': '不超过 180 天'}, {'content': '无对应取值。'}]","5, 9, 11, 13, 42, 61"
平安无忧悦享成人门诊险,产品：平安无忧悦享成人门诊险	问题：哪些情况属于保险的免责条款范围？,"根据平安无忧悦享成人门诊险的条款内容，以下情况属于保险的免责条款范围：

**一、因特定原因造成的门诊急诊治疗不予赔付：**
1. 投保人的故意行为
2. 被保险人自致伤害或自杀（但被保险人自杀时为无民事行为能力人的除外）
3. 因被保险人挑衅或故意行为而导致的打斗、被袭击或被谋杀
4. 核爆炸、核辐射或核污染
5. 恐怖袭击
6. 被保险人犯罪或拒捕
7. 被保险人从事高风险运动或参加职业或半职业体育运动
8. 既往症及其并发症、等待期内出现或确诊的疾病
9. 腰椎间盘膨出和突出症
10. 遗传性疾病、先天性畸形、变形和染色体异常
11. 不孕不育治疗、人工受精、怀孕、分娩（含难产）、流产、堕胎、节育及相关并发症
12. 职业病、恶性肿瘤、脑中风、心肌梗塞、慢性肾功能衰竭、肝硬化、糖尿病、高血压（Ⅱ期以上）及其并发症
13. 牙科治疗、整容、美容或修复、疗养、康复治疗、矫形、视力矫正手术
14. 包皮环切术、包皮剥离术、包皮气囊扩张术、性功能障碍治疗
15. 医疗事故
16. 各种医疗咨询和健康预测费用
17. 被保险人主动吸食或注射毒品

**二、特定期间发生的门诊急诊治疗不予赔付：**
1. 战争、军事行动、暴动或武装叛乱期间
2. 被保险人患艾滋病或感染艾滋病病毒期间
3. 被保险人酒后驾车、无有效驾驶证驾驶或驾驶无有效行驶证的机动车期间

**三、下列费用不予赔付：**
1. 在释义医院以外的医疗机构进行治疗的医疗费用（但因情况紧急必须立即就医的除外）
2. 保险单签发地基本医疗保险或其他公费医疗管理部门规定的自费项目和药品费用
3. 营养费、护理费、交通费、伙食费、误工费、丧葬费
4. 挂号费、院外会诊费、出诊费、就（转）诊交通费、急救车费、住院医疗费用

建议您在投保前仔细阅读完整保险条款，如有疑问可咨询保险公司客服人员。","[{'content': '载明。 上述门急诊医疗费用保险金额为每次门急诊医疗费用保险金额与门急诊就诊次数的乘积。 保险期间与续保 第十二条 本附加保险合同保险期间由投保人、保险人双方约定，并在保险单中载明，且最 长不得超过一年、也不得小于主保险合同的保险期间。 第十三条 本附加保险产品遵循不保证续保条款：本产品保险期间不超过一年。保险期间 届满，投保人需要重新向保险人申请投保本产品，经保险人同意，交纳保险费，获得新的保险合 同。 若发生下列情形之一的，本合同不再接受续保： （一）本产品统一停售； （二）被保险人身故； （三）投保人对于保险人就投保人或者被保险人的有关情况提出的询问未履行如实告知义 务，足以影响保险人决定是否同意承保，保险人已经解除保险合同的； （四）投保人未如实告知,被保险人不符合投保条件或存在欺诈情形的； 第十四条 保险金申请人向保险人申请给付保险金时，应提交以下材料。保险金申请人因特殊 保险金申'}, {'content': '询（依 照世界卫生组织《疾病和有关健康问题的国际统计分类》（ICD-10）确定的精神和行为障碍以外 的一般心理问题，如职场问题、家庭问题、婚恋问题、个人发展、情绪管理等）。 （十七）被保险人主动吸食或注射毒品。 第八条 被保险人在下列期间发生保险事故进行门诊急诊治疗的，保险人也不承担给付保险 金责任： （一）战争、军事行动、暴动或武装叛乱期间； （二）被保险人患艾滋病（AIDS）或感染艾滋病病毒（HIV 呈阳性）期间； （三）被保险人酒后驾车、无有效驾驶证驾驶或驾驶无有效行驶证的机动车期间。 第九条 下列费用，保险人也不承担给付保险金责任： （一）在释义医院以外的医疗机构进行治疗的医疗费用，但因情况紧急必须立即就医的除外； （二）保险单签发地基本医疗保险或其他公费医疗管理部门规定的自费项目和药品费用； （三）营养费、护理费、交通费、伙食费、误工费、丧葬费； （四）挂号费、院外会诊费、出诊费'}, {'content': '承担给付保险金责任的最高限额。 本保险合同的保险金额分为意外伤害保险金额，意外伤害医疗保险金额，意外伤害住院 津贴保险金，住院护理津贴保险金额，交通意外伤害身故特别保险金额，交通意外伤害伤残 特别保险金额，意外伤害骨折、关节脱位保险金额，轻度骨折保险金额，每次轻度骨折津贴， 骨密度检测保险金额，每次骨密度检测津贴，由投保人、保险人双方约定，并在保险单中载 明。 本保险合同中的免赔额是指被保险人在保险期间内发生的、虽然属于本保险合同保险 责任范围内的医疗费用，但依照本保险合同约定仍旧由被保险人自行承担，保险人不予赔 付的金额。被保险人从其他途径已获得的医疗费用补偿可用于抵扣免赔额，但通过基本医 疗保险、政府主办补充医疗、公费医疗获得的补偿，不可用于抵扣免赔额。 免赔额、免赔天数、赔付比例由投保人、保险人在投保时协商确定，并在保险合同中 载明。 第十二条 本保险合同保险期间由保险人和投保人协商'}, {'content': '无交通运输管理部门核发的许可证书或 其他必备证书。 【无有效行驶证】指下列情形之一： （1）机动车行驶证、号牌被注销的； （2）未按规定检验或检验不合格。 【辅助器具费】指购买、安装或修理假肢、矫形器、假眼、假牙和配置轮椅等辅助器具 的费用。 【保险单的现金价值】 保险期间为一年及以内的，计算方法为：净保费×[1－（保险单已经过天数/保险期间 天数）]，经过天数不足一天的按一天计算。 保险期间为一年以上的，计算方法由投保人、保险人依据法律法规、人身保险精算规定 确定，并在保险合同中载明；如保险合同未载明的，则计算方法为净保费×[1－（保险单已 经过天数/保险期间天数）]，经过天数不足一天的按一天计算。 【不可抗力】指不能预见、不能避免并不能克服的客观情况。 【保险金申请人】指受益人或被保险人的继承人或依法享有保险金请求权的其他自然 人。 【保险人认可的机构】指有执业资格的医疗机构、公安机关'}, {'content': '，则保险人根据本附加保险 合同约定扣除保险单载明的免赔额后按附加保险合同载明的“其他赔付比例”予以赔偿。 责任免除 第七条 因下列原因造成被保险人进行门诊急诊治疗的，保险人不承担给付保险金责任： （一）投保人的故意行为； （二）被保险人自致伤害或自杀，但被保险人自杀时为无民事行为能力人的除外； （三）因被保险人挑衅或故意行为而导致的打斗、被袭击或被谋杀； （四）核爆炸、核辐射或核污染； （五）恐怖袭击； （六）被保险人犯罪或拒捕； （七）被保险人从事高风险运动或参加职业或半职业体育运动； （八）既往症及其并发症、被保险人在等待期内出现本附加保险合同约定的疾病的，或等待 期内接受检查但在等待期后确诊的本附加保险合同约定的疾病； （九）腰椎间盘膨出和突出症； （十）遗传性疾病、先天性畸形、变形和染色体异常； （十一）不孕不育治疗、人工受精、怀孕、分娩（含难产）、流产、堕胎、节育（含绝育）、 产'}, {'content': '确诊的本附加保险合同约定的疾病； （九）腰椎间盘膨出和突出症； （十）遗传性疾病、先天性畸形、变形和染色体异常； （十一）不孕不育治疗、人工受精、怀孕、分娩（含难产）、流产、堕胎、节育（含绝育）、 产前产后检查以及由以上原因引起之并发症； （十二）被保险人患职业病、恶性肿瘤、脑中风、心肌梗塞、慢性肾功能衰竭、肝硬化、糖 尿病、高血压（Ⅱ期以上）及其引起的并发症； （十三）牙科治疗、整容、美容或修复、疗养、康复治疗、矫形、视力矫正手术； （十四）包皮环切术、包皮剥离术、包皮气囊扩张术、性功能障碍治疗； （十五）医疗事故； （十六）各种医疗咨询和健康预测的费用，如健康咨询、睡眠咨询、性咨询、心理咨询（依 照世界卫生组织《疾病和有关健康问题的国际统计分类》（ICD-10）确定的精神和行为障碍以外 的一般心理问题，如职场问题、家庭问题、婚恋问题、个人发展、情绪管理等）。 （十七）被保险人主动吸食或'}, {'content': '无对应取值。'}, {'content': '投保人的故意行为；被保险人自致伤害或自杀（无民事行为能力人除外）；被保险人挑衅或故意行为导致的打斗、被袭击或被谋杀；核爆炸、核辐射或核污染；恐怖袭击；被保险人犯罪或拒捕；高风险运动或参加职业/半职业体育运动；既往症及其并发症、等待期内出现或确诊的疾病；腰椎间盘膨出和突出症；遗传性疾病、先天性畸形、变形和染色体异常；不孕不育治疗、人工受精、怀孕、分娩、流产、堕胎、节育及相关并发症；职业病、恶性肿瘤、脑中风、心肌梗塞、慢性肾功能衰竭、肝硬化、糖尿病、高血压（Ⅱ期以上）及其并发症；牙科治疗、整容、美容、疗养、康复治疗、矫形、视力矫正手术；包皮环切术、包皮剥离术、包皮气囊扩张术、性功能障碍治疗；医疗事故；医疗咨询和健康预测费用；被保险人主动吸食或注射毒品；战争、军事行动、暴动或武装叛乱期间；患艾滋病或感染艾滋病病毒期间；酒后驾车、无有效驾驶证驾驶或驾驶无有效行驶证的机动车期间；释义医院以外的医疗机构治疗费用（紧急情况除外）；自费项目和药品费用；营养费、护理费、交通费、伙食费、误工费、丧葬费；挂号费、院外会诊费、出诊费、就（转）诊交通费、急救车费、住院医疗费用。'}, {'content': '无对应取值。'}, {'content': '投保人、被保险人的故意行为；被保险人自致伤害或自杀（无民事行为能力人除外）；因被保险人挑衅或故意行为导致的打斗、被袭击或被谋杀；被保险人妊娠、流产、分娩、疾病、药物过敏、中暑、猝死；被保险人接受整容手术及其他内、外科手术；被保险人未遵医嘱，私自服用、涂用、注射药物；核爆炸、核辐射或核污染；被保险人犯罪或拒捕；被保险人从事高风险运动或参加职业或半职业体育运动；被保险人病理性骨折或骨质疏松并因此导致的伤害；被保险人投保前已有骨折；被保险人没有遭受骨折伤害，因其他原因或主动进行骨密度检测。战争、军事行动、暴动或武装叛乱期间；被保险人主动吸食或注射毒品期间；被保险人酒后驾车、无有效驾驶证驾驶或驾驶无有效行驶证的机动车期间。保险单签发地社会医疗保险或其他公费医疗管理部门规定的自费项目（如自费药品费用）；因椎间盘膨出和突出造成的医疗费用；营养费、康复费、辅助器具费、整容费、美容费、修复手术费、牙齿整形费、牙齿修复费、镶牙费、护理费、交通费、伙食费、误工费、丧葬费。'}]","9, 10, 11, 13, 39, 57"
平安无忧悦享成人门诊险,产品：平安无忧悦享成人门诊险	问题：急诊医疗费用报销需要提供哪些证明材料？,"根据平安无忧悦享成人门诊险条款规定，申请急诊医疗费用报销需要提供以下证明材料：

1. **基础申请材料**：
   - 保险金给付申请书
   - 保单号或其他有效保险凭证
   - 被保险人身份证明
   - 保险金申请人身份证明

2. **医疗证明材料**：
   - 释义医院出具的病历材料（包括出院记录或出院小结）
   - 诊断证明
   - 处方
   - 病理检查报告
   - 化验检查报告
   - 医疗费用原始凭证及费用明细单据

3. **其他材料**：
   - 与确认保险事故性质、原因、损失程度等有关的其他证明和资料
   - 若委托他人办理，还需提供授权委托书原件及委托双方身份证明

**重要提示**：
- 若因急诊未在释义医院就诊，应在3日内通知保险人
- 需转入非释义医院就诊的，需提前向保险人提出书面申请并获得同意
- 材料不全可能导致无法核实的部分无法获得赔付","[{'content': '询（依 照世界卫生组织《疾病和有关健康问题的国际统计分类》（ICD-10）确定的精神和行为障碍以外 的一般心理问题，如职场问题、家庭问题、婚恋问题、个人发展、情绪管理等）。 （十七）被保险人主动吸食或注射毒品。 第八条 被保险人在下列期间发生保险事故进行门诊急诊治疗的，保险人也不承担给付保险 金责任： （一）战争、军事行动、暴动或武装叛乱期间； （二）被保险人患艾滋病（AIDS）或感染艾滋病病毒（HIV 呈阳性）期间； （三）被保险人酒后驾车、无有效驾驶证驾驶或驾驶无有效行驶证的机动车期间。 第九条 下列费用，保险人也不承担给付保险金责任： （一）在释义医院以外的医疗机构进行治疗的医疗费用，但因情况紧急必须立即就医的除外； （二）保险单签发地基本医疗保险或其他公费医疗管理部门规定的自费项目和药品费用； （三）营养费、护理费、交通费、伙食费、误工费、丧葬费； （四）挂号费、院外会诊费、出诊费'}, {'content': '载明。 上述门急诊医疗费用保险金额为每次门急诊医疗费用保险金额与门急诊就诊次数的乘积。 保险期间与续保 第十二条 本附加保险合同保险期间由投保人、保险人双方约定，并在保险单中载明，且最 长不得超过一年、也不得小于主保险合同的保险期间。 第十三条 本附加保险产品遵循不保证续保条款：本产品保险期间不超过一年。保险期间 届满，投保人需要重新向保险人申请投保本产品，经保险人同意，交纳保险费，获得新的保险合 同。 若发生下列情形之一的，本合同不再接受续保： （一）本产品统一停售； （二）被保险人身故； （三）投保人对于保险人就投保人或者被保险人的有关情况提出的询问未履行如实告知义 务，足以影响保险人决定是否同意承保，保险人已经解除保险合同的； （四）投保人未如实告知,被保险人不符合投保条件或存在欺诈情形的； 第十四条 保险金申请人向保险人申请给付保险金时，应提交以下材料。保险金申请人因特殊 保险金申'}, {'content': '条 除另有约定外，本附加保险合同的门诊急诊医疗保险金的受益人为被保险人本人。 第四条 本附加保险合同仅限于互联网渠道销售。 保险责任 第五条 本附加保险合同保险期间内，被保险人因遭受意外伤害事故或者自保险期间开始且 保险单载明的等待期满（续保者自续保生效后）后因疾病，在符合本附加保险合同释义的医院（以 下简称“释义医院”）门诊急诊（不含特需门诊）治疗，保险人就其每次实际支出的按照当地基本 医疗保险或其他公费医疗主管部门规定可报销的、必要的、合理的各项门诊急诊医疗费用，扣除 保险单载明的每次门急诊免赔额，按赔付比例给付门急诊医疗保险金。 被保险人一次或多次因意外伤害事故或疾病进行门诊急诊治疗，保险人均按上述规定向被保 险人分别给付门诊急诊医疗保险金，每次门急诊医疗费用给付金额以每次门急诊医疗费用保险金 额为限，累计给付金额以门急诊医疗费用保险金额为限，累计门诊急诊给付次数以门急诊就诊次 数为'}, {'content': '指以外来的、突发的、非本意的和非疾病的客观事件为直接且单独的原因致使 身体受到的伤害。 【医院】指保险人与投保人约定的定点医院，未约定定点医院的，则指经中华人民共和国卫 生部门评审确定的二级或二级以上的公立医院，但不包括主要作为诊所、康复、护理、休养、静 养、戒酒、戒毒等或类似的医疗机构。该医院必须具有符合国家有关医院管理规则设置标准的医 疗设备，且全天二十四小时有合格医师及护士驻院提供医疗及护理服务。 【门诊急诊】指被保险人因意外伤害事故或疾病至医院的门诊部或急诊部进行治疗。 【特需门诊】指医院门诊的一种特殊需求类型，相较于普通门诊，特需门诊一般享有优先就 诊、全程导诊服务的特点，挂号费和治疗费用通常较高。 【基本医疗保险】本合同所称的基本医疗保险是指《中华人民共和国社会保险法》所规定的 基本医疗保险，包括城镇职工基本医疗保险、城镇居民基本医疗保险或城乡居民基本医疗保险、 新型农村合作医'}, {'content': '质、原因、 损失程度等难以确定的，保险人对无法确定的部分，不承担给付保险金责任，但保险人通 过其他途径已经及时知道或者应当及时知道保险事故发生的除外。 保险事故发生后，被保险人需要治疗的，应在释义医院就诊，若因急诊未在释义医院就 诊的，应在三日内通知保险人，并根据病情及时转入释义医院。若确需转入非释义医院就 诊的，应向保险人提出书面申请，保险人在接到申请后三日内给予答复，对于保险人同意 在非释义医院就诊的，对这期间发生的医疗费用按本保险合同规定给付保险金。 上述约定，不包括因不可抗力而导致的迟延。 保险金申请与给付 第二十二条 保险金申请人向保险人申请给付保险金时，应提交以下材料。保险金申请 人因特殊原因不能提供以下材料的，应提供其他合法有效的材料。保险金申请人未能提供有 关材料，导致保险人无法核实该申请的真实性的，保险人对无法核实部分不承担给付保险 金的责任。 （一）意外伤害身故保险金、'}, {'content': '是否同意承保，保险人已经解除保险合同的； （四）投保人未如实告知,被保险人不符合投保条件或存在欺诈情形的； 第十四条 保险金申请人向保险人申请给付保险金时，应提交以下材料。保险金申请人因特殊 保险金申请与给付 原因不能提供以下材料的，应提供其他合法有效的材料。保险金申请人未能提供有关材料，导致 保险人无法核实该申请的真实性的，保险人对无法核实部分不承担给付保险金的责任。 （一）保险金给付申请书； （二）保单号或其他有效保险凭证； （三）被保险人身份证明、保险金申请人身份证明； （四）释义医院出具的病历材料（包括出院记录或出院小结）、诊断证明、处方、病理检查报 告、化验检查报告、医疗费用原始凭证及费用明细单据等（五）保险金申请人所能提供的与确认 保险事故的性质、原因、损失程度等有关的其他证明和资料； （六）若保险金申请人委托他人申请的，还应提供授权委托书原件、委托人和受托人的身份 证明等相关'}, {'content': '无对应取值。'}, {'content': '因遭受意外伤害或等待期满后因疾病，在符合合同释义的医院门诊急诊治疗，保险人就其每次实际支出的可报销的、必要的、合理的各项门诊急诊医疗费用，扣除每次门急诊免赔额，按赔付比例给付门急诊医疗保险金。'}, {'content': '无对应取值。'}, {'content': '意外伤害身故保险责任、意外伤害伤残保险责任、意外伤害医疗保险责任、意外伤害住院津贴保险责任、意外伤害住院护理津贴保险金、交通意外伤害身故或伤残特别保险责任、意外骨折、关节脱位保险责任、轻度骨折津贴、骨密度检测津贴。'}]","6, 11, 13, 14, 16, 45"
平安无忧悦享成人门诊险,产品：平安无忧悦享成人门诊险	问题：如果同时投保了其他医疗保险，理赔时会有冲突吗？,"根据平安无忧悦享成人门诊险的相关条款，同时投保其他医疗保险在理赔时不会产生冲突，但需要遵循以下补偿原则：

1. **理赔顺序**：被保险人需先通过基本医疗保险或其他费用补偿型医疗保险进行结算
2. **补偿原则**：本保险主要对经其他医疗保险报销后的剩余合理医疗费用进行赔付
3. **凭证要求**：
   - 如能提供医疗费用原始凭证，按正常流程理赔
   - 如无法提供原始凭证，需提供医疗费用凭证复印件，并加盖支付费用单位印章，注明已给付比例和金额

4. **赔付标准**：
   - 若以参保身份投保并以参保身份结算，按""一般赔付比例""赔付
   - 若以参保身份投保但未以参保身份结算，按""其他赔付比例""赔付

**建议**：理赔时请如实告知已投保的其他医疗保险情况，并提供完整的理赔材料，保险公司将按照合同约定承担相应的保险责任。","[{'content': '及费用明细单据等（五）保险金申请人所能提供的与确认 保险事故的性质、原因、损失程度等有关的其他证明和资料； （六）若保险金申请人委托他人申请的，还应提供授权委托书原件、委托人和受托人的身份 证明等相关证明文件。 被保险人经基本医疗保险或公费医疗报销后又通过其它途径获得了部分医疗费用的补偿并 无法提供医疗费用原始凭证时，需提供住院医疗费用凭证复印件等相关证明并注明已给付的比例 和金额，加盖支付费用单位的印章后保险人按本合同承担剩余合理医疗费用的保险责任。 第十五条 发生下列情况之一者，本附加保险合同即行终止： 其他事项 （一）主保险合同终止； （二）投保人解除本附加保险合同。 释义 【意外伤害】指以外来的、突发的、非本意的和非疾病的客观事件为直接且单独的原因致使 身体受到的伤害。 【医院】指保险人与投保人约定的定点医院，未约定定点医院的，则指经中华人民共和国卫 生部门评审确定的二级或二级以上'}, {'content': '指以外来的、突发的、非本意的和非疾病的客观事件为直接且单独的原因致使 身体受到的伤害。 【医院】指保险人与投保人约定的定点医院，未约定定点医院的，则指经中华人民共和国卫 生部门评审确定的二级或二级以上的公立医院，但不包括主要作为诊所、康复、护理、休养、静 养、戒酒、戒毒等或类似的医疗机构。该医院必须具有符合国家有关医院管理规则设置标准的医 疗设备，且全天二十四小时有合格医师及护士驻院提供医疗及护理服务。 【门诊急诊】指被保险人因意外伤害事故或疾病至医院的门诊部或急诊部进行治疗。 【特需门诊】指医院门诊的一种特殊需求类型，相较于普通门诊，特需门诊一般享有优先就 诊、全程导诊服务的特点，挂号费和治疗费用通常较高。 【基本医疗保险】本合同所称的基本医疗保险是指《中华人民共和国社会保险法》所规定的 基本医疗保险，包括城镇职工基本医疗保险、城镇居民基本医疗保险或城乡居民基本医疗保险、 新型农村合作医'}, {'content': '疗保险、政府主办补充医疗、公费医疗获得的补偿，不可用于抵扣免赔额。 免赔额、免赔天数、赔付比例由投保人、保险人在投保时协商确定，并在保险合同中 载明。 第十二条 本保险合同保险期间由保险人和投保人协商确定，以保险单载明的起讫时间 为准。 保险期间 保险人义务 第十三条 本保险合同成立后，保险人应当及时向投保人签发保险单或其他保险凭证。 第十四条 保险人按照本保险合同的约定，认为被保险人提供的有关索赔的证明和资料 不完整的，应当及时一次性通知投保人、被保险人补充提供。 第十五条 保险人收到被保险人的给付保险金的请求后，应当及时作出是否属于保险责 任的核定；情形复杂的，保险人将在确定是否属于保险责任的基本材料收集齐全后，尽快做 出核定。 保险人应当将核定结果通知被保险人；对属于保险责任的，在与被保险人达成给付保险 金的协议后十日内，履行给付保险金义务。保险合同对给付保险金的期限有约定的，保险人'}, {'content': '偿后的余额按本保险合同的约定进行赔 付。 基本医疗保险个人账户部分支出视为个人支付，不属于已获得的医疗费用补偿。 关于赔付标准的说明如下： 1、被保险人以参加基本医疗保险（或其他费用补偿型医疗保险）身份投保，并以参加基本 医疗保险（或其他费用补偿型医疗保险）身份接受治疗并结算的；以及被保险人以未参加基本医 疗保险（或其他费用补偿型医疗保险）身份投保的；则保险人根据本附加保险合同约定扣除保险 单载明的免赔额后按附加保险合同载明的“一般赔付比例”予以赔偿。 2、若被保险人以参加基本医疗保险（或其他费用补偿型医疗保险）身份投保，但未以参加 基本医疗保险（或其他费用补偿型医疗保险）身份接受治疗并结算的，则保险人根据本附加保险 合同约定扣除保险单载明的免赔额后按附加保险合同载明的“其他赔付比例”予以赔偿。 责任免除 第七条 因下列原因造成被保险人进行门诊急诊治疗的，保险人不承担给付保险金责任： （一'}, {'content': '费相关要求的，保险人应当按照保险法相 关规定退还保险单的现金价值。 投保人、被保险人义务 第十八条 除另有约定外，投保人应当在保险合同成立时交清保险费。 第十九条 订立保险合同，保险人就被保险人的有关情况提出询问的，投保人应当如实 告知。 投保人故意或者因重大过失未履行前款规定的义务，足以影响保险人决定是否同意承 保或者提高保险费率的，保险人有权解除本保险合同。 前款规定的合同解除权，自保险人知道有解除事由之日起，超过三十日不行使而消灭。 自合同成立之日起超过二年的，保险人不得解除合同；发生保险事故的，保险人应当承担给 付保险金责任。 投保人故意不履行如实告知义务的，保险人对于合同解除前发生的保险事故，不承担 给付保险金责任，并不退还保险费。 投保人因重大过失未履行如实告知义务，对保险事故的发生有严重影响的，保险人对 于合同解除前发生的保险事故，不承担给付保险金责任，但应当退还保险费。 保'}, {'content': '质、原因、 损失程度等难以确定的，保险人对无法确定的部分，不承担给付保险金责任，但保险人通 过其他途径已经及时知道或者应当及时知道保险事故发生的除外。 保险事故发生后，被保险人需要治疗的，应在释义医院就诊，若因急诊未在释义医院就 诊的，应在三日内通知保险人，并根据病情及时转入释义医院。若确需转入非释义医院就 诊的，应向保险人提出书面申请，保险人在接到申请后三日内给予答复，对于保险人同意 在非释义医院就诊的，对这期间发生的医疗费用按本保险合同规定给付保险金。 上述约定，不包括因不可抗力而导致的迟延。 保险金申请与给付 第二十二条 保险金申请人向保险人申请给付保险金时，应提交以下材料。保险金申请 人因特殊原因不能提供以下材料的，应提供其他合法有效的材料。保险金申请人未能提供有 关材料，导致保险人无法核实该申请的真实性的，保险人对无法核实部分不承担给付保险 金的责任。 （一）意外伤害身故保险金、'}, {'content': '无对应取值。'}, {'content': '投保人的故意行为；被保险人自致伤害或自杀（无民事行为能力人除外）；被保险人挑衅或故意行为导致的打斗、被袭击或被谋杀；核爆炸、核辐射或核污染；恐怖袭击；被保险人犯罪或拒捕；高风险运动或参加职业/半职业体育运动；既往症及其并发症、等待期内出现或确诊的疾病；腰椎间盘膨出和突出症；遗传性疾病、先天性畸形、变形和染色体异常；不孕不育治疗、人工受精、怀孕、分娩、流产、堕胎、节育及相关并发症；职业病、恶性肿瘤、脑中风、心肌梗塞、慢性肾功能衰竭、肝硬化、糖尿病、高血压（Ⅱ期以上）及其并发症；牙科治疗、整容、美容、疗养、康复治疗、矫形、视力矫正手术；包皮环切术、包皮剥离术、包皮气囊扩张术、性功能障碍治疗；医疗事故；医疗咨询和健康预测费用；被保险人主动吸食或注射毒品；战争、军事行动、暴动或武装叛乱期间；患艾滋病或感染艾滋病病毒期间；酒后驾车、无有效驾驶证驾驶或驾驶无有效行驶证的机动车期间；释义医院以外的医疗机构治疗费用（紧急情况除外）；自费项目和药品费用；营养费、护理费、交通费、伙食费、误工费、丧葬费；挂号费、院外会诊费、出诊费、就（转）诊交通费、急救车费、住院医疗费用。'}, {'content': '无对应取值。'}, {'content': '投保人、被保险人的故意行为；被保险人自致伤害或自杀（无民事行为能力人除外）；因被保险人挑衅或故意行为导致的打斗、被袭击或被谋杀；被保险人妊娠、流产、分娩、疾病、药物过敏、中暑、猝死；被保险人接受整容手术及其他内、外科手术；被保险人未遵医嘱，私自服用、涂用、注射药物；核爆炸、核辐射或核污染；被保险人犯罪或拒捕；被保险人从事高风险运动或参加职业或半职业体育运动；被保险人病理性骨折或骨质疏松并因此导致的伤害；被保险人投保前已有骨折；被保险人没有遭受骨折伤害，因其他原因或主动进行骨密度检测。战争、军事行动、暴动或武装叛乱期间；被保险人主动吸食或注射毒品期间；被保险人酒后驾车、无有效驾驶证驾驶或驾驶无有效行驶证的机动车期间。保险单签发地社会医疗保险或其他公费医疗管理部门规定的自费项目（如自费药品费用）；因椎间盘膨出和突出造成的医疗费用；营养费、康复费、辅助器具费、整容费、美容费、修复手术费、牙齿整形费、牙齿修复费、镶牙费、护理费、交通费、伙食费、误工费、丧葬费。'}]","8, 15, 16, 40, 42, 45"
平安无忧悦享成人门诊险,产品：平安无忧悦享成人门诊险	问题：投保后可以修改保险金额的分配方式吗？,"根据平安无忧悦享成人门诊险的相关条款，投保后**可以修改保险金额的分配方式**，但需要满足以下条件：

1. **需经双方同意**：修改保险金额分配方式需要投保人与保险人（即保险公司）双方协商一致，并以书面形式确认。

2. **需在保险单中载明**：修改后的保险金额分配方式需要在保险单中明确载明，作为保险合同的一部分。

3. **分配方式包括**：
   - **均分保险金额**：总保险金额按被保险人人数平均分配。
   - **共享保险金额**：所有被保险人共享总保险金额。
   - **独立保险金额**：每位被保险人的保险金额由投保人和保险人单独约定。
   - **其他方式**：经双方协商一致的其他分配方式。

因此，投保后如需修改保险金额的分配方式，需与保险公司协商并办理相关书面手续，确保修改内容在保险单中载明。","[{'content': '中国平安财产保险股份有限公司 平安附加调整保险金额分配方式保险条款 注册号：C00001731922019112608872 第一条 本附加保险合同需附加于各类家庭财产保险合同、意外伤害保险合同、健康保 险合同、责任保险合同、其他保险合同（以下简称“主保险合同”）。主保险合同所附条款、 投保单、保险单、保险凭证以及批单等，凡与本附加保险合同相关者，均为本附加保险合同 的构成部分。凡涉及本附加保险合同的约定，均应采用书面形式。 若主保险合同与本附加保险合同的条款互有冲突，则以本附加保险合同的条款为准。本 附加保险合同未尽事宜，以主保险合同的条款规定为准。 第二条 经投保人和保险人双方约定，可选择按照以下方式分配保险金额，并在保险 单中载明。 （一）均分保险金额 每一被保险人的保险金额按照保险单载明的总保险金额除以保险单载明的被保险人人 数确定。保险人对每一被保险人在保险责任项下一次或累计给付'}, {'content': '按照以下方式分配保险金额，并在保险 单中载明。 （一）均分保险金额 每一被保险人的保险金额按照保险单载明的总保险金额除以保险单载明的被保险人人 数确定。保险人对每一被保险人在保险责任项下一次或累计给付的保险金之和以每人 保险金额为限。 （二）共享保险金额 所有被保险人共享总保险金额。保险人对所有被保险人在保险责任项下一次或累计 给付的保险金之和不超过总保险金额。 （三）独立保险金额 每一被保险人的保险金额由投保人和保险人双方约定，并在保险单中载明。保险人对 每一被保险人在保险责任项下一次或累计给付的保险金之和以每人保险金额为限。 （四）其他方式 除上述情形外，经投保人和保险人双方约定，可在投保时约定按照其他方式分配保险 金额，并在保险单中载明。'}, {'content': '中国平安财产保险股份有限公司 平安产险意外伤害保险（互联网版）条款 注册号：C00001732312021120910153 总则 第一条 本保险合同由保险条款、投保单、保险单、保险凭证以及批单等组成。凡涉及 本保险合同的约定，均应采用书面形式。 第二条 本保险合同的被保险人应为身体健康，能正常工作或生活的，首次投保年龄 不超过七十五周岁（含）、续保不超过八十周岁（含）的自然人。 第三条 本保险合同的投保人应为具有完全民事行为能力的被保险人本人、对被保险人 有保险利益的其他人。 第四条 本保险合同的受益人包括： （一）身故保险金受益人 订立本保险合同时，被保险人或投保人可指定一人或数人为身故保险金受益人。身故保 险金受益人为数人时，应确定其受益顺序和受益份额；未确定受益份额的，各身故保险金 受益人按照相等份额享有受益权。投保人指定受益人时须经被保险人同意。 被保险人死亡后，有下列情形之一的'}, {'content': '中国平安财产保险股份有限公司 平安产险附加分期支付保费保险（互联网版）条款 注册号：C00001731922022091538001 总则 第一条 本附加保险合同须附加于各种意外伤害保险、健康保险、家庭财产保险、责任 保险、其他保险合同（以下简称“主保险合同”）。主保险合同所附条款、投保单、保险单、 保险凭证以及批单等，凡与本附加保险合同相关者，均为本附加保险合同的构成部分。凡涉 及本附加保险合同的约定，均应采用书面形式。 若主保险合同与本附加保险合同的条款互有冲突，则以本附加保险合同的条款为准。 本附加保险合同未尽事宜，以主保险合同的条款规定为准。 第二条 本保附加险合同仅限于互联网渠道销售。 保险责任 第三条 兹经投保人和保险人双方同意，本保险合同项下保险费可以按照约定的分期支 付日期和金额支付，具体以保险单载明为准。 在交纳首月保险费后，投保人应当在每月保险费约定支付日交纳对应月份的'}, {'content': '质、原因、 损失程度等难以确定的，保险人对无法确定的部分，不承担给付保险金责任，但保险人通 过其他途径已经及时知道或者应当及时知道保险事故发生的除外。 保险事故发生后，被保险人需要治疗的，应在释义医院就诊，若因急诊未在释义医院就 诊的，应在三日内通知保险人，并根据病情及时转入释义医院。若确需转入非释义医院就 诊的，应向保险人提出书面申请，保险人在接到申请后三日内给予答复，对于保险人同意 在非释义医院就诊的，对这期间发生的医疗费用按本保险合同规定给付保险金。 上述约定，不包括因不可抗力而导致的迟延。 保险金申请与给付 第二十二条 保险金申请人向保险人申请给付保险金时，应提交以下材料。保险金申请 人因特殊原因不能提供以下材料的，应提供其他合法有效的材料。保险金申请人未能提供有 关材料，导致保险人无法核实该申请的真实性的，保险人对无法核实部分不承担给付保险 金的责任。 （一）意外伤害身故保险金、'}, {'content': '中国平安财产保险股份有限公司 平安附加等待期调整保险条款 注册号为：C00001731922020040716092 第一条 本附加保险合同须附加于意外伤害保险、健康保险等险种保险合同（以下简称 “主保险合同”）。主保险合同所附条款、投保单、保险单、保险凭证以及批单等，凡与本附 加保险合同相关者，均为本附加保险合同的构成部分。凡涉及本附加保险合同的约定，均应 采用书面形式。 若主保险合同与本附加保险合同的条款互有冲突，则以本附加保险合同的条款为准。本 附加保险合同未尽事宜，以主保险合同的条款规定为准。 第二条 经投保人申请并经保险人同意，在保险期间内，投保人与保险人可就等待期、 免赔期、观察期进行约定，并在保险合同中载明。 但疾病保险、医疗保险、护理保险的等待期不超过 180 天。'}]","1, 2, 3, 22, 45, 61"
平安无忧悦享成人门诊险,产品：平安无忧悦享成人门诊险	问题：保险理赔的申请流程是怎样的？,"根据平安无忧悦享成人门诊险的相关条款，保险理赔申请流程如下：

### 理赔申请流程
1. **提交申请材料**  
   保险金申请人需提供以下材料：
   - 保险金给付申请书
   - 保单号或有效保险凭证
   - 保险金申请人的身份证明
   - 医疗机构出具的病历、诊断证明及相关医疗费用票据
   - 其他与确认保险事故性质、原因等相关的证明资料
   - 若委托他人办理，需提供授权委托书及双方身份证明

2. **材料补充与核实**  
   - 如因特殊原因无法提供部分材料，需提交其他合法有效证明。
   - 若材料不完整导致无法核实，保险人对无法核实部分不承担给付责任。

3. **理赔范围与限制**  
   - **保障范围**：仅限在符合条款定义的医院（通常为二级及以上公立医院）门诊或急诊治疗产生的必要合理费用。
   - **免赔与比例**：每次门急诊费用需扣除免赔额后按约定比例赔付（具体以保单载明为准）。
   - **责任免除**：包括但不限于以下情况：
     - 精神心理障碍（除ICD-10标准外的一般心理问题）、吸毒、艾滋病期间、战争等特殊期间；
     - 自费项目、营养费、护理费、交通费、挂号费等非医疗直接费用；
     - 非指定医疗机构费用（紧急情况除外）。

4. **争议处理**  
   - 争议优先协商解决，协商不成的按保险单约定提交仲裁或向中国大陆法院起诉。

### 注意事项
- 确保就诊医院符合条款要求的医疗机构定义。
- 保留所有医疗费用凭证及诊断记录。
- 续保时需满足年龄要求（首次投保≤75周岁，续保≤80周岁）。

建议在申请前仔细阅读保单具体约定，或通过平安官方渠道咨询细节。","[{'content': '询（依 照世界卫生组织《疾病和有关健康问题的国际统计分类》（ICD-10）确定的精神和行为障碍以外 的一般心理问题，如职场问题、家庭问题、婚恋问题、个人发展、情绪管理等）。 （十七）被保险人主动吸食或注射毒品。 第八条 被保险人在下列期间发生保险事故进行门诊急诊治疗的，保险人也不承担给付保险 金责任： （一）战争、军事行动、暴动或武装叛乱期间； （二）被保险人患艾滋病（AIDS）或感染艾滋病病毒（HIV 呈阳性）期间； （三）被保险人酒后驾车、无有效驾驶证驾驶或驾驶无有效行驶证的机动车期间。 第九条 下列费用，保险人也不承担给付保险金责任： （一）在释义医院以外的医疗机构进行治疗的医疗费用，但因情况紧急必须立即就医的除外； （二）保险单签发地基本医疗保险或其他公费医疗管理部门规定的自费项目和药品费用； （三）营养费、护理费、交通费、伙食费、误工费、丧葬费； （四）挂号费、院外会诊费、出诊费'}, {'content': '中国平安财产保险股份有限公司 平安产险意外伤害保险（互联网版）条款 注册号：C00001732312021120910153 总则 第一条 本保险合同由保险条款、投保单、保险单、保险凭证以及批单等组成。凡涉及 本保险合同的约定，均应采用书面形式。 第二条 本保险合同的被保险人应为身体健康，能正常工作或生活的，首次投保年龄 不超过七十五周岁（含）、续保不超过八十周岁（含）的自然人。 第三条 本保险合同的投保人应为具有完全民事行为能力的被保险人本人、对被保险人 有保险利益的其他人。 第四条 本保险合同的受益人包括： （一）身故保险金受益人 订立本保险合同时，被保险人或投保人可指定一人或数人为身故保险金受益人。身故保 险金受益人为数人时，应确定其受益顺序和受益份额；未确定受益份额的，各身故保险金 受益人按照相等份额享有受益权。投保人指定受益人时须经被保险人同意。 被保险人死亡后，有下列情形之一的'}, {'content': '因情况紧急必须立即就医的除外； （二）保险单签发地基本医疗保险或其他公费医疗管理部门规定的自费项目和药品费用； （三）营养费、护理费、交通费、伙食费、误工费、丧葬费； （四）挂号费、院外会诊费、出诊费、就（转）诊交通费、急救车费、住院医疗费用。 第十条 主险合同中列明的 “责任免除”事项，未列入本附加险合同保险责任的，也适用于 本附加险合同。 保险金额、免赔额与赔付比例 第十一条 保险金额是保险人承担给付保险金责任的最高限额。本附加保险合同的门急诊医 疗费用保险金额、每次门急诊医疗费用保险金额、每次门急诊免赔额、一般赔付比例、其他赔付 比例、门急诊就诊次数由投保人、保险人双方约定，并在保险单中载明。 上述门急诊医疗费用保险金额为每次门急诊医疗费用保险金额与门急诊就诊次数的乘积。 保险期间与续保 第十二条 本附加保险合同保险期间由投保人、保险人双方约定，并在保险单中载明，且最 长不得超过一年'}, {'content': '出具的病历和住院证明； 5. 保险金申请人所能提供的与确认保险事故的性质、原因、伤害程度等有关的其他证 明和资料； 6. 若保险金申请人委托他人申请的，还应提供授权委托书原件、委托人和受托人的身 份证明等相关证明文件。 争议处理和法律适用 第二十三条 因履行本保险合同发生的争议，由当事人协商解决。协商不成的，提交保 险单载明的仲裁机构仲裁；保险单未载明仲裁机构且争议发生后未达成仲裁协议的，依法向 中华人民共和国境内（不包括港澳台地区）人民法院起诉。 第二十四条 与本保险合同有关的以及履行本保险合同产生的一切争议处理适用中华 人民共和国法律（不包括港澳台地区法律）。 其他事项 第二十五条 本保险合同涉及的外币与人民币的汇率，以结算当日中华人民共和国中国 人民银行公布的外汇汇率为准。 第二十六条 投保人和保险人可以协商变更合同内容。 变更保险合同的，应当由保险人在保险单或者其他保险凭证上批注或'}, {'content': '人因特殊原因不能提供以下材料的，应提供其他合法有效的材料。保险金申请人未能提供有 关材料，导致保险人无法核实该申请的真实性的，保险人对无法核实部分不承担给付保险 金的责任。 （一）意外伤害身故保险金、交通意外伤害身故特别保险金的申请 1．保险金给付申请书； 2．保单号或有效保险凭证； 3．保险金申请人的身份证明； 4．公安部门或医疗机构出具的被保险人死亡证明书；若被保险人为宣告死亡，保险金 申请人应提供人民法院出具的宣告死亡证明文件；若为境外出险，需提供事故发生地使领馆 出具的的包含死亡原因的书面证明材料；如本保险合同要求的死亡证明可证明死亡原因的， 可用死亡证明；否则，保险金申请人应提供司法鉴定机构或保险人认可的机构出具的死因 鉴定报告； 5．保险金申请人所能提供的与确认保险事故的性质、原因、损失程度等有关的其他证 明和资料； 6．若保险金申请人委托他人申请的，还应提供授权委托书原件、委'}, {'content': '指以外来的、突发的、非本意的和非疾病的客观事件为直接且单独的原因致使 身体受到的伤害。 【医院】指保险人与投保人约定的定点医院，未约定定点医院的，则指经中华人民共和国卫 生部门评审确定的二级或二级以上的公立医院，但不包括主要作为诊所、康复、护理、休养、静 养、戒酒、戒毒等或类似的医疗机构。该医院必须具有符合国家有关医院管理规则设置标准的医 疗设备，且全天二十四小时有合格医师及护士驻院提供医疗及护理服务。 【门诊急诊】指被保险人因意外伤害事故或疾病至医院的门诊部或急诊部进行治疗。 【特需门诊】指医院门诊的一种特殊需求类型，相较于普通门诊，特需门诊一般享有优先就 诊、全程导诊服务的特点，挂号费和治疗费用通常较高。 【基本医疗保险】本合同所称的基本医疗保险是指《中华人民共和国社会保险法》所规定的 基本医疗保险，包括城镇职工基本医疗保险、城镇居民基本医疗保险或城乡居民基本医疗保险、 新型农村合作医'}, {'content': '无对应取值。'}, {'content': '因遭受意外伤害或等待期满后因疾病，在符合合同释义的医院门诊急诊治疗，保险人就其每次实际支出的可报销的、必要的、合理的各项门诊急诊医疗费用，扣除每次门急诊免赔额，按赔付比例给付门急诊医疗保险金。'}, {'content': '无对应取值。'}, {'content': '意外伤害身故保险责任、意外伤害伤残保险责任、意外伤害医疗保险责任、意外伤害住院津贴保险责任、意外伤害住院护理津贴保险金、交通意外伤害身故或伤残特别保险责任、意外骨折、关节脱位保险责任、轻度骨折津贴、骨密度检测津贴。'}]","11, 12, 16, 22, 46, 49"
平安无忧悦享成人门诊险,产品：平安无忧悦享成人门诊险	问题：如果发生保险事故，需要在多长时间内报案？,"根据平安无忧悦享成人门诊险的相关规定：

**保险事故发生后，如因急诊未在释义医院就诊的，应在三日内通知保险人**，并根据病情及时转入释义医院。若确需转入非释义医院就诊的，应向保险人提出书面申请，保险人在接到申请后三日内给予答复。

需要注意的是：
- 上述约定不包括因不可抗力而导致的迟延
- 若未及时通知导致保险事故的性质、原因、损失程度等难以确定的，保险人对无法确定的部分不承担给付保险金责任

建议发生保险事故后尽快报案，以确保理赔权益。","[{'content': '询（依 照世界卫生组织《疾病和有关健康问题的国际统计分类》（ICD-10）确定的精神和行为障碍以外 的一般心理问题，如职场问题、家庭问题、婚恋问题、个人发展、情绪管理等）。 （十七）被保险人主动吸食或注射毒品。 第八条 被保险人在下列期间发生保险事故进行门诊急诊治疗的，保险人也不承担给付保险 金责任： （一）战争、军事行动、暴动或武装叛乱期间； （二）被保险人患艾滋病（AIDS）或感染艾滋病病毒（HIV 呈阳性）期间； （三）被保险人酒后驾车、无有效驾驶证驾驶或驾驶无有效行驶证的机动车期间。 第九条 下列费用，保险人也不承担给付保险金责任： （一）在释义医院以外的医疗机构进行治疗的医疗费用，但因情况紧急必须立即就医的除外； （二）保险单签发地基本医疗保险或其他公费医疗管理部门规定的自费项目和药品费用； （三）营养费、护理费、交通费、伙食费、误工费、丧葬费； （四）挂号费、院外会诊费、出诊费'}, {'content': '质、原因、 损失程度等难以确定的，保险人对无法确定的部分，不承担给付保险金责任，但保险人通 过其他途径已经及时知道或者应当及时知道保险事故发生的除外。 保险事故发生后，被保险人需要治疗的，应在释义医院就诊，若因急诊未在释义医院就 诊的，应在三日内通知保险人，并根据病情及时转入释义医院。若确需转入非释义医院就 诊的，应向保险人提出书面申请，保险人在接到申请后三日内给予答复，对于保险人同意 在非释义医院就诊的，对这期间发生的医疗费用按本保险合同规定给付保险金。 上述约定，不包括因不可抗力而导致的迟延。 保险金申请与给付 第二十二条 保险金申请人向保险人申请给付保险金时，应提交以下材料。保险金申请 人因特殊原因不能提供以下材料的，应提供其他合法有效的材料。保险金申请人未能提供有 关材料，导致保险人无法核实该申请的真实性的，保险人对无法核实部分不承担给付保险 金的责任。 （一）意外伤害身故保险金、'}, {'content': '指以外来的、突发的、非本意的和非疾病的客观事件为直接且单独的原因致使 身体受到的伤害。 【医院】指保险人与投保人约定的定点医院，未约定定点医院的，则指经中华人民共和国卫 生部门评审确定的二级或二级以上的公立医院，但不包括主要作为诊所、康复、护理、休养、静 养、戒酒、戒毒等或类似的医疗机构。该医院必须具有符合国家有关医院管理规则设置标准的医 疗设备，且全天二十四小时有合格医师及护士驻院提供医疗及护理服务。 【门诊急诊】指被保险人因意外伤害事故或疾病至医院的门诊部或急诊部进行治疗。 【特需门诊】指医院门诊的一种特殊需求类型，相较于普通门诊，特需门诊一般享有优先就 诊、全程导诊服务的特点，挂号费和治疗费用通常较高。 【基本医疗保险】本合同所称的基本医疗保险是指《中华人民共和国社会保险法》所规定的 基本医疗保险，包括城镇职工基本医疗保险、城镇居民基本医疗保险或城乡居民基本医疗保险、 新型农村合作医'}, {'content': '费相关要求的，保险人应当按照保险法相 关规定退还保险单的现金价值。 投保人、被保险人义务 第十八条 除另有约定外，投保人应当在保险合同成立时交清保险费。 第十九条 订立保险合同，保险人就被保险人的有关情况提出询问的，投保人应当如实 告知。 投保人故意或者因重大过失未履行前款规定的义务，足以影响保险人决定是否同意承 保或者提高保险费率的，保险人有权解除本保险合同。 前款规定的合同解除权，自保险人知道有解除事由之日起，超过三十日不行使而消灭。 自合同成立之日起超过二年的，保险人不得解除合同；发生保险事故的，保险人应当承担给 付保险金责任。 投保人故意不履行如实告知义务的，保险人对于合同解除前发生的保险事故，不承担 给付保险金责任，并不退还保险费。 投保人因重大过失未履行如实告知义务，对保险事故的发生有严重影响的，保险人对 于合同解除前发生的保险事故，不承担给付保险金责任，但应当退还保险费。 保'}, {'content': '及费用明细单据等（五）保险金申请人所能提供的与确认 保险事故的性质、原因、损失程度等有关的其他证明和资料； （六）若保险金申请人委托他人申请的，还应提供授权委托书原件、委托人和受托人的身份 证明等相关证明文件。 被保险人经基本医疗保险或公费医疗报销后又通过其它途径获得了部分医疗费用的补偿并 无法提供医疗费用原始凭证时，需提供住院医疗费用凭证复印件等相关证明并注明已给付的比例 和金额，加盖支付费用单位的印章后保险人按本合同承担剩余合理医疗费用的保险责任。 第十五条 发生下列情况之一者，本附加保险合同即行终止： 其他事项 （一）主保险合同终止； （二）投保人解除本附加保险合同。 释义 【意外伤害】指以外来的、突发的、非本意的和非疾病的客观事件为直接且单独的原因致使 身体受到的伤害。 【医院】指保险人与投保人约定的定点医院，未约定定点医院的，则指经中华人民共和国卫 生部门评审确定的二级或二级以上'}, {'content': '出具的病历和住院证明； 5. 保险金申请人所能提供的与确认保险事故的性质、原因、伤害程度等有关的其他证 明和资料； 6. 若保险金申请人委托他人申请的，还应提供授权委托书原件、委托人和受托人的身 份证明等相关证明文件。 争议处理和法律适用 第二十三条 因履行本保险合同发生的争议，由当事人协商解决。协商不成的，提交保 险单载明的仲裁机构仲裁；保险单未载明仲裁机构且争议发生后未达成仲裁协议的，依法向 中华人民共和国境内（不包括港澳台地区）人民法院起诉。 第二十四条 与本保险合同有关的以及履行本保险合同产生的一切争议处理适用中华 人民共和国法律（不包括港澳台地区法律）。 其他事项 第二十五条 本保险合同涉及的外币与人民币的汇率，以结算当日中华人民共和国中国 人民银行公布的外汇汇率为准。 第二十六条 投保人和保险人可以协商变更合同内容。 变更保险合同的，应当由保险人在保险单或者其他保险凭证上批注或'}, {'content': '无对应取值。'}, {'content': '因遭受意外伤害或等待期满后因疾病，在符合合同释义的医院门诊急诊治疗，保险人就其每次实际支出的可报销的、必要的、合理的各项门诊急诊医疗费用，扣除每次门急诊免赔额，按赔付比例给付门急诊医疗保险金。'}, {'content': '无对应取值。'}, {'content': '意外伤害身故保险责任、意外伤害伤残保险责任、意外伤害医疗保险责任、意外伤害住院津贴保险责任、意外伤害住院护理津贴保险金、交通意外伤害身故或伤残特别保险责任、意外骨折、关节脱位保险责任、轻度骨折津贴、骨密度检测津贴。'}]","11, 15, 16, 42, 45, 49"
平安无忧悦享成人门诊险,产品：平安无忧悦享成人门诊险	问题：门诊急诊医疗的报销比例是多少？,"根据平安无忧悦享成人门诊险的条款规定，门诊急诊医疗的报销比例分为两种情况：

1. **一般赔付比例**：适用于以下情形
   - 被保险人以参加基本医疗保险身份投保，并以医保身份就诊结算
   - 被保险人以未参加基本医疗保险身份投保

2. **其他赔付比例**：适用于
   - 被保险人以参加基本医疗保险身份投保，但未使用医保身份就诊结算

**重要说明**：
- 具体的赔付比例数值需要在保险单中查看确认
- 赔付时需要先扣除保险单载明的每次门急诊免赔额
- 赔付比例由投保时协商确定并在保险合同中明确载明

建议您查看个人保险单上的具体约定，或联系平安保险客服获取您保单的确切赔付比例信息。","[{'content': '询（依 照世界卫生组织《疾病和有关健康问题的国际统计分类》（ICD-10）确定的精神和行为障碍以外 的一般心理问题，如职场问题、家庭问题、婚恋问题、个人发展、情绪管理等）。 （十七）被保险人主动吸食或注射毒品。 第八条 被保险人在下列期间发生保险事故进行门诊急诊治疗的，保险人也不承担给付保险 金责任： （一）战争、军事行动、暴动或武装叛乱期间； （二）被保险人患艾滋病（AIDS）或感染艾滋病病毒（HIV 呈阳性）期间； （三）被保险人酒后驾车、无有效驾驶证驾驶或驾驶无有效行驶证的机动车期间。 第九条 下列费用，保险人也不承担给付保险金责任： （一）在释义医院以外的医疗机构进行治疗的医疗费用，但因情况紧急必须立即就医的除外； （二）保险单签发地基本医疗保险或其他公费医疗管理部门规定的自费项目和药品费用； （三）营养费、护理费、交通费、伙食费、误工费、丧葬费； （四）挂号费、院外会诊费、出诊费'}, {'content': '中国平安财产保险股份有限公司 平安产险附加门诊急诊医疗保险（C 款）（互联网版）条款 注册号：C00001732522021123061523 总则 第一条 本附加保险合同须附加于各种意外伤害保险或健康保险合同（以下简称“主保险合 同”）。主保险合同所附条款、投保单、保险单、保险凭证以及批单等，凡与本附加保险合同相关 者，均为本附加保险合同的构成部分。凡涉及本附加保险合同的约定，均应采用书面形式。 若主保险合同与本附加保险合同的条款互有冲突，则以本附加保险合同的条款为准。本附加 保险合同未尽事宜，以主保险合同的条款规定为准。 第二条 本附加保险合同的被保险人应为能正常工作或劳动的自然人。 第三条 除另有约定外，本附加保险合同的门诊急诊医疗保险金的受益人为被保险人本人。 第四条 本附加保险合同仅限于互联网渠道销售。 保险责任 第五条 本附加保险合同保险期间内，被保险人因遭受意外伤害事故或者自'}, {'content': '条 除另有约定外，本附加保险合同的门诊急诊医疗保险金的受益人为被保险人本人。 第四条 本附加保险合同仅限于互联网渠道销售。 保险责任 第五条 本附加保险合同保险期间内，被保险人因遭受意外伤害事故或者自保险期间开始且 保险单载明的等待期满（续保者自续保生效后）后因疾病，在符合本附加保险合同释义的医院（以 下简称“释义医院”）门诊急诊（不含特需门诊）治疗，保险人就其每次实际支出的按照当地基本 医疗保险或其他公费医疗主管部门规定可报销的、必要的、合理的各项门诊急诊医疗费用，扣除 保险单载明的每次门急诊免赔额，按赔付比例给付门急诊医疗保险金。 被保险人一次或多次因意外伤害事故或疾病进行门诊急诊治疗，保险人均按上述规定向被保 险人分别给付门诊急诊医疗保险金，每次门急诊医疗费用给付金额以每次门急诊医疗费用保险金 额为限，累计给付金额以门急诊医疗费用保险金额为限，累计门诊急诊给付次数以门急诊就诊次 数为'}, {'content': '载明。 上述门急诊医疗费用保险金额为每次门急诊医疗费用保险金额与门急诊就诊次数的乘积。 保险期间与续保 第十二条 本附加保险合同保险期间由投保人、保险人双方约定，并在保险单中载明，且最 长不得超过一年、也不得小于主保险合同的保险期间。 第十三条 本附加保险产品遵循不保证续保条款：本产品保险期间不超过一年。保险期间 届满，投保人需要重新向保险人申请投保本产品，经保险人同意，交纳保险费，获得新的保险合 同。 若发生下列情形之一的，本合同不再接受续保： （一）本产品统一停售； （二）被保险人身故； （三）投保人对于保险人就投保人或者被保险人的有关情况提出的询问未履行如实告知义 务，足以影响保险人决定是否同意承保，保险人已经解除保险合同的； （四）投保人未如实告知,被保险人不符合投保条件或存在欺诈情形的； 第十四条 保险金申请人向保险人申请给付保险金时，应提交以下材料。保险金申请人因特殊 保险金申'}, {'content': '指以外来的、突发的、非本意的和非疾病的客观事件为直接且单独的原因致使 身体受到的伤害。 【医院】指保险人与投保人约定的定点医院，未约定定点医院的，则指经中华人民共和国卫 生部门评审确定的二级或二级以上的公立医院，但不包括主要作为诊所、康复、护理、休养、静 养、戒酒、戒毒等或类似的医疗机构。该医院必须具有符合国家有关医院管理规则设置标准的医 疗设备，且全天二十四小时有合格医师及护士驻院提供医疗及护理服务。 【门诊急诊】指被保险人因意外伤害事故或疾病至医院的门诊部或急诊部进行治疗。 【特需门诊】指医院门诊的一种特殊需求类型，相较于普通门诊，特需门诊一般享有优先就 诊、全程导诊服务的特点，挂号费和治疗费用通常较高。 【基本医疗保险】本合同所称的基本医疗保险是指《中华人民共和国社会保险法》所规定的 基本医疗保险，包括城镇职工基本医疗保险、城镇居民基本医疗保险或城乡居民基本医疗保险、 新型农村合作医'}, {'content': '因情况紧急必须立即就医的除外； （二）保险单签发地基本医疗保险或其他公费医疗管理部门规定的自费项目和药品费用； （三）营养费、护理费、交通费、伙食费、误工费、丧葬费； （四）挂号费、院外会诊费、出诊费、就（转）诊交通费、急救车费、住院医疗费用。 第十条 主险合同中列明的 “责任免除”事项，未列入本附加险合同保险责任的，也适用于 本附加险合同。 保险金额、免赔额与赔付比例 第十一条 保险金额是保险人承担给付保险金责任的最高限额。本附加保险合同的门急诊医 疗费用保险金额、每次门急诊医疗费用保险金额、每次门急诊免赔额、一般赔付比例、其他赔付 比例、门急诊就诊次数由投保人、保险人双方约定，并在保险单中载明。 上述门急诊医疗费用保险金额为每次门急诊医疗费用保险金额与门急诊就诊次数的乘积。 保险期间与续保 第十二条 本附加保险合同保险期间由投保人、保险人双方约定，并在保险单中载明，且最 长不得超过一年'}, {'content': '无对应取值。'}, {'content': '1. 被保险人以参加基本医疗保险（或其他费用补偿型医疗保险）身份投保，并以参加基本医疗保险（或其他费用补偿型医疗保险）身份接受治疗并结算的；以及被保险人以未参加基本医疗保险（或其他费用补偿型医疗保险）身份投保的；则保险人根据本附加保险合同约定扣除保险单载明的免赔额后按附加保险合同载明的“一般赔付比例”予以赔偿。2. 若被保险人以参加基本医疗保险（或其他费用补偿型医疗保险）身份投保，但未以参加基本医疗保险（或其他费用补偿型医疗保险）身份接受治疗并结算的，则保险人根据本附加保险合同约定扣除保险单载明的免赔额后按附加保险合同载明的“其他赔付比例”予以赔偿。'}, {'content': '无对应取值。'}, {'content': '具体赔付比例以保险单载明的为准。免赔额、免赔天数、赔付比例由投保人、保险人在投保时协商确定，并在保险合同中载明。'}]","5, 6, 11, 12, 13, 16"
平安无忧悦享成人门诊险,产品：平安无忧悦享成人门诊险	问题：这款保险有年度理赔限额吗？,是的，平安无忧悦享成人门诊险设有年度理赔限额。根据条款第十一条规定，该产品的门急诊医疗费用保险金额由每次门急诊医疗费用保险金额与门急诊就诊次数的乘积确定，具体限额会在保险单中明确载明。建议您查看保单详情或咨询平安保险客服获取具体的年度限额数值。,"[{'content': '询（依 照世界卫生组织《疾病和有关健康问题的国际统计分类》（ICD-10）确定的精神和行为障碍以外 的一般心理问题，如职场问题、家庭问题、婚恋问题、个人发展、情绪管理等）。 （十七）被保险人主动吸食或注射毒品。 第八条 被保险人在下列期间发生保险事故进行门诊急诊治疗的，保险人也不承担给付保险 金责任： （一）战争、军事行动、暴动或武装叛乱期间； （二）被保险人患艾滋病（AIDS）或感染艾滋病病毒（HIV 呈阳性）期间； （三）被保险人酒后驾车、无有效驾驶证驾驶或驾驶无有效行驶证的机动车期间。 第九条 下列费用，保险人也不承担给付保险金责任： （一）在释义医院以外的医疗机构进行治疗的医疗费用，但因情况紧急必须立即就医的除外； （二）保险单签发地基本医疗保险或其他公费医疗管理部门规定的自费项目和药品费用； （三）营养费、护理费、交通费、伙食费、误工费、丧葬费； （四）挂号费、院外会诊费、出诊费'}, {'content': '载明。 上述门急诊医疗费用保险金额为每次门急诊医疗费用保险金额与门急诊就诊次数的乘积。 保险期间与续保 第十二条 本附加保险合同保险期间由投保人、保险人双方约定，并在保险单中载明，且最 长不得超过一年、也不得小于主保险合同的保险期间。 第十三条 本附加保险产品遵循不保证续保条款：本产品保险期间不超过一年。保险期间 届满，投保人需要重新向保险人申请投保本产品，经保险人同意，交纳保险费，获得新的保险合 同。 若发生下列情形之一的，本合同不再接受续保： （一）本产品统一停售； （二）被保险人身故； （三）投保人对于保险人就投保人或者被保险人的有关情况提出的询问未履行如实告知义 务，足以影响保险人决定是否同意承保，保险人已经解除保险合同的； （四）投保人未如实告知,被保险人不符合投保条件或存在欺诈情形的； 第十四条 保险金申请人向保险人申请给付保险金时，应提交以下材料。保险金申请人因特殊 保险金申'}, {'content': '、伤残或医疗费用支出的，保险人也 不承担给付保险金责任： （一）战争、军事行动、暴动或武装叛乱期间； （二）被保险人主动吸食或注射毒品期间； （三）被保险人酒后驾车、无有效驾驶证驾驶或驾驶无有效行驶证的机动车期间。 第十条 下列费用，保险人不承担给付保险金责任： （一）保险单签发地社会医疗保险或其他公费医疗管理部门规定的自费项目，如自费 药品费用等； （二）因椎间盘膨出和突出造成被保险人支出的医疗费用； （三）营养费、康复费、辅助器具费、整容费、美容费、修复手术费、牙齿整形费、 牙齿修复费、镶牙费、护理费、交通费、伙食费、误工费、丧葬费。 保险金额、赔付比例与免赔额 第十一条 保险金额是保险人承担给付保险金责任的最高限额。 本保险合同的保险金额分为意外伤害保险金额，意外伤害医疗保险金额，意外伤害住院 津贴保险金，住院护理津贴保险金额，交通意外伤害身故特别保险金额，交通意外伤害伤残 特别保险'}, {'content': '质、原因、 损失程度等难以确定的，保险人对无法确定的部分，不承担给付保险金责任，但保险人通 过其他途径已经及时知道或者应当及时知道保险事故发生的除外。 保险事故发生后，被保险人需要治疗的，应在释义医院就诊，若因急诊未在释义医院就 诊的，应在三日内通知保险人，并根据病情及时转入释义医院。若确需转入非释义医院就 诊的，应向保险人提出书面申请，保险人在接到申请后三日内给予答复，对于保险人同意 在非释义医院就诊的，对这期间发生的医疗费用按本保险合同规定给付保险金。 上述约定，不包括因不可抗力而导致的迟延。 保险金申请与给付 第二十二条 保险金申请人向保险人申请给付保险金时，应提交以下材料。保险金申请 人因特殊原因不能提供以下材料的，应提供其他合法有效的材料。保险金申请人未能提供有 关材料，导致保险人无法核实该申请的真实性的，保险人对无法核实部分不承担给付保险 金的责任。 （一）意外伤害身故保险金、'}, {'content': '因情况紧急必须立即就医的除外； （二）保险单签发地基本医疗保险或其他公费医疗管理部门规定的自费项目和药品费用； （三）营养费、护理费、交通费、伙食费、误工费、丧葬费； （四）挂号费、院外会诊费、出诊费、就（转）诊交通费、急救车费、住院医疗费用。 第十条 主险合同中列明的 “责任免除”事项，未列入本附加险合同保险责任的，也适用于 本附加险合同。 保险金额、免赔额与赔付比例 第十一条 保险金额是保险人承担给付保险金责任的最高限额。本附加保险合同的门急诊医 疗费用保险金额、每次门急诊医疗费用保险金额、每次门急诊免赔额、一般赔付比例、其他赔付 比例、门急诊就诊次数由投保人、保险人双方约定，并在保险单中载明。 上述门急诊医疗费用保险金额为每次门急诊医疗费用保险金额与门急诊就诊次数的乘积。 保险期间与续保 第十二条 本附加保险合同保险期间由投保人、保险人双方约定，并在保险单中载明，且最 长不得超过一年'}, {'content': '，则保险人根据本附加保险 合同约定扣除保险单载明的免赔额后按附加保险合同载明的“其他赔付比例”予以赔偿。 责任免除 第七条 因下列原因造成被保险人进行门诊急诊治疗的，保险人不承担给付保险金责任： （一）投保人的故意行为； （二）被保险人自致伤害或自杀，但被保险人自杀时为无民事行为能力人的除外； （三）因被保险人挑衅或故意行为而导致的打斗、被袭击或被谋杀； （四）核爆炸、核辐射或核污染； （五）恐怖袭击； （六）被保险人犯罪或拒捕； （七）被保险人从事高风险运动或参加职业或半职业体育运动； （八）既往症及其并发症、被保险人在等待期内出现本附加保险合同约定的疾病的，或等待 期内接受检查但在等待期后确诊的本附加保险合同约定的疾病； （九）腰椎间盘膨出和突出症； （十）遗传性疾病、先天性畸形、变形和染色体异常； （十一）不孕不育治疗、人工受精、怀孕、分娩（含难产）、流产、堕胎、节育（含绝育）、 产'}, {'content': '无对应取值。'}, {'content': '身故保险金和伤残保险金累计给付不超过意外伤害保险金额，医疗保险金累计给付不超过意外伤害医疗保险金额。保险金额包括意外伤害保险金额、意外伤害医疗保险金额、意外伤害住院津贴保险金、住院护理津贴保险金额、交通意外伤害身故特别保险金额、交通意外伤害伤残特别保险金额、意外伤害骨折、关节脱位保险金额、轻度骨折保险金额、每次轻度骨折津贴、骨密度检测保险金额、每次骨密度检测津贴，具体金额由投保人与保险人约定并在保险单中载明。'}]","9, 11, 12, 13, 38, 45"
平安无忧悦享成人门诊险,产品：平安无忧悦享成人门诊险	问题：投保时需要提供哪些健康告知信息？,"根据平安无忧悦享成人门诊险的条款要求，投保时需要如实告知以下健康相关信息：

**需要告知的健康状况包括：**
1. 已确诊的合同约定疾病
2. 腰椎间盘膨出和突出症
3. 遗传性疾病、先天性畸形、变形和染色体异常
4. 职业病、恶性肿瘤、脑中风、心肌梗塞、慢性肾功能衰竭、肝硬化、糖尿病、高血压（Ⅱ期以上）及其并发症
5. 既往症（在本保险合同生效日前已罹患的已知或应知的疾病或症状）

**特别提醒：**
- 投保人必须对保险人提出的所有关于被保险人健康状况的询问履行如实告知义务
- 如故意或因重大过失未履行如实告知义务，且足以影响保险人承保决定或费率的，保险人有权解除保险合同

建议在投保时仔细阅读健康告知问卷，如实填写所有询问事项，确保信息准确完整。","[{'content': '确诊的本附加保险合同约定的疾病； （九）腰椎间盘膨出和突出症； （十）遗传性疾病、先天性畸形、变形和染色体异常； （十一）不孕不育治疗、人工受精、怀孕、分娩（含难产）、流产、堕胎、节育（含绝育）、 产前产后检查以及由以上原因引起之并发症； （十二）被保险人患职业病、恶性肿瘤、脑中风、心肌梗塞、慢性肾功能衰竭、肝硬化、糖 尿病、高血压（Ⅱ期以上）及其引起的并发症； （十三）牙科治疗、整容、美容或修复、疗养、康复治疗、矫形、视力矫正手术； （十四）包皮环切术、包皮剥离术、包皮气囊扩张术、性功能障碍治疗； （十五）医疗事故； （十六）各种医疗咨询和健康预测的费用，如健康咨询、睡眠咨询、性咨询、心理咨询（依 照世界卫生组织《疾病和有关健康问题的国际统计分类》（ICD-10）确定的精神和行为障碍以外 的一般心理问题，如职场问题、家庭问题、婚恋问题、个人发展、情绪管理等）。 （十七）被保险人主动吸食或'}, {'content': '询（依 照世界卫生组织《疾病和有关健康问题的国际统计分类》（ICD-10）确定的精神和行为障碍以外 的一般心理问题，如职场问题、家庭问题、婚恋问题、个人发展、情绪管理等）。 （十七）被保险人主动吸食或注射毒品。 第八条 被保险人在下列期间发生保险事故进行门诊急诊治疗的，保险人也不承担给付保险 金责任： （一）战争、军事行动、暴动或武装叛乱期间； （二）被保险人患艾滋病（AIDS）或感染艾滋病病毒（HIV 呈阳性）期间； （三）被保险人酒后驾车、无有效驾驶证驾驶或驾驶无有效行驶证的机动车期间。 第九条 下列费用，保险人也不承担给付保险金责任： （一）在释义医院以外的医疗机构进行治疗的医疗费用，但因情况紧急必须立即就医的除外； （二）保险单签发地基本医疗保险或其他公费医疗管理部门规定的自费项目和药品费用； （三）营养费、护理费、交通费、伙食费、误工费、丧葬费； （四）挂号费、院外会诊费、出诊费'}, {'content': '人因特殊原因不能提供以下材料的，应提供其他合法有效的材料。保险金申请人未能提供有 关材料，导致保险人无法核实该申请的真实性的，保险人对无法核实部分不承担给付保险 金的责任。 （一）意外伤害身故保险金、交通意外伤害身故特别保险金的申请 1．保险金给付申请书； 2．保单号或有效保险凭证； 3．保险金申请人的身份证明； 4．公安部门或医疗机构出具的被保险人死亡证明书；若被保险人为宣告死亡，保险金 申请人应提供人民法院出具的宣告死亡证明文件；若为境外出险，需提供事故发生地使领馆 出具的的包含死亡原因的书面证明材料；如本保险合同要求的死亡证明可证明死亡原因的， 可用死亡证明；否则，保险金申请人应提供司法鉴定机构或保险人认可的机构出具的死因 鉴定报告； 5．保险金申请人所能提供的与确认保险事故的性质、原因、损失程度等有关的其他证 明和资料； 6．若保险金申请人委托他人申请的，还应提供授权委托书原件、委'}, {'content': '指以外来的、突发的、非本意的和非疾病的客观事件为直接且单独的原因致使 身体受到的伤害。 【医院】指保险人与投保人约定的定点医院，未约定定点医院的，则指经中华人民共和国卫 生部门评审确定的二级或二级以上的公立医院，但不包括主要作为诊所、康复、护理、休养、静 养、戒酒、戒毒等或类似的医疗机构。该医院必须具有符合国家有关医院管理规则设置标准的医 疗设备，且全天二十四小时有合格医师及护士驻院提供医疗及护理服务。 【门诊急诊】指被保险人因意外伤害事故或疾病至医院的门诊部或急诊部进行治疗。 【特需门诊】指医院门诊的一种特殊需求类型，相较于普通门诊，特需门诊一般享有优先就 诊、全程导诊服务的特点，挂号费和治疗费用通常较高。 【基本医疗保险】本合同所称的基本医疗保险是指《中华人民共和国社会保险法》所规定的 基本医疗保险，包括城镇职工基本医疗保险、城镇居民基本医疗保险或城乡居民基本医疗保险、 新型农村合作医'}, {'content': '是否同意承保，保险人已经解除保险合同的； （四）投保人未如实告知,被保险人不符合投保条件或存在欺诈情形的； 第十四条 保险金申请人向保险人申请给付保险金时，应提交以下材料。保险金申请人因特殊 保险金申请与给付 原因不能提供以下材料的，应提供其他合法有效的材料。保险金申请人未能提供有关材料，导致 保险人无法核实该申请的真实性的，保险人对无法核实部分不承担给付保险金的责任。 （一）保险金给付申请书； （二）保单号或其他有效保险凭证； （三）被保险人身份证明、保险金申请人身份证明； （四）释义医院出具的病历材料（包括出院记录或出院小结）、诊断证明、处方、病理检查报 告、化验检查报告、医疗费用原始凭证及费用明细单据等（五）保险金申请人所能提供的与确认 保险事故的性质、原因、损失程度等有关的其他证明和资料； （六）若保险金申请人委托他人申请的，还应提供授权委托书原件、委托人和受托人的身份 证明等相关'}, {'content': '运动、探险活动、武术比赛、摔跤比赛、柔道、空手道、跆拳道、 马术、拳击、特技表演、驾驶卡丁车、赛马、赛车、各种车辆表演、蹦极。 【既往症】指被保险人在本附加保险合同生效日之前罹患的已知或应该知道的有关疾病或症 状。包括不限于以下情况：本附加保险合同生效前，医生已有明确诊断，长期治疗未间断；医生 已有明确诊断，治疗后症状未完全消失，有间断用药情况；未经医生诊断和治疗，但症状明显且 持续存在，以普通人医学常识应当知晓。 【并发症】指疾病在发展过程中偶然引起的另一种疾病或症状，且新引起的疾病或症状非医 务人员的过失所致。 【遗传性疾病】指生殖细胞或受精卵的遗传物质（染色体和基因）发生突变或畸变所引起的 疾病，通常具有由亲代传至后代的垂直传递的特征。 【先天性畸形、变形和染色体异常】指被保险人出生时就具有的畸形、变形或染色体异常。 先天性畸形、变形和染色体异常依照世界卫生组织《疾病和有关健康问题的'}, {'content': '无对应取值。'}, {'content': '投保人需对保险人关于投保人或被保险人相关情况的询问履行如实告知义务。'}, {'content': '无对应取值。'}, {'content': '投保人应如实告知保险人就被保险人的有关情况提出的询问，故意或因重大过失未履行此义务，足以影响保险人决定是否同意承保或提高保险费率的，保险人有权解除保险合同。'}]","10, 11, 14, 16, 18, 46"
平安无忧悦享成人门诊险,产品：平安无忧悦享成人门诊险	问题：如果中途想退保，能退还多少保费？,"根据平安无忧悦享成人门诊险的相关条款，关于退保的保费退还问题如下：

**第十七条明确规定**：投保人符合保险法规定的退还保险费相关要求的，保险人应当按照保险法相关规定退还保险单的现金价值。

**具体说明**：
1. 若投保人因重大过失未履行如实告知义务，且对保险事故的发生有严重影响，保险人解除合同后应当退还保险费
2. 若投保人故意不履行如实告知义务，保险人解除合同后不承担给付保险金责任，并不退还保险费

**温馨提示**：
由于这是一款短期健康险产品（保险期间不超过一年），退保时具体能退还多少保费需要根据实际已承保时间、已发生的保险责任等因素综合计算，建议您直接联系平安客服或查看保单中的现金价值表获取准确的退保金额。","[{'content': '载明。 上述门急诊医疗费用保险金额为每次门急诊医疗费用保险金额与门急诊就诊次数的乘积。 保险期间与续保 第十二条 本附加保险合同保险期间由投保人、保险人双方约定，并在保险单中载明，且最 长不得超过一年、也不得小于主保险合同的保险期间。 第十三条 本附加保险产品遵循不保证续保条款：本产品保险期间不超过一年。保险期间 届满，投保人需要重新向保险人申请投保本产品，经保险人同意，交纳保险费，获得新的保险合 同。 若发生下列情形之一的，本合同不再接受续保： （一）本产品统一停售； （二）被保险人身故； （三）投保人对于保险人就投保人或者被保险人的有关情况提出的询问未履行如实告知义 务，足以影响保险人决定是否同意承保，保险人已经解除保险合同的； （四）投保人未如实告知,被保险人不符合投保条件或存在欺诈情形的； 第十四条 保险金申请人向保险人申请给付保险金时，应提交以下材料。保险金申请人因特殊 保险金申'}, {'content': '质、原因、 损失程度等难以确定的，保险人对无法确定的部分，不承担给付保险金责任，但保险人通 过其他途径已经及时知道或者应当及时知道保险事故发生的除外。 保险事故发生后，被保险人需要治疗的，应在释义医院就诊，若因急诊未在释义医院就 诊的，应在三日内通知保险人，并根据病情及时转入释义医院。若确需转入非释义医院就 诊的，应向保险人提出书面申请，保险人在接到申请后三日内给予答复，对于保险人同意 在非释义医院就诊的，对这期间发生的医疗费用按本保险合同规定给付保险金。 上述约定，不包括因不可抗力而导致的迟延。 保险金申请与给付 第二十二条 保险金申请人向保险人申请给付保险金时，应提交以下材料。保险金申请 人因特殊原因不能提供以下材料的，应提供其他合法有效的材料。保险金申请人未能提供有 关材料，导致保险人无法核实该申请的真实性的，保险人对无法核实部分不承担给付保险 金的责任。 （一）意外伤害身故保险金、'}, {'content': '及费用明细单据等（五）保险金申请人所能提供的与确认 保险事故的性质、原因、损失程度等有关的其他证明和资料； （六）若保险金申请人委托他人申请的，还应提供授权委托书原件、委托人和受托人的身份 证明等相关证明文件。 被保险人经基本医疗保险或公费医疗报销后又通过其它途径获得了部分医疗费用的补偿并 无法提供医疗费用原始凭证时，需提供住院医疗费用凭证复印件等相关证明并注明已给付的比例 和金额，加盖支付费用单位的印章后保险人按本合同承担剩余合理医疗费用的保险责任。 第十五条 发生下列情况之一者，本附加保险合同即行终止： 其他事项 （一）主保险合同终止； （二）投保人解除本附加保险合同。 释义 【意外伤害】指以外来的、突发的、非本意的和非疾病的客观事件为直接且单独的原因致使 身体受到的伤害。 【医院】指保险人与投保人约定的定点医院，未约定定点医院的，则指经中华人民共和国卫 生部门评审确定的二级或二级以上'}, {'content': '费相关要求的，保险人应当按照保险法相 关规定退还保险单的现金价值。 投保人、被保险人义务 第十八条 除另有约定外，投保人应当在保险合同成立时交清保险费。 第十九条 订立保险合同，保险人就被保险人的有关情况提出询问的，投保人应当如实 告知。 投保人故意或者因重大过失未履行前款规定的义务，足以影响保险人决定是否同意承 保或者提高保险费率的，保险人有权解除本保险合同。 前款规定的合同解除权，自保险人知道有解除事由之日起，超过三十日不行使而消灭。 自合同成立之日起超过二年的，保险人不得解除合同；发生保险事故的，保险人应当承担给 付保险金责任。 投保人故意不履行如实告知义务的，保险人对于合同解除前发生的保险事故，不承担 给付保险金责任，并不退还保险费。 投保人因重大过失未履行如实告知义务，对保险事故的发生有严重影响的，保险人对 于合同解除前发生的保险事故，不承担给付保险金责任，但应当退还保险费。 保'}, {'content': '险人均按上述规定向被保 险人分别给付门诊急诊医疗保险金，每次门急诊医疗费用给付金额以每次门急诊医疗费用保险金 额为限，累计给付金额以门急诊医疗费用保险金额为限，累计门诊急诊给付次数以门急诊就诊次 数为限，当累计给付金额达到门急诊医疗费用保险金额或被保险人给付次数达到门急诊就诊次数 （以先到者为准），保险人对该被保险人的保险责任终止。 第六条 本附加保险合同适用费用补偿原则。 补偿原则 若被保险人已从其他途径（包括基本医疗保险、公费医疗、工作单位、保险人在内的任何 商业保险机构，以及依法承担侵权损害赔偿责任的第三人等）获得医疗费用补偿，则保险人仅 对被保险人实际发生的医疗费用扣除其所获医疗费用补偿后的余额按本保险合同的约定进行赔 付。 基本医疗保险个人账户部分支出视为个人支付，不属于已获得的医疗费用补偿。 关于赔付标准的说明如下： 1、被保险人以参加基本医疗保险（或其他费用补偿型医疗保险）身'}, {'content': '任的基本材料收集齐全后，尽快做 出核定。 保险人应当将核定结果通知被保险人；对属于保险责任的，在与被保险人达成给付保险 金的协议后十日内，履行给付保险金义务。保险合同对给付保险金的期限有约定的，保险人 应当按照约定履行给付保险金的义务。保险人依照前款约定作出核定后，对不属于保险责任 的，应当自作出核定之日起三日内向被保险人发出拒绝给付保险金通知书，并说明理由。 第十六条 保险人自收到给付保险金的请求和有关证明、资料之日起六十日内，对其给 付的数额不能确定的，应当根据已有证明和资料可以确定的数额先予支付；保险人最终确定 给付的数额后，应当支付相应的差额。 第十七条 投保人符合保险法规定的退还保险费相关要求的，保险人应当按照保险法相 关规定退还保险单的现金价值。 投保人、被保险人义务 第十八条 除另有约定外，投保人应当在保险合同成立时交清保险费。 第十九条 订立保险合同，保险人就被保险人的有关'}, {'content': '无对应取值。'}]","7, 13, 15, 41, 42, 45"
平安无忧悦享成人门诊险,"产品：平安无忧悦享成人门诊险	问题：保险条款中提到的""互联网渠道销售""是什么意思？","根据您提供的保险条款内容，""互联网渠道销售""是指该保险产品仅通过互联网平台进行销售和购买。

具体来说：
1. 在多个条款中都明确标注""本附加保险合同仅限于互联网渠道销售""或""本保险合同仅限于互联网渠道销售""

2. 这意味着：
   - 您需要通过平安保险的官方网站、官方APP或其他授权的互联网平台购买此保险
   - 不能通过传统的线下渠道（如保险代理人、营业网点等）购买
   - 整个投保流程、保费支付、保单获取等都在线上完成

3. 这种销售方式的特点是：
   - 方便快捷，可随时随地办理
   - 流程标准化，操作简单
   - 通常保费相对较低

如果您想购买这款保险，请直接访问平安保险的官方互联网销售平台进行操作。","[{'content': '中国平安财产保险股份有限公司 平安产险附加门诊急诊医疗保险（C 款）（互联网版）条款 注册号：C00001732522021123061523 总则 第一条 本附加保险合同须附加于各种意外伤害保险或健康保险合同（以下简称“主保险合 同”）。主保险合同所附条款、投保单、保险单、保险凭证以及批单等，凡与本附加保险合同相关 者，均为本附加保险合同的构成部分。凡涉及本附加保险合同的约定，均应采用书面形式。 若主保险合同与本附加保险合同的条款互有冲突，则以本附加保险合同的条款为准。本附加 保险合同未尽事宜，以主保险合同的条款规定为准。 第二条 本附加保险合同的被保险人应为能正常工作或劳动的自然人。 第三条 除另有约定外，本附加保险合同的门诊急诊医疗保险金的受益人为被保险人本人。 第四条 本附加保险合同仅限于互联网渠道销售。 保险责任 第五条 本附加保险合同保险期间内，被保险人因遭受意外伤害事故或者自'}, {'content': '中国平安财产保险股份有限公司 平安产险附加分期支付保费保险（互联网版）条款 注册号：C00001731922022091538001 总则 第一条 本附加保险合同须附加于各种意外伤害保险、健康保险、家庭财产保险、责任 保险、其他保险合同（以下简称“主保险合同”）。主保险合同所附条款、投保单、保险单、 保险凭证以及批单等，凡与本附加保险合同相关者，均为本附加保险合同的构成部分。凡涉 及本附加保险合同的约定，均应采用书面形式。 若主保险合同与本附加保险合同的条款互有冲突，则以本附加保险合同的条款为准。 本附加保险合同未尽事宜，以主保险合同的条款规定为准。 第二条 本保附加险合同仅限于互联网渠道销售。 保险责任 第三条 兹经投保人和保险人双方同意，本保险合同项下保险费可以按照约定的分期支 付日期和金额支付，具体以保险单载明为准。 在交纳首月保险费后，投保人应当在每月保险费约定支付日交纳对应月份的'}, {'content': '中国平安财产保险股份有限公司 平安产险意外伤害保险（互联网版）条款 注册号：C00001732312021120910153 总则 第一条 本保险合同由保险条款、投保单、保险单、保险凭证以及批单等组成。凡涉及 本保险合同的约定，均应采用书面形式。 第二条 本保险合同的被保险人应为身体健康，能正常工作或生活的，首次投保年龄 不超过七十五周岁（含）、续保不超过八十周岁（含）的自然人。 第三条 本保险合同的投保人应为具有完全民事行为能力的被保险人本人、对被保险人 有保险利益的其他人。 第四条 本保险合同的受益人包括： （一）身故保险金受益人 订立本保险合同时，被保险人或投保人可指定一人或数人为身故保险金受益人。身故保 险金受益人为数人时，应确定其受益顺序和受益份额；未确定受益份额的，各身故保险金 受益人按照相等份额享有受益权。投保人指定受益人时须经被保险人同意。 被保险人死亡后，有下列情形之一的'}, {'content': '险合同上批注。对因身故保险金受益人变更发生的法律纠纷，保险人不承担任何责任。 投保人指定或变更身故保险金受益人的，应经被保险人书面同意。被保险人为无民事行 为能力人或限制民事行为能力人的，应由其监护人指定或变更身故保险金受益人。 （二）其他保险责任的保险金受益人 除另有约定外，本保险合同除身故保险金以外的其他保险责任的保险金受益人为被保险 人本人。 第五条 本保险合同仅限于互联网渠道销售。 第六条 本保险合同的保险责任分为“必选责任”及“可选责任”。投保人在已投保“必 选责任”的前提下，可以同时投保“可选责任”；若投保人未投保“必选责任”，不得单独 保险责任 投保“可选责任”。保险责任由投保人在投保时与保险人协商确定，并在保险合同中载明。 第七条 保险期间内，被保险人因遭受意外伤害事故导致身故、伤残或医疗费用支出的， 保险人依照下列约定给付保险金，具体承担的责任和对应的保险金以保险单载明的'}, {'content': '中国平安财产保险股份有限公司 平安附加调整保险金额分配方式保险条款 注册号：C00001731922019112608872 第一条 本附加保险合同需附加于各类家庭财产保险合同、意外伤害保险合同、健康保 险合同、责任保险合同、其他保险合同（以下简称“主保险合同”）。主保险合同所附条款、 投保单、保险单、保险凭证以及批单等，凡与本附加保险合同相关者，均为本附加保险合同 的构成部分。凡涉及本附加保险合同的约定，均应采用书面形式。 若主保险合同与本附加保险合同的条款互有冲突，则以本附加保险合同的条款为准。本 附加保险合同未尽事宜，以主保险合同的条款规定为准。 第二条 经投保人和保险人双方约定，可选择按照以下方式分配保险金额，并在保险 单中载明。 （一）均分保险金额 每一被保险人的保险金额按照保险单载明的总保险金额除以保险单载明的被保险人人 数确定。保险人对每一被保险人在保险责任项下一次或累计给付'}, {'content': '家规定管制的其他能够使人形成瘾癖的麻醉药品和精神药品，但不包括 由医生开具并遵医嘱使用的用于治疗疾病但含有毒品成分的处方药品。 【酒后驾车】指车辆驾驶人员在其血液中的酒精含量大于或者等于 20mg/100mL 时的驾 驶行为。 【无有效驾驶证】被保险人存在下列情形之一者： （1）无驾驶证，驾驶证被依法扣留、暂扣、吊销、注销； （2）驾驶的机动车与驾驶证载明的准驾车型不符； （3）实习期内驾驶公共汽车、营运客车或者执行任务的警车、载有危险物品的机动车 或牵引挂车的机动车； （4）使用各种专用机械车、特种车的人员无国家有关部门核发的有效操作证、许可证 书或其他必备证书，驾驶出租机动车或营业性机动车无交通运输管理部门核发的许可证书或 其他必备证书。 【无有效行驶证】指下列情形之一： （1）机动车行驶证、号牌被注销的； （2）未按规定检验或检验不合格。 【辅助器具费】指购买、安装或修理假肢、矫形器'}, {'content': '无对应取值。'}, {'content': '仅限于互联网渠道销售'}, {'content': '无对应取值。'}, {'content': '无对应取值。  \n\n注：提供的“待摘要整合部分”并未直接描述销售区域的限制，而是描述了销售渠道的限制，因此无法针对“销售区域限制”这一字段进行有效的摘要整合。'}]","1, 3, 5, 6, 22, 24, 56"
平安无忧悦享成人门诊险,产品：平安无忧悦享成人门诊险	问题：如果被保险人在等待期内发生保险事故，能获得理赔吗？,"根据平安无忧悦享成人门诊险的相关条款规定：

**被保险人在等待期内发生保险事故，不能获得理赔。**

具体依据如下：

1. 在《平安附加等待期调整保险条款》第七条第八款中明确规定：
   - ""被保险人在等待期内出现本附加保险合同约定的疾病的，或等待期内接受检查但在等待期后确诊的本附加保险合同约定的疾病""属于责任免除范围

2. 该条款第二条同时说明：
   - 疾病保险、医疗保险、护理保险的等待期不超过180天
   - 具体的等待期时长会在保险合同中明确载明

因此，如果被保险人在合同约定的等待期内发生保险事故进行门诊急诊治疗，保险公司不承担给付保险金的责任。建议您仔细查阅保险合同中关于等待期具体时长的约定。","[{'content': '询（依 照世界卫生组织《疾病和有关健康问题的国际统计分类》（ICD-10）确定的精神和行为障碍以外 的一般心理问题，如职场问题、家庭问题、婚恋问题、个人发展、情绪管理等）。 （十七）被保险人主动吸食或注射毒品。 第八条 被保险人在下列期间发生保险事故进行门诊急诊治疗的，保险人也不承担给付保险 金责任： （一）战争、军事行动、暴动或武装叛乱期间； （二）被保险人患艾滋病（AIDS）或感染艾滋病病毒（HIV 呈阳性）期间； （三）被保险人酒后驾车、无有效驾驶证驾驶或驾驶无有效行驶证的机动车期间。 第九条 下列费用，保险人也不承担给付保险金责任： （一）在释义医院以外的医疗机构进行治疗的医疗费用，但因情况紧急必须立即就医的除外； （二）保险单签发地基本医疗保险或其他公费医疗管理部门规定的自费项目和药品费用； （三）营养费、护理费、交通费、伙食费、误工费、丧葬费； （四）挂号费、院外会诊费、出诊费'}, {'content': '中国平安财产保险股份有限公司 平安附加等待期调整保险条款 注册号为：C00001731922020040716092 第一条 本附加保险合同须附加于意外伤害保险、健康保险等险种保险合同（以下简称 “主保险合同”）。主保险合同所附条款、投保单、保险单、保险凭证以及批单等，凡与本附 加保险合同相关者，均为本附加保险合同的构成部分。凡涉及本附加保险合同的约定，均应 采用书面形式。 若主保险合同与本附加保险合同的条款互有冲突，则以本附加保险合同的条款为准。本 附加保险合同未尽事宜，以主保险合同的条款规定为准。 第二条 经投保人申请并经保险人同意，在保险期间内，投保人与保险人可就等待期、 免赔期、观察期进行约定，并在保险合同中载明。 但疾病保险、医疗保险、护理保险的等待期不超过 180 天。'}, {'content': '，则保险人根据本附加保险 合同约定扣除保险单载明的免赔额后按附加保险合同载明的“其他赔付比例”予以赔偿。 责任免除 第七条 因下列原因造成被保险人进行门诊急诊治疗的，保险人不承担给付保险金责任： （一）投保人的故意行为； （二）被保险人自致伤害或自杀，但被保险人自杀时为无民事行为能力人的除外； （三）因被保险人挑衅或故意行为而导致的打斗、被袭击或被谋杀； （四）核爆炸、核辐射或核污染； （五）恐怖袭击； （六）被保险人犯罪或拒捕； （七）被保险人从事高风险运动或参加职业或半职业体育运动； （八）既往症及其并发症、被保险人在等待期内出现本附加保险合同约定的疾病的，或等待 期内接受检查但在等待期后确诊的本附加保险合同约定的疾病； （九）腰椎间盘膨出和突出症； （十）遗传性疾病、先天性畸形、变形和染色体异常； （十一）不孕不育治疗、人工受精、怀孕、分娩（含难产）、流产、堕胎、节育（含绝育）、 产'}, {'content': '质、原因、 损失程度等难以确定的，保险人对无法确定的部分，不承担给付保险金责任，但保险人通 过其他途径已经及时知道或者应当及时知道保险事故发生的除外。 保险事故发生后，被保险人需要治疗的，应在释义医院就诊，若因急诊未在释义医院就 诊的，应在三日内通知保险人，并根据病情及时转入释义医院。若确需转入非释义医院就 诊的，应向保险人提出书面申请，保险人在接到申请后三日内给予答复，对于保险人同意 在非释义医院就诊的，对这期间发生的医疗费用按本保险合同规定给付保险金。 上述约定，不包括因不可抗力而导致的迟延。 保险金申请与给付 第二十二条 保险金申请人向保险人申请给付保险金时，应提交以下材料。保险金申请 人因特殊原因不能提供以下材料的，应提供其他合法有效的材料。保险金申请人未能提供有 关材料，导致保险人无法核实该申请的真实性的，保险人对无法核实部分不承担给付保险 金的责任。 （一）意外伤害身故保险金、'}, {'content': '外伤害医疗保险责任 保险期间内，被保险人因遭受意外伤害事故，并因此在符合本保险合同释义的医院（以 下简称“释义医院”）进行治疗，保险人就其自事故发生之日起一百八十日内实际支出的按 照当地社会医疗保险主管部门规定可报销的、必要、合理的医疗费用扣除保险单载明的免 赔额按赔付比例给付意外伤害医疗保险金。 被保险人不论一次或多次发生本项保险事故，保险人均按上述规定分别给付意外伤害医 疗保险金，但累计给付金额以保险单载明的意外伤害医疗保险金额为限，累计给付金额达 到意外伤害医疗保险金额时，对被保险人的该项保险责任终止。 若被保险人已从其他途径（包括公费医疗、社会基本医疗保险、其他费用补偿型医疗 保险以及依法承担侵权损害赔偿责任的第三人等）获得医疗费用补偿，则保险人仅对被保 险人实际发生的医疗费用扣除其所获医疗费用补偿后的剩余部分按本保险合同约定负责赔 偿。社会基本医疗保险个人帐户部分支出视为个人支付'}, {'content': '费相关要求的，保险人应当按照保险法相 关规定退还保险单的现金价值。 投保人、被保险人义务 第十八条 除另有约定外，投保人应当在保险合同成立时交清保险费。 第十九条 订立保险合同，保险人就被保险人的有关情况提出询问的，投保人应当如实 告知。 投保人故意或者因重大过失未履行前款规定的义务，足以影响保险人决定是否同意承 保或者提高保险费率的，保险人有权解除本保险合同。 前款规定的合同解除权，自保险人知道有解除事由之日起，超过三十日不行使而消灭。 自合同成立之日起超过二年的，保险人不得解除合同；发生保险事故的，保险人应当承担给 付保险金责任。 投保人故意不履行如实告知义务的，保险人对于合同解除前发生的保险事故，不承担 给付保险金责任，并不退还保险费。 投保人因重大过失未履行如实告知义务，对保险事故的发生有严重影响的，保险人对 于合同解除前发生的保险事故，不承担给付保险金责任，但应当退还保险费。 保'}, {'content': '无对应取值。'}, {'content': '不超过 180 天'}, {'content': '无对应取值。'}]","9, 11, 28, 42, 45, 61"
平安无忧悦享成人门诊险,产品：平安无忧悦享成人门诊险	问题：保险理赔时需要提供哪些具体的医疗单据？,"根据平安无忧悦享成人门诊险的条款规定，申请理赔时需要提供以下医疗单据：

**必备材料：**
1. 完整的门急诊病历原件
2. 医疗费用发票原件
3. 医疗费用明细清单
4. 诊断证明书

**特殊情况需补充的材料：**
- 因意外伤害就诊的，需提供意外事故证明
- 急诊在非约定医院就诊的，需在3日内通知保险公司并提供相关证明
- 确需转入非释义医院就诊的，需提供保险公司书面同意证明

**注意事项：**
- 所有医疗费用需在符合条款定义的医院产生（通常为二级及以上公立医院）
- 需提供基本医疗保险结算凭证（如以医保身份投保）
- 自费项目、营养费、护理费、交通费、伙食费、挂号费等不属于赔付范围
- 需扣除免赔额后按约定比例赔付

建议在就诊前确认医院是否符合要求，并妥善保管所有医疗文书和费用凭证。","[{'content': '询（依 照世界卫生组织《疾病和有关健康问题的国际统计分类》（ICD-10）确定的精神和行为障碍以外 的一般心理问题，如职场问题、家庭问题、婚恋问题、个人发展、情绪管理等）。 （十七）被保险人主动吸食或注射毒品。 第八条 被保险人在下列期间发生保险事故进行门诊急诊治疗的，保险人也不承担给付保险 金责任： （一）战争、军事行动、暴动或武装叛乱期间； （二）被保险人患艾滋病（AIDS）或感染艾滋病病毒（HIV 呈阳性）期间； （三）被保险人酒后驾车、无有效驾驶证驾驶或驾驶无有效行驶证的机动车期间。 第九条 下列费用，保险人也不承担给付保险金责任： （一）在释义医院以外的医疗机构进行治疗的医疗费用，但因情况紧急必须立即就医的除外； （二）保险单签发地基本医疗保险或其他公费医疗管理部门规定的自费项目和药品费用； （三）营养费、护理费、交通费、伙食费、误工费、丧葬费； （四）挂号费、院外会诊费、出诊费'}, {'content': '指以外来的、突发的、非本意的和非疾病的客观事件为直接且单独的原因致使 身体受到的伤害。 【医院】指保险人与投保人约定的定点医院，未约定定点医院的，则指经中华人民共和国卫 生部门评审确定的二级或二级以上的公立医院，但不包括主要作为诊所、康复、护理、休养、静 养、戒酒、戒毒等或类似的医疗机构。该医院必须具有符合国家有关医院管理规则设置标准的医 疗设备，且全天二十四小时有合格医师及护士驻院提供医疗及护理服务。 【门诊急诊】指被保险人因意外伤害事故或疾病至医院的门诊部或急诊部进行治疗。 【特需门诊】指医院门诊的一种特殊需求类型，相较于普通门诊，特需门诊一般享有优先就 诊、全程导诊服务的特点，挂号费和治疗费用通常较高。 【基本医疗保险】本合同所称的基本医疗保险是指《中华人民共和国社会保险法》所规定的 基本医疗保险，包括城镇职工基本医疗保险、城镇居民基本医疗保险或城乡居民基本医疗保险、 新型农村合作医'}, {'content': '偿后的余额按本保险合同的约定进行赔 付。 基本医疗保险个人账户部分支出视为个人支付，不属于已获得的医疗费用补偿。 关于赔付标准的说明如下： 1、被保险人以参加基本医疗保险（或其他费用补偿型医疗保险）身份投保，并以参加基本 医疗保险（或其他费用补偿型医疗保险）身份接受治疗并结算的；以及被保险人以未参加基本医 疗保险（或其他费用补偿型医疗保险）身份投保的；则保险人根据本附加保险合同约定扣除保险 单载明的免赔额后按附加保险合同载明的“一般赔付比例”予以赔偿。 2、若被保险人以参加基本医疗保险（或其他费用补偿型医疗保险）身份投保，但未以参加 基本医疗保险（或其他费用补偿型医疗保险）身份接受治疗并结算的，则保险人根据本附加保险 合同约定扣除保险单载明的免赔额后按附加保险合同载明的“其他赔付比例”予以赔偿。 责任免除 第七条 因下列原因造成被保险人进行门诊急诊治疗的，保险人不承担给付保险金责任： （一'}, {'content': '因情况紧急必须立即就医的除外； （二）保险单签发地基本医疗保险或其他公费医疗管理部门规定的自费项目和药品费用； （三）营养费、护理费、交通费、伙食费、误工费、丧葬费； （四）挂号费、院外会诊费、出诊费、就（转）诊交通费、急救车费、住院医疗费用。 第十条 主险合同中列明的 “责任免除”事项，未列入本附加险合同保险责任的，也适用于 本附加险合同。 保险金额、免赔额与赔付比例 第十一条 保险金额是保险人承担给付保险金责任的最高限额。本附加保险合同的门急诊医 疗费用保险金额、每次门急诊医疗费用保险金额、每次门急诊免赔额、一般赔付比例、其他赔付 比例、门急诊就诊次数由投保人、保险人双方约定，并在保险单中载明。 上述门急诊医疗费用保险金额为每次门急诊医疗费用保险金额与门急诊就诊次数的乘积。 保险期间与续保 第十二条 本附加保险合同保险期间由投保人、保险人双方约定，并在保险单中载明，且最 长不得超过一年'}, {'content': '质、原因、 损失程度等难以确定的，保险人对无法确定的部分，不承担给付保险金责任，但保险人通 过其他途径已经及时知道或者应当及时知道保险事故发生的除外。 保险事故发生后，被保险人需要治疗的，应在释义医院就诊，若因急诊未在释义医院就 诊的，应在三日内通知保险人，并根据病情及时转入释义医院。若确需转入非释义医院就 诊的，应向保险人提出书面申请，保险人在接到申请后三日内给予答复，对于保险人同意 在非释义医院就诊的，对这期间发生的医疗费用按本保险合同规定给付保险金。 上述约定，不包括因不可抗力而导致的迟延。 保险金申请与给付 第二十二条 保险金申请人向保险人申请给付保险金时，应提交以下材料。保险金申请 人因特殊原因不能提供以下材料的，应提供其他合法有效的材料。保险金申请人未能提供有 关材料，导致保险人无法核实该申请的真实性的，保险人对无法核实部分不承担给付保险 金的责任。 （一）意外伤害身故保险金、'}, {'content': '位和个体经济组织的劳动者在职业活动中，因接触粉尘、放射性 物质和其他有毒、有害物质等因素而引起的疾病。职业病的认定需遵循《中华人民共和国职业病 防治法》中的相关规定及鉴定程序。 【医疗事故】指医疗机构及其医务人员在医疗活动中，违反医疗卫生管理法律、行政法规、 部门规章和诊疗护理规范及常规，过失造成患者人身损害的事故。 【无有效驾驶证】被保险人存在下列情形之一者： （1）无驾驶证，驾驶证被依法扣留、暂扣、吊销、注销； （2）驾驶的机动车与驾驶证载明的准驾车型不符； （3）实习期内驾驶公共汽车、营运客车或者执行任务的警车、载有危险物品的机动车或牵引 挂车的机动车； （4）使用各种专用机械车、特种车的人员无国家有关部门核发的有效操作证、许可证书或其 他必备证书，驾驶出租机动车或营业性机动车无交通运输管理部门核发的许可证书或其他必备证 书。 【无有效行驶证】指下列情形之一： （1）机动车行驶证、号'}, {'content': '无对应取值。'}, {'content': '因遭受意外伤害或等待期满后因疾病，在符合合同释义的医院门诊急诊治疗，保险人就其每次实际支出的可报销的、必要的、合理的各项门诊急诊医疗费用，扣除每次门急诊免赔额，按赔付比例给付门急诊医疗保险金。'}, {'content': '无对应取值。'}, {'content': '意外伤害身故保险责任、意外伤害伤残保险责任、意外伤害医疗保险责任、意外伤害住院津贴保险责任、意外伤害住院护理津贴保险金、交通意外伤害身故或伤残特别保险责任、意外骨折、关节脱位保险责任、轻度骨折津贴、骨密度检测津贴。'}]","8, 11, 12, 16, 20, 45"
平安驰骋尊享驾乘意外险,产品：平安驰骋尊享驾乘意外险	问题：这款保险的保障范围包括哪些意外伤害类型？,"根据平安驰骋尊享驾乘意外险的条款内容，该保险的保障范围包括以下意外伤害类型：

1. **一般意外**：被保险人遭受符合意外伤害定义的所有意外伤害事故

2. **公共交通意外**：被保险人以乘客身份乘坐民航客机或商业营运的火车、轮船、汽车期间遭受的意外伤害事故

3. **驾驶意外**：被保险人因驾驶保险单中载明的机动车辆，在行驶过程中或为维护车辆继续运行（包括加油、加水、故障修理、换胎等）的临时停放过程中遭受意外伤害事故

4. **乘坐意外**：被保险人因乘坐保险单中载明的机动车辆，在行驶过程中或为维护车辆继续运行（包括加油、加水、故障修理、换胎等）的临时停放过程中遭受意外伤害事故

需要注意的是，具体承保的意外伤害事故类型由保险人和投保人协商约定，并在保险单中明确载明。保险责任分为""必选责任""和""可选责任""，投保人需要在投保必选责任的前提下才能选择投保可选责任。","[{'content': '中国平安财产保险股份有限公司 平安产险交通出行意外伤害保险（互联网版）条款 注册号：C00001732312022080414693 总则 第一条 本保险合同由保险条款、投保单、保险单、保险凭证以及批单等组成。凡涉及 本保险合同的约定，均应采用书面形式。 第二条 本保险合同的被保险人应为身体健康、能正常工作或正常生活的自然人。 第三条 本保险合同的投保人应为具有完全民事行为能力的被保险人本人、对被保险人 有保险利益的其他组织及个人。 第四条 本保险合同的受益人包括： （一）身故保险金受益人 订立本保险合同时，被保险人或投保人可指定一人或数人为身故保险金受益人。身故保 险金受益人为数人时，应确定其受益顺序和受益份额；未确定受益份额的，各身故保险金受 益人按照相等份额享有受益权。投保人指定受益人时须经被保险人同意。 被保险人死亡后，有下列情形之一的，保险金作为被保险人的遗产，由保险人依照有关 '}, {'content': '律纠纷，保险人不承担任何责任。 投保人指定或变更身故保险金受益人的，应经被保险人书面同意。被保险人为无民事行 为能力人或限制民事行为能力人的，应由其监护人指定或变更身故保险金受益人。 （二）伤残保险金、医疗保险金和住院津贴保险金受益人 除另有约定外，本保险合同的伤残保险金、医疗保险金和住院津贴保险金的受益人为被 保险人本人。 第五条 本保险合同仅限于互联网渠道销售。 保险责任 第六条 本保险合同可承保以下意外伤害事故类型的一项或多项，具体由保险人和投保 人协商约定，并在保险单中载明。 （一）一般意外：被保险人遭受符合本合同意外伤害定义的所有意外伤害事故； （二）公共交通意外：被保险人以乘客身份乘坐民航客机或商业营运的火车、轮船、汽 车期间遭受的意外伤害事故； （三）驾驶意外：被保险人因驾驶保险单中载明的机动车辆，在行驶过程中或为维护车 辆继续运行（包括加油、加水、故障修理、换胎等）的临时停'}, {'content': '乘坐民航客机或商业营运的火车、轮船、汽 车期间遭受的意外伤害事故； （三）驾驶意外：被保险人因驾驶保险单中载明的机动车辆，在行驶过程中或为维护车 辆继续运行（包括加油、加水、故障修理、换胎等）的临时停放过程中遭受意外伤害事故； （四）乘坐意外：被保险人因乘坐保险单中载明的机动车辆，在行驶过程中或为维护车 辆继续运行（包括加油、加水、故障修理、换胎等）的临时停放过程中遭受意外伤害事故。 第七条 本保险合同的保险责任分为“必选责任”及“可选责任”。投保人在已投保“必 选责任”的前提下，可以投保“可选责任”，若投保人未投保“必选责任”，则不可单独投 保“可选责任”。保险责任由投保人在投保时与保险人协商确定，并在保险合同中载明。 第八条 保险期间内，被保险人因遭受保险单载明的意外伤害事故，导致身故、伤残、 医疗费用支出或住院治疗的，保险人依照下列约定给付保险金。 （一）必选责任：身故保险责任 保险'}, {'content': '（二）被保险人自致伤害或自杀，但被保险人自杀时为无民事行为能力人的除外； （三）因被保险人挑衅或故意行为而导致的打斗、被袭击或被谋杀； （四）被保险人妊娠、流产、分娩、疾病、药物过敏、中暑、猝死； （五）被保险人接受整容手术及其他内、外科手术； （六）被保险人未遵医嘱，私自服用、涂用、注射药物； （七）核爆炸、核辐射或核污染； （八）恐怖袭击； （九）被保险人犯罪或拒捕； （九）被保险人从事高风险运动或参加职业或半职业体育运动； （十）被保险人违法、违章搭乘。 第十条 被保险人在下列期间或情形下，遭受伤害导致身故、伤残、医疗费用支出或住 院治疗的，保险人也不承担给付保险金责任： （一）战争、军事行动、暴动或武装叛乱期间； （二）被保险人主动吸食或注射毒品、服用国家管制的精神药品或者麻醉药品期间； （三）被保险人酒后驾车、无有效驾驶证驾驶或驾驶无有效行驶证的机动车期间； （四）被保险人驾驶或'}, {'content': '意外伤害事故，并自事故发生之日起一百八 十日内因该事故在符合释义医院进行住院治疗，保险人就被保险人的合理住院天数，按照 保险单载明的意外伤害住院津贴日额计算给付“意外伤害住院津贴保险金”。 被保险人多次遭受保险单载明的意外伤害事故进行住院治疗，保险人均按上述规定分别 给付意外伤害住院津贴保险金，但保险人一次或多次累计给付意外伤害住院津贴保险金的 天数以一百八十天为限，当累计给付天数达到一百八十天时，本附加保险合同对被保险人 的保险责任终止。 责任免除 第九条 因下列原因造成被保险人身故、伤残、医疗费用支出或住院治疗的，保险人不 承担给付保险金责任： （一）投保人、被保险人或驾驶人的故意行为； （二）被保险人自致伤害或自杀，但被保险人自杀时为无民事行为能力人的除外； （三）因被保险人挑衅或故意行为而导致的打斗、被袭击或被谋杀； （四）被保险人妊娠、流产、分娩、疾病、药物过敏、中暑、猝死； （'}, {'content': '保险合同约定给付保险金的除外。 投保人解除本保险合同时，应提供下列证明文件和资料： （一）保险合同解除申请书； （二）保险单； （三）保险费交付凭证； （四）投保人身份证明。 投保人要求解除本保险合同，自保险人接到保险合同解除申请书之时起，本保险合同 的效力终止。保险人收到上述证明文件和资料之日起三十日内退还保险单的保险单的现金 价值。 第三十条 释义 【保险单中载明的机动车辆】指投保人与保险人可就具体机动车辆（需载明用于识别机 动车辆的车牌号、车驾号等信息）、某一类型的机动车辆进行约定，并在保险单中载明；保 险单中未载明机动车辆时，指在中华人民共和国境内（不含港、澳、台地区）以动力装置驱 动或者牵引，上道路行驶的供人员乘用的轮式车辆，但不包括摩托车和拖拉机。 【意外伤害】指以外来的、突发的、非本意的和非疾病的客观事件为直接且单独的原因 致使身体受到的伤害。 【乘坐民航客机或商业营运的火车'}, {'content': '一般意外、公共交通意外、驾驶意外、乘坐意外'}]","3, 5, 6, 11, 12, 23"
平安驰骋尊享驾乘意外险,产品：平安驰骋尊享驾乘意外险	问题：分期付款逾期后有多长时间的宽限期可以补缴保费？,"根据平安驰骋尊享驾乘意外险的相关条款规定，分期付款逾期后的宽限期为**30天**。

具体说明如下：
- 投保人未按约定日期交纳分期保费时，保险人允许在催告之日起**30日内（含第30日）**补交保费
- 在这30天宽限期内，如果发生保险事故，保险人仍按合同约定承担保险责任，但有权从给付的保险金中扣除欠缴保费
- 若超过30天仍未补交保费，保险合同自当期保费应付之日起终止，保险人对合同终止后发生的保险事故不承担责任

建议您按时缴纳保费，如遇特殊情况无法按时缴费，请务必在30天宽限期内完成补缴，以免影响保险保障。","[{'content': '中国平安财产保险股份有限公司 平安产险附加分期支付保费保险（互联网版）条款 注册号：C00001731922022091538001 总则 第一条 本附加保险合同须附加于各种意外伤害保险、健康保险、家庭财产保险、责任 保险、其他保险合同（以下简称“主保险合同”）。主保险合同所附条款、投保单、保险单、 保险凭证以及批单等，凡与本附加保险合同相关者，均为本附加保险合同的构成部分。凡涉 及本附加保险合同的约定，均应采用书面形式。 若主保险合同与本附加保险合同的条款互有冲突，则以本附加保险合同的条款为准。 本附加保险合同未尽事宜，以主保险合同的条款规定为准。 第二条 本保附加险合同仅限于互联网渠道销售。 保险责任 第三条 兹经投保人和保险人双方同意，本保险合同项下保险费可以按照约定的分期支 付日期和金额支付，具体以保险单载明为准。 在交纳首月保险费后，投保人应当在每月保险费约定支付日交纳对应月份的'}, {'content': '律纠纷，保险人不承担任何责任。 投保人指定或变更身故保险金受益人的，应经被保险人书面同意。被保险人为无民事行 为能力人或限制民事行为能力人的，应由其监护人指定或变更身故保险金受益人。 （二）伤残保险金、医疗保险金和住院津贴保险金受益人 除另有约定外，本保险合同的伤残保险金、医疗保险金和住院津贴保险金的受益人为被 保险人本人。 第五条 本保险合同仅限于互联网渠道销售。 保险责任 第六条 本保险合同可承保以下意外伤害事故类型的一项或多项，具体由保险人和投保 人协商约定，并在保险单中载明。 （一）一般意外：被保险人遭受符合本合同意外伤害定义的所有意外伤害事故； （二）公共交通意外：被保险人以乘客身份乘坐民航客机或商业营运的火车、轮船、汽 车期间遭受的意外伤害事故； （三）驾驶意外：被保险人因驾驶保险单中载明的机动车辆，在行驶过程中或为维护车 辆继续运行（包括加油、加水、故障修理、换胎等）的临时停'}, {'content': '。 保险责任 第三条 兹经投保人和保险人双方同意，本保险合同项下保险费可以按照约定的分期支 付日期和金额支付，具体以保险单载明为准。 在交纳首月保险费后，投保人应当在每月保险费约定支付日交纳对应月份的保险费。 第四条 若投保人分期支付保险费，在支付首期保险费后未按约定在应付之日交纳保险 费，保险人允许投保人在催告之日起三十日（含第三十日）内补交保险费，如果被保险人 在此三十日内发生保险事故，保险人仍按照合同约定给付保险金，但有权从给付的保险金 中扣除投保人欠缴的保险费。 若投保人在保险人催告之日起三十日（含第三十日）内未补交保险费，则本合同自当 期保费的应付之日起终止，对于保险合同终止后发生的保险事故，保险人不承担保险责 任。'}, {'content': '乘坐民航客机或商业营运的火车、轮船、汽 车期间遭受的意外伤害事故； （三）驾驶意外：被保险人因驾驶保险单中载明的机动车辆，在行驶过程中或为维护车 辆继续运行（包括加油、加水、故障修理、换胎等）的临时停放过程中遭受意外伤害事故； （四）乘坐意外：被保险人因乘坐保险单中载明的机动车辆，在行驶过程中或为维护车 辆继续运行（包括加油、加水、故障修理、换胎等）的临时停放过程中遭受意外伤害事故。 第七条 本保险合同的保险责任分为“必选责任”及“可选责任”。投保人在已投保“必 选责任”的前提下，可以投保“可选责任”，若投保人未投保“必选责任”，则不可单独投 保“可选责任”。保险责任由投保人在投保时与保险人协商确定，并在保险合同中载明。 第八条 保险期间内，被保险人因遭受保险单载明的意外伤害事故，导致身故、伤残、 医疗费用支出或住院治疗的，保险人依照下列约定给付保险金。 （一）必选责任：身故保险责任 保险'}, {'content': '、丧葬费。 第十二条 保险金额是保险人承担给付保险金责任的最高限额。 保险金额和保险费 本保险合同可按照保险单载明的意外伤害事故类型约定意外伤害保险金额、意外伤害医 疗保险金额、意外伤害住院津贴保险金额，具体由投保人、保险人双方约定，并在保险单中 载明。 投保人应该按照合同约定向保险人交纳保险费。 第十三条 本保险合同保险期间由保险人和投保人协商确定，并在保单中载明。 保险期间 保险人义务 第十四条 本保险合同成立后，保险人应当及时向投保人签发保险单或其他保险凭证。 第十五条 保险人按照本保险合同的约定，认为被保险人提供的有关索赔的证明和资料 不完整的，应当及时一次性通知投保人、被保险人补充提供。 第十六条 保险人收到被保险人的给付保险金的请求后，应当及时作出是否属于保险责 任的核定；情形复杂的，保险人将在确定是否属于保险责任的基本材料收集齐全后，尽快做 出核定。 保险人应当将核定结果通知'}, {'content': '根据已有证明和资料可以确定的数额先予支付；保险人最终确定 给付的数额后，应当支付相应的差额。 第十八条 投保人符合保险法规定的退还保险费相关要求的，保险人应当按照保险法相 关规定退还保险单的现金价值。 投保人、被保险人义务 第十九条 除另有约定外，投保人应当在保险合同成立时交清保险费。 第二十条 订立保险合同，保险人就被保险人的有关情况提出询问的，投保人应当如实 告知。 投保人故意或者因重大过失未履行前款规定的义务，足以影响保险人决定是否同意承 保或者提高保险费率的，保险人有权解除本保险合同。 前款规定的合同解除权，自保险人知道有解除事由之日起，超过三十日不行使而消灭。 自合同成立之日起超过二年的，保险人不得解除合同；发生保险事故的，保险人应当承担给 付保险金责任。 投保人故意不履行如实告知义务的，保险人对于合同解除前发生的保险事故，不承担 给付保险金责任，并不退还保险费。 投保人因重大过'}, {'content': '无对应取值。'}]","1, 2, 5, 6, 14, 16"
平安驰骋尊享驾乘意外险,产品：平安驰骋尊享驾乘意外险	问题：如果分期付款逾期超过30天，保险会如何处理？,"根据平安驰骋尊享驾乘意外险的相关条款，若分期付款逾期超过30天，保险合同将按以下方式处理：

1. **宽限期**：投保人未按时交纳分期保费后，保险人会进行催告，并提供30天的宽限期（含第30日）。在此期间：
   - 若发生保险事故，保险人仍按合同约定给付保险金，但有权从保险金中扣除投保人欠缴的保险费。

2. **合同终止**：若超过30天宽限期仍未补交保险费：
   - 保险合同自当期保费应付之日起终止。
   - 保险合同终止后发生的保险事故，保险人不承担任何保险责任。

**建议**：请确保按时缴纳保费，避免因逾期导致保障中断。如有特殊情况，建议及时联系保险公司沟通解决。","[{'content': '（二）被保险人自致伤害或自杀，但被保险人自杀时为无民事行为能力人的除外； （三）因被保险人挑衅或故意行为而导致的打斗、被袭击或被谋杀； （四）被保险人妊娠、流产、分娩、疾病、药物过敏、中暑、猝死； （五）被保险人接受整容手术及其他内、外科手术； （六）被保险人未遵医嘱，私自服用、涂用、注射药物； （七）核爆炸、核辐射或核污染； （八）恐怖袭击； （九）被保险人犯罪或拒捕； （九）被保险人从事高风险运动或参加职业或半职业体育运动； （十）被保险人违法、违章搭乘。 第十条 被保险人在下列期间或情形下，遭受伤害导致身故、伤残、医疗费用支出或住 院治疗的，保险人也不承担给付保险金责任： （一）战争、军事行动、暴动或武装叛乱期间； （二）被保险人主动吸食或注射毒品、服用国家管制的精神药品或者麻醉药品期间； （三）被保险人酒后驾车、无有效驾驶证驾驶或驾驶无有效行驶证的机动车期间； （四）被保险人驾驶或'}, {'content': '中国平安财产保险股份有限公司 平安产险附加分期支付保费保险（互联网版）条款 注册号：C00001731922022091538001 总则 第一条 本附加保险合同须附加于各种意外伤害保险、健康保险、家庭财产保险、责任 保险、其他保险合同（以下简称“主保险合同”）。主保险合同所附条款、投保单、保险单、 保险凭证以及批单等，凡与本附加保险合同相关者，均为本附加保险合同的构成部分。凡涉 及本附加保险合同的约定，均应采用书面形式。 若主保险合同与本附加保险合同的条款互有冲突，则以本附加保险合同的条款为准。 本附加保险合同未尽事宜，以主保险合同的条款规定为准。 第二条 本保附加险合同仅限于互联网渠道销售。 保险责任 第三条 兹经投保人和保险人双方同意，本保险合同项下保险费可以按照约定的分期支 付日期和金额支付，具体以保险单载明为准。 在交纳首月保险费后，投保人应当在每月保险费约定支付日交纳对应月份的'}, {'content': '根据已有证明和资料可以确定的数额先予支付；保险人最终确定 给付的数额后，应当支付相应的差额。 第十八条 投保人符合保险法规定的退还保险费相关要求的，保险人应当按照保险法相 关规定退还保险单的现金价值。 投保人、被保险人义务 第十九条 除另有约定外，投保人应当在保险合同成立时交清保险费。 第二十条 订立保险合同，保险人就被保险人的有关情况提出询问的，投保人应当如实 告知。 投保人故意或者因重大过失未履行前款规定的义务，足以影响保险人决定是否同意承 保或者提高保险费率的，保险人有权解除本保险合同。 前款规定的合同解除权，自保险人知道有解除事由之日起，超过三十日不行使而消灭。 自合同成立之日起超过二年的，保险人不得解除合同；发生保险事故的，保险人应当承担给 付保险金责任。 投保人故意不履行如实告知义务的，保险人对于合同解除前发生的保险事故，不承担 给付保险金责任，并不退还保险费。 投保人因重大过'}, {'content': '保险金给付申请书； 2．保单号或其他有效保险凭证； 3．被保险人身份证明； 4．释义医院出具的医疗证明和医疗费用原始凭证； 5．保险金申请人所能提供的与确认保险事故的性质、原因、伤害程度等有关的其他证 明和资料，如承运人或交通安全部门提供的意外事故证明等； 6．若保险金申请人委托他人申请的，还应提供授权委托书原件、委托人和受托人的身 份证明等相关证明文件。 争议处理和法律适用 第二十四条 因履行本保险合同发生的争议，由当事人协商解决。协商不成的，提交保 险单载明的仲裁机构仲裁；保险单未载明仲裁机构且争议发生后未达成仲裁协议的，依法向 中华人民共和国境内（不包括港澳台地区）人民法院起诉。 第二十五条 与本保险合同有关的以及履行本保险合同产生的一切争议处理适用中华人 民共和国法律（不包括港澳台地区法律）。 其他事项 第二十六条 保险金申请人向保险人请求保险金的诉讼时效，按照有关法律规定执行， '}, {'content': '保险合同约定给付保险金的除外。 投保人解除本保险合同时，应提供下列证明文件和资料： （一）保险合同解除申请书； （二）保险单； （三）保险费交付凭证； （四）投保人身份证明。 投保人要求解除本保险合同，自保险人接到保险合同解除申请书之时起，本保险合同 的效力终止。保险人收到上述证明文件和资料之日起三十日内退还保险单的保险单的现金 价值。 第三十条 释义 【保险单中载明的机动车辆】指投保人与保险人可就具体机动车辆（需载明用于识别机 动车辆的车牌号、车驾号等信息）、某一类型的机动车辆进行约定，并在保险单中载明；保 险单中未载明机动车辆时，指在中华人民共和国境内（不含港、澳、台地区）以动力装置驱 动或者牵引，上道路行驶的供人员乘用的轮式车辆，但不包括摩托车和拖拉机。 【意外伤害】指以外来的、突发的、非本意的和非疾病的客观事件为直接且单独的原因 致使身体受到的伤害。 【乘坐民航客机或商业营运的火车'}, {'content': '。 保险责任 第三条 兹经投保人和保险人双方同意，本保险合同项下保险费可以按照约定的分期支 付日期和金额支付，具体以保险单载明为准。 在交纳首月保险费后，投保人应当在每月保险费约定支付日交纳对应月份的保险费。 第四条 若投保人分期支付保险费，在支付首期保险费后未按约定在应付之日交纳保险 费，保险人允许投保人在催告之日起三十日（含第三十日）内补交保险费，如果被保险人 在此三十日内发生保险事故，保险人仍按照合同约定给付保险金，但有权从给付的保险金 中扣除投保人欠缴的保险费。 若投保人在保险人催告之日起三十日（含第三十日）内未补交保险费，则本合同自当 期保费的应付之日起终止，对于保险合同终止后发生的保险事故，保险人不承担保险责 任。'}, {'content': '无对应取值。'}]","1, 2, 12, 16, 21, 23"
平安驰骋尊享驾乘意外险,产品：平安驰骋尊享驾乘意外险	问题：哪些人可以作为这款保险的投保人？,"根据平安驰骋尊享驾乘意外险的条款规定，可以作为投保人的包括：

1. **具有完全民事行为能力的被保险人本人**
2. **对被保险人有保险利益的其他组织及个人**

具体来说，投保人需要满足以下条件：
- 具有完全民事行为能力
- 与被保险人之间存在保险利益关系
- 能够以书面形式订立保险合同

这意味着除了被保险人本人外，其配偶、直系亲属、有抚养或赡养关系的亲属，或者与被保险人有经济利益关系的组织和个人，在符合条件的情况下都可以作为投保人。","[{'content': '中国平安财产保险股份有限公司 平安产险交通出行意外伤害保险（互联网版）条款 注册号：C00001732312022080414693 总则 第一条 本保险合同由保险条款、投保单、保险单、保险凭证以及批单等组成。凡涉及 本保险合同的约定，均应采用书面形式。 第二条 本保险合同的被保险人应为身体健康、能正常工作或正常生活的自然人。 第三条 本保险合同的投保人应为具有完全民事行为能力的被保险人本人、对被保险人 有保险利益的其他组织及个人。 第四条 本保险合同的受益人包括： （一）身故保险金受益人 订立本保险合同时，被保险人或投保人可指定一人或数人为身故保险金受益人。身故保 险金受益人为数人时，应确定其受益顺序和受益份额；未确定受益份额的，各身故保险金受 益人按照相等份额享有受益权。投保人指定受益人时须经被保险人同意。 被保险人死亡后，有下列情形之一的，保险金作为被保险人的遗产，由保险人依照有关 '}, {'content': '的酒精含量大于或者等于 80mg/100mL。 【无有效驾驶证】被保险人存在下列情形之一者： （1）无驾驶证，驾驶证被依法扣留、暂扣、吊销、注销； （2）驾驶的机动车与驾驶证载明的准驾车型不符； （3）实习期内驾驶公共汽车、营运客车或者执行任务的警车、载有危险物品的机动车 或牵引挂车的机动车； （4）使用各种专用机械车、特种车的人员无国家有关部门核发的有效操作证、许可证 书或其他必备证书，驾驶出租机动车或营业性机动车无交通运输管理部门核发的许可证书或 其他必备证书。 【无有效行驶证】指下列情形之一： （1）机动车行驶证、号牌被注销的； （2）未按规定检验或检验不合格。 【辅助器具费】指购买、安装或修理假肢、矫形器、假眼、假牙和配置轮椅等辅助器具 的费用。 【不可抗力】指不能预见、不能避免并不能克服的客观情况。 【保险金申请人】指受益人或被保险人的继承人或依法享有保险金请求权的其他自然人。 '}, {'content': '乘坐民航客机或商业营运的火车、轮船、汽 车期间遭受的意外伤害事故； （三）驾驶意外：被保险人因驾驶保险单中载明的机动车辆，在行驶过程中或为维护车 辆继续运行（包括加油、加水、故障修理、换胎等）的临时停放过程中遭受意外伤害事故； （四）乘坐意外：被保险人因乘坐保险单中载明的机动车辆，在行驶过程中或为维护车 辆继续运行（包括加油、加水、故障修理、换胎等）的临时停放过程中遭受意外伤害事故。 第七条 本保险合同的保险责任分为“必选责任”及“可选责任”。投保人在已投保“必 选责任”的前提下，可以投保“可选责任”，若投保人未投保“必选责任”，则不可单独投 保“可选责任”。保险责任由投保人在投保时与保险人协商确定，并在保险合同中载明。 第八条 保险期间内，被保险人因遭受保险单载明的意外伤害事故，导致身故、伤残、 医疗费用支出或住院治疗的，保险人依照下列约定给付保险金。 （一）必选责任：身故保险责任 保险'}, {'content': '律纠纷，保险人不承担任何责任。 投保人指定或变更身故保险金受益人的，应经被保险人书面同意。被保险人为无民事行 为能力人或限制民事行为能力人的，应由其监护人指定或变更身故保险金受益人。 （二）伤残保险金、医疗保险金和住院津贴保险金受益人 除另有约定外，本保险合同的伤残保险金、医疗保险金和住院津贴保险金的受益人为被 保险人本人。 第五条 本保险合同仅限于互联网渠道销售。 保险责任 第六条 本保险合同可承保以下意外伤害事故类型的一项或多项，具体由保险人和投保 人协商约定，并在保险单中载明。 （一）一般意外：被保险人遭受符合本合同意外伤害定义的所有意外伤害事故； （二）公共交通意外：被保险人以乘客身份乘坐民航客机或商业营运的火车、轮船、汽 车期间遭受的意外伤害事故； （三）驾驶意外：被保险人因驾驶保险单中载明的机动车辆，在行驶过程中或为维护车 辆继续运行（包括加油、加水、故障修理、换胎等）的临时停'}, {'content': '保险合同约定给付保险金的除外。 投保人解除本保险合同时，应提供下列证明文件和资料： （一）保险合同解除申请书； （二）保险单； （三）保险费交付凭证； （四）投保人身份证明。 投保人要求解除本保险合同，自保险人接到保险合同解除申请书之时起，本保险合同 的效力终止。保险人收到上述证明文件和资料之日起三十日内退还保险单的保险单的现金 价值。 第三十条 释义 【保险单中载明的机动车辆】指投保人与保险人可就具体机动车辆（需载明用于识别机 动车辆的车牌号、车驾号等信息）、某一类型的机动车辆进行约定，并在保险单中载明；保 险单中未载明机动车辆时，指在中华人民共和国境内（不含港、澳、台地区）以动力装置驱 动或者牵引，上道路行驶的供人员乘用的轮式车辆，但不包括摩托车和拖拉机。 【意外伤害】指以外来的、突发的、非本意的和非疾病的客观事件为直接且单独的原因 致使身体受到的伤害。 【乘坐民航客机或商业营运的火车'}, {'content': '程度等难以 确定的，保险人对无法确定的部分，不承担给付保险金责任，但保险人通过其他途径已经 及时知道或者应当及时知道保险事故发生的除外。 上述约定，不包括因不可抗力而导致的迟延。 第二十二条 保险事故发生后，被保险人需要治疗的，应在释义医院就诊，若因急诊未 在释义医院就诊的，应在三日内通知保险人，并根据病情及时转入释义医院。若确需转入非 释义医院就诊的，应向保险人提出书面申请，保险人在接到申请后三日内给予答复，对于保 险人同意在非释义医院就诊的，对这期间发生的住院医疗费用按本保险合同规定给付保险金。 保险金申请与给付 第二十三条 保险金申请人向保险人申请给付保险金时，应提交以下材料。保险金申请 人因特殊原因不能提供以下材料的，应提供其他合法有效的材料。保险金申请人未能提供有 关材料，导致保险人无法核实该申请的真实性的，保险人对无法核实部分不承担给付保险 金的责任。 （一）身故保险金申请 1'}, {'content': '无对应取值。'}]","3, 5, 6, 18, 23, 27"
平安驰骋尊享驾乘意外险,产品：平安驰骋尊享驾乘意外险	问题：身故保险金的受益人应该如何指定和变更？,"根据平安驰骋尊享驾乘意外险条款规定，身故保险金受益人的指定和变更规则如下：

**一、指定受益人**
1. 投保时，被保险人或投保人可指定一人或数人为身故保险金受益人
2. 受益人为数人时，应明确受益顺序和受益份额
3. 未确定受益份额的，各受益人按相等份额享有受益权
4. 投保人指定受益人时必须经过被保险人同意

**二、变更受益人**
1. 被保险人或投保人可变更身故保险金受益人
2. 变更需书面通知保险人，由保险人在保险合同上批注
3. 投保人变更受益人应经被保险人书面同意
4. 对因受益人变更发生的法律纠纷，保险人不承担责任

**三、特殊情形**
1. 被保险人为无民事行为能力人或限制民事行为能力人时，应由其监护人指定或变更受益人
2. 如未指定受益人或受益人无法确定，保险金将作为被保险人遗产处理

**注意**：伤残保险金、医疗保险金和住院津贴保险金的受益人默认为被保险人本人，不可另行指定。","[{'content': '律纠纷，保险人不承担任何责任。 投保人指定或变更身故保险金受益人的，应经被保险人书面同意。被保险人为无民事行 为能力人或限制民事行为能力人的，应由其监护人指定或变更身故保险金受益人。 （二）伤残保险金、医疗保险金和住院津贴保险金受益人 除另有约定外，本保险合同的伤残保险金、医疗保险金和住院津贴保险金的受益人为被 保险人本人。 第五条 本保险合同仅限于互联网渠道销售。 保险责任 第六条 本保险合同可承保以下意外伤害事故类型的一项或多项，具体由保险人和投保 人协商约定，并在保险单中载明。 （一）一般意外：被保险人遭受符合本合同意外伤害定义的所有意外伤害事故； （二）公共交通意外：被保险人以乘客身份乘坐民航客机或商业营运的火车、轮船、汽 车期间遭受的意外伤害事故； （三）驾驶意外：被保险人因驾驶保险单中载明的机动车辆，在行驶过程中或为维护车 辆继续运行（包括加油、加水、故障修理、换胎等）的临时停'}, {'content': '其受益顺序和受益份额；未确定受益份额的，各身故保险金受 益人按照相等份额享有受益权。投保人指定受益人时须经被保险人同意。 被保险人死亡后，有下列情形之一的，保险金作为被保险人的遗产，由保险人依照有关 法律法规履行给付保险金的义务： 1.没有指定受益人，或者受益人指定不明无法确定的； 2.受益人先于被保险人死亡，没有其他受益人的； 3.受益人依法丧失受益权或者放弃受益权，没有其他受益人的。 受益人与被保险人在同一事件中死亡，且不能确定死亡先后顺序的，推定受益人死亡在 先。 被保险人或投保人可以变更身故保险金受益人，但需书面通知保险人，由保险人在本保 险合同上批注。对因身故保险金受益人变更发生的法律纠纷，保险人不承担任何责任。 投保人指定或变更身故保险金受益人的，应经被保险人书面同意。被保险人为无民事行 为能力人或限制民事行为能力人的，应由其监护人指定或变更身故保险金受益人。 （二）伤残保险金'}, {'content': '中国平安财产保险股份有限公司 平安产险交通出行意外伤害保险（互联网版）条款 注册号：C00001732312022080414693 总则 第一条 本保险合同由保险条款、投保单、保险单、保险凭证以及批单等组成。凡涉及 本保险合同的约定，均应采用书面形式。 第二条 本保险合同的被保险人应为身体健康、能正常工作或正常生活的自然人。 第三条 本保险合同的投保人应为具有完全民事行为能力的被保险人本人、对被保险人 有保险利益的其他组织及个人。 第四条 本保险合同的受益人包括： （一）身故保险金受益人 订立本保险合同时，被保险人或投保人可指定一人或数人为身故保险金受益人。身故保 险金受益人为数人时，应确定其受益顺序和受益份额；未确定受益份额的，各身故保险金受 益人按照相等份额享有受益权。投保人指定受益人时须经被保险人同意。 被保险人死亡后，有下列情形之一的，保险金作为被保险人的遗产，由保险人依照有关 '}, {'content': '五条 与本保险合同有关的以及履行本保险合同产生的一切争议处理适用中华人 民共和国法律（不包括港澳台地区法律）。 其他事项 第二十六条 保险金申请人向保险人请求保险金的诉讼时效，按照有关法律规定执行， 自其知道或者应当知道保险事故之日起计算。 第二十七条 本保险合同涉及的外币与人民币的汇率，以结算当日中华人民共和国中国 人民银行公布的外汇汇率为准。 第二十八条 投保人和保险人可以协商变更合同内容。 变更保险合同的，应当由保险人在保险单或者其他保险凭证上批注或附贴批单，或者投 保人和保险人订立变更的书面协议。 第二十九条 在本保险合同成立后，投保人可以书面形式通知保险人解除合同，但保险 人已根据本保险合同约定给付保险金的除外。 投保人解除本保险合同时，应提供下列证明文件和资料： （一）保险合同解除申请书； （二）保险单； （三）保险费交付凭证； （四）投保人身份证明。 投保人要求解除本保险合同'}, {'content': '故 保险金。 被保险人身故前保险人已给付第（二）款约定的伤残保险金的，身故保险金应扣除已 给付的伤残保险金。 （二）必选责任：伤残保险责任 保险期间内，被保险人因遭受保险单载明的意外伤害事故，并自该事故发生之日起一百 八十日内因该事故造成《人身保险伤残评定标准及代码》（标准编号为 JR/T0083—2013，下 简称《伤残评定标准》）所列伤残之一的，保险人按该表所列给付比例乘以意外伤害保险金 额给付伤残保险金。如第一百八十日治疗仍未结束的，按当日的身体情况进行伤残鉴定，并 据此给付伤残保险金。 1．当同一保险事故造成两处或两处以上伤残时，应首先对各处伤残程度分别进行评定， 如果几处伤残等级不同，以最重的伤残等级作为最终的评定结论；如果两处或两处以上伤残 等级相同，伤残等级在原评定基础上最多晋升一级，最高晋升至第一级。同一部位和性质的 伤残，不应采用《伤残评定标准》条文两条以上或者同一条文两'}, {'content': ' 人因特殊原因不能提供以下材料的，应提供其他合法有效的材料。保险金申请人未能提供有 关材料，导致保险人无法核实该申请的真实性的，保险人对无法核实部分不承担给付保险 金的责任。 （一）身故保险金申请 1．保险金给付申请书； 2．保单号或其他有效保险凭证； 3．保险金申请人的身份证明； 4．公安部门或医疗机构出具的被保险人死亡证明书。若被保险人为宣告死亡，保险金 申请人应提供人民法院出具的宣告死亡证明文件；如本保险合同要求的死亡证明可证明死亡 原因的，可用死亡证明；否则，保险金申请人应提供司法鉴定机构或保险人认可的机构出 具的死因鉴定报告； 5．保险金申请人所能提供的与确认保险事故的性质、原因、损失程度等有关的其他证 明和资料，如承运人或交通安全部门提供的意外事故证明等； 6．若保险金申请人委托他人申请的，还应提供授权委托书原件、委托人和受托人的身 份证明等相关证明文件。 （二）伤残保险金申请'}, {'content': '一般意外、公共交通意外、驾驶意外、乘坐意外'}]","3, 4, 5, 8, 19, 22"
平安驰骋尊享驾乘意外险,产品：平安驰骋尊享驾乘意外险	问题：在宽限期内发生保险事故，保险公司会正常理赔吗？,"根据您提供的保险条款内容，关于宽限期内发生保险事故的理赔问题，需要说明以下几点：

1. 在您提供的条款中，并未明确提及""宽限期""的具体规定
2. 保险合同的效力通常与保费缴纳状态直接相关
3. 如果投保人未按时缴纳保费，保险合同可能处于中止状态

建议您：
- 查阅保险合同中专关于""保费支付""和""合同效力""的条款
- 确认具体的宽限期规定
- 联系平安客服获取准确答复

一般来说，在保险合同有效期内发生保险事故才能获得理赔，具体是否包含宽限期需要以合同明确约定为准。","[{'content': '中国平安财产保险股份有限公司 平安产险交通出行意外伤害保险（互联网版）条款 注册号：C00001732312022080414693 总则 第一条 本保险合同由保险条款、投保单、保险单、保险凭证以及批单等组成。凡涉及 本保险合同的约定，均应采用书面形式。 第二条 本保险合同的被保险人应为身体健康、能正常工作或正常生活的自然人。 第三条 本保险合同的投保人应为具有完全民事行为能力的被保险人本人、对被保险人 有保险利益的其他组织及个人。 第四条 本保险合同的受益人包括： （一）身故保险金受益人 订立本保险合同时，被保险人或投保人可指定一人或数人为身故保险金受益人。身故保 险金受益人为数人时，应确定其受益顺序和受益份额；未确定受益份额的，各身故保险金受 益人按照相等份额享有受益权。投保人指定受益人时须经被保险人同意。 被保险人死亡后，有下列情形之一的，保险金作为被保险人的遗产，由保险人依照有关 '}, {'content': '（二）被保险人自致伤害或自杀，但被保险人自杀时为无民事行为能力人的除外； （三）因被保险人挑衅或故意行为而导致的打斗、被袭击或被谋杀； （四）被保险人妊娠、流产、分娩、疾病、药物过敏、中暑、猝死； （五）被保险人接受整容手术及其他内、外科手术； （六）被保险人未遵医嘱，私自服用、涂用、注射药物； （七）核爆炸、核辐射或核污染； （八）恐怖袭击； （九）被保险人犯罪或拒捕； （九）被保险人从事高风险运动或参加职业或半职业体育运动； （十）被保险人违法、违章搭乘。 第十条 被保险人在下列期间或情形下，遭受伤害导致身故、伤残、医疗费用支出或住 院治疗的，保险人也不承担给付保险金责任： （一）战争、军事行动、暴动或武装叛乱期间； （二）被保险人主动吸食或注射毒品、服用国家管制的精神药品或者麻醉药品期间； （三）被保险人酒后驾车、无有效驾驶证驾驶或驾驶无有效行驶证的机动车期间； （四）被保险人驾驶或'}, {'content': '中国平安财产保险股份有限公司 平安产险附加分期支付保费保险（互联网版）条款 注册号：C00001731922022091538001 总则 第一条 本附加保险合同须附加于各种意外伤害保险、健康保险、家庭财产保险、责任 保险、其他保险合同（以下简称“主保险合同”）。主保险合同所附条款、投保单、保险单、 保险凭证以及批单等，凡与本附加保险合同相关者，均为本附加保险合同的构成部分。凡涉 及本附加保险合同的约定，均应采用书面形式。 若主保险合同与本附加保险合同的条款互有冲突，则以本附加保险合同的条款为准。 本附加保险合同未尽事宜，以主保险合同的条款规定为准。 第二条 本保附加险合同仅限于互联网渠道销售。 保险责任 第三条 兹经投保人和保险人双方同意，本保险合同项下保险费可以按照约定的分期支 付日期和金额支付，具体以保险单载明为准。 在交纳首月保险费后，投保人应当在每月保险费约定支付日交纳对应月份的'}, {'content': '释义的 医院（以下简称“释义医院”）进行治疗，保险人就被保险人自事故发生之日起一百八十日内 实际支出的按照当地社会医疗保险主管部门规定可报销的、必要的、合理的医疗费用，按 保险单载明的免赔额和给付比例给付“意外伤害医疗保险金”。 被保险人无论一次或多次遭受保险单载明的意外伤害事故，保险人均按上述规定分别给 付医疗保险金，但累计给付金额以被保险人的意外伤害医疗保险金额为限，累计给付金额 达到意外伤害医疗保险金额时，对被保险人的该项保险责任终止。 被保险人如果已从其他途径获得补偿，则保险人只承担合理医疗费用剩余部分的保险 责任。 （四）可选责任：住院津贴责任 保险期间内，被保险人因遭受保险单载明的意外伤害事故，并自事故发生之日起一百八 十日内因该事故在符合释义医院进行住院治疗，保险人就被保险人的合理住院天数，按照 保险单载明的意外伤害住院津贴日额计算给付“意外伤害住院津贴保险金”。 被保险人多'}, {'content': '或者牵引，上道路行驶的供人员乘用的轮式车辆，但不包括摩托车和拖拉机。 【意外伤害】指以外来的、突发的、非本意的和非疾病的客观事件为直接且单独的原因 致使身体受到的伤害。 【乘坐民航客机或商业营运的火车、轮船、汽车期间】指自被保险人进入客运民航班机 的舱门、商业营运的火车车厢、轮船甲板或汽车车厢时起，至抵达目的地走出舱门、车厢或 甲板时止的期间。 【医院】指保险人与投保人约定的定点医院，未约定定点医院的，则指经中华人民共和 国卫生部门评审确定的二级或二级以上的公立医院，但不包括主要作为诊所、康复、护理、 休养、静养、戒酒、戒毒等或类似的医疗机构。该医院必须具有符合国家有关医院管理规 则设置标准的医疗设备，且全天二十四小时有合格医师及护士驻院提供医疗及护理服务。 【人身保险伤残评定标准及代码】 《人身保险伤残评定标准及代码》（JR/T 0083—2013）是由中国保险监督管理委员会发布（保监发'}, {'content': '保险金给付申请书； 2．保单号或其他有效保险凭证； 3．被保险人身份证明； 4．释义医院出具的医疗证明和医疗费用原始凭证； 5．保险金申请人所能提供的与确认保险事故的性质、原因、伤害程度等有关的其他证 明和资料，如承运人或交通安全部门提供的意外事故证明等； 6．若保险金申请人委托他人申请的，还应提供授权委托书原件、委托人和受托人的身 份证明等相关证明文件。 争议处理和法律适用 第二十四条 因履行本保险合同发生的争议，由当事人协商解决。协商不成的，提交保 险单载明的仲裁机构仲裁；保险单未载明仲裁机构且争议发生后未达成仲裁协议的，依法向 中华人民共和国境内（不包括港澳台地区）人民法院起诉。 第二十五条 与本保险合同有关的以及履行本保险合同产生的一切争议处理适用中华人 民共和国法律（不包括港澳台地区法律）。 其他事项 第二十六条 保险金申请人向保险人请求保险金的诉讼时效，按照有关法律规定执行， '}, {'content': '无对应取值。'}]","1, 3, 10, 12, 21, 24"
平安驰骋尊享驾乘意外险,产品：平安驰骋尊享驾乘意外险	问题：这款保险是否支持非互联网渠道购买？,"根据提供的条款内容，平安驰骋尊享驾乘意外险**不支持非互联网渠道购买**。

具体依据如下：
1. 《平安产险附加分期支付保费保险（互联网版）》第二条明确规定：""本附加险合同仅限于互联网渠道销售""
2. 《平安产险交通出行意外伤害保险（互联网版）》第五条同样规定：""本保险合同仅限于互联网渠道销售""

这两份条款均明确标注了""互联网版""字样，并明确限定销售渠道为互联网渠道，因此该产品仅能通过互联网渠道购买，不支持传统线下渠道或其他非互联网渠道购买。","[{'content': '中国平安财产保险股份有限公司 平安产险附加分期支付保费保险（互联网版）条款 注册号：C00001731922022091538001 总则 第一条 本附加保险合同须附加于各种意外伤害保险、健康保险、家庭财产保险、责任 保险、其他保险合同（以下简称“主保险合同”）。主保险合同所附条款、投保单、保险单、 保险凭证以及批单等，凡与本附加保险合同相关者，均为本附加保险合同的构成部分。凡涉 及本附加保险合同的约定，均应采用书面形式。 若主保险合同与本附加保险合同的条款互有冲突，则以本附加保险合同的条款为准。 本附加保险合同未尽事宜，以主保险合同的条款规定为准。 第二条 本保附加险合同仅限于互联网渠道销售。 保险责任 第三条 兹经投保人和保险人双方同意，本保险合同项下保险费可以按照约定的分期支 付日期和金额支付，具体以保险单载明为准。 在交纳首月保险费后，投保人应当在每月保险费约定支付日交纳对应月份的'}, {'content': '中国平安财产保险股份有限公司 平安产险交通出行意外伤害保险（互联网版）条款 注册号：C00001732312022080414693 总则 第一条 本保险合同由保险条款、投保单、保险单、保险凭证以及批单等组成。凡涉及 本保险合同的约定，均应采用书面形式。 第二条 本保险合同的被保险人应为身体健康、能正常工作或正常生活的自然人。 第三条 本保险合同的投保人应为具有完全民事行为能力的被保险人本人、对被保险人 有保险利益的其他组织及个人。 第四条 本保险合同的受益人包括： （一）身故保险金受益人 订立本保险合同时，被保险人或投保人可指定一人或数人为身故保险金受益人。身故保 险金受益人为数人时，应确定其受益顺序和受益份额；未确定受益份额的，各身故保险金受 益人按照相等份额享有受益权。投保人指定受益人时须经被保险人同意。 被保险人死亡后，有下列情形之一的，保险金作为被保险人的遗产，由保险人依照有关 '}, {'content': '的酒精含量大于或者等于 80mg/100mL。 【无有效驾驶证】被保险人存在下列情形之一者： （1）无驾驶证，驾驶证被依法扣留、暂扣、吊销、注销； （2）驾驶的机动车与驾驶证载明的准驾车型不符； （3）实习期内驾驶公共汽车、营运客车或者执行任务的警车、载有危险物品的机动车 或牵引挂车的机动车； （4）使用各种专用机械车、特种车的人员无国家有关部门核发的有效操作证、许可证 书或其他必备证书，驾驶出租机动车或营业性机动车无交通运输管理部门核发的许可证书或 其他必备证书。 【无有效行驶证】指下列情形之一： （1）机动车行驶证、号牌被注销的； （2）未按规定检验或检验不合格。 【辅助器具费】指购买、安装或修理假肢、矫形器、假眼、假牙和配置轮椅等辅助器具 的费用。 【不可抗力】指不能预见、不能避免并不能克服的客观情况。 【保险金申请人】指受益人或被保险人的继承人或依法享有保险金请求权的其他自然人。 '}, {'content': '律纠纷，保险人不承担任何责任。 投保人指定或变更身故保险金受益人的，应经被保险人书面同意。被保险人为无民事行 为能力人或限制民事行为能力人的，应由其监护人指定或变更身故保险金受益人。 （二）伤残保险金、医疗保险金和住院津贴保险金受益人 除另有约定外，本保险合同的伤残保险金、医疗保险金和住院津贴保险金的受益人为被 保险人本人。 第五条 本保险合同仅限于互联网渠道销售。 保险责任 第六条 本保险合同可承保以下意外伤害事故类型的一项或多项，具体由保险人和投保 人协商约定，并在保险单中载明。 （一）一般意外：被保险人遭受符合本合同意外伤害定义的所有意外伤害事故； （二）公共交通意外：被保险人以乘客身份乘坐民航客机或商业营运的火车、轮船、汽 车期间遭受的意外伤害事故； （三）驾驶意外：被保险人因驾驶保险单中载明的机动车辆，在行驶过程中或为维护车 辆继续运行（包括加油、加水、故障修理、换胎等）的临时停'}, {'content': '供。 第十六条 保险人收到被保险人的给付保险金的请求后，应当及时作出是否属于保险责 任的核定；情形复杂的，保险人将在确定是否属于保险责任的基本材料收集齐全后，尽快做 出核定。 保险人应当将核定结果通知被保险人；对属于保险责任的，在与被保险人达成给付保险 金的协议后十日内，履行给付保险金义务。保险合同对给付保险金的期限有约定的，保险人 应当按照约定履行给付保险金的义务。保险人依照前款约定作出核定后，对不属于保险责任 的，应当自作出核定之日起三日内向被保险人发出拒绝给付保险金通知书，并说明理由。 第十七条 保险人自收到给付保险金的请求和有关证明、资料之日起六十日内，对其给 付的数额不能确定的，应当根据已有证明和资料可以确定的数额先予支付；保险人最终确定 给付的数额后，应当支付相应的差额。 第十八条 投保人符合保险法规定的退还保险费相关要求的，保险人应当按照保险法相 关规定退还保险单的现金价值。'}, {'content': '、丧葬费。 第十二条 保险金额是保险人承担给付保险金责任的最高限额。 保险金额和保险费 本保险合同可按照保险单载明的意外伤害事故类型约定意外伤害保险金额、意外伤害医 疗保险金额、意外伤害住院津贴保险金额，具体由投保人、保险人双方约定，并在保险单中 载明。 投保人应该按照合同约定向保险人交纳保险费。 第十三条 本保险合同保险期间由保险人和投保人协商确定，并在保单中载明。 保险期间 保险人义务 第十四条 本保险合同成立后，保险人应当及时向投保人签发保险单或其他保险凭证。 第十五条 保险人按照本保险合同的约定，认为被保险人提供的有关索赔的证明和资料 不完整的，应当及时一次性通知投保人、被保险人补充提供。 第十六条 保险人收到被保险人的给付保险金的请求后，应当及时作出是否属于保险责 任的核定；情形复杂的，保险人将在确定是否属于保险责任的基本材料收集齐全后，尽快做 出核定。 保险人应当将核定结果通知'}]","1, 3, 5, 14, 15, 27"
平安驰骋尊享驾乘意外险,产品：平安驰骋尊享驾乘意外险	问题：被保险人需要满足哪些健康条件才能投保？,"根据提供的保险条款内容，平安驰骋尊享驾乘意外险并未对被保险人的健康状况设置特定的投保条件要求。该产品主要保障的是因意外伤害导致的风险，而非疾病相关的风险。

需要注意的是，条款中明确将以下情形列为责任免除：
- 被保险人妊娠、流产、分娩、疾病、药物过敏、中暑、猝死
- 被保险人接受整容手术及其他内、外科手术
- 被保险人未遵医嘱，私自服用、涂用、注射药物

这表明该保险产品主要针对的是外来的、突发的、非本意的意外伤害事故，而不保障因疾病或健康状况导致的风险。投保时建议仔细阅读完整的保险合同条款，如有特定健康问题可咨询平安保险客服确认是否会影响投保。","[{'content': '（二）被保险人自致伤害或自杀，但被保险人自杀时为无民事行为能力人的除外； （三）因被保险人挑衅或故意行为而导致的打斗、被袭击或被谋杀； （四）被保险人妊娠、流产、分娩、疾病、药物过敏、中暑、猝死； （五）被保险人接受整容手术及其他内、外科手术； （六）被保险人未遵医嘱，私自服用、涂用、注射药物； （七）核爆炸、核辐射或核污染； （八）恐怖袭击； （九）被保险人犯罪或拒捕； （九）被保险人从事高风险运动或参加职业或半职业体育运动； （十）被保险人违法、违章搭乘。 第十条 被保险人在下列期间或情形下，遭受伤害导致身故、伤残、医疗费用支出或住 院治疗的，保险人也不承担给付保险金责任： （一）战争、军事行动、暴动或武装叛乱期间； （二）被保险人主动吸食或注射毒品、服用国家管制的精神药品或者麻醉药品期间； （三）被保险人酒后驾车、无有效驾驶证驾驶或驾驶无有效行驶证的机动车期间； （四）被保险人驾驶或'}, {'content': '装或修理假肢、矫形器、假眼、假牙和配置轮椅等辅助器具 的费用。 【不可抗力】指不能预见、不能避免并不能克服的客观情况。 【保险金申请人】指受益人或被保险人的继承人或依法享有保险金请求权的其他自然人。 【保险单的现金价值】保险期间为一年及以内的，计算方法为：净保费×[1－（保险单 已经过天数/保险期间天数）]，经过天数不足一天的按一天计算。 保险期间为一年以上的，计算方法由投保人、保险人依据法律法规、人身保险精算规定 确定，并在保险合同中载明；如保险合同未载明的，则计算方法为净保费×[1－（保险单已 经过天数/保险期间天数）]，经过天数不足一天的按一天计算。 【保险人认可的机构】指有执业资格的医疗机构、公安机关、法院，其出具的包含死亡 原因和时间的身故证明，须加盖有效的公章。'}, {'content': '保险合同约定给付保险金的除外。 投保人解除本保险合同时，应提供下列证明文件和资料： （一）保险合同解除申请书； （二）保险单； （三）保险费交付凭证； （四）投保人身份证明。 投保人要求解除本保险合同，自保险人接到保险合同解除申请书之时起，本保险合同 的效力终止。保险人收到上述证明文件和资料之日起三十日内退还保险单的保险单的现金 价值。 第三十条 释义 【保险单中载明的机动车辆】指投保人与保险人可就具体机动车辆（需载明用于识别机 动车辆的车牌号、车驾号等信息）、某一类型的机动车辆进行约定，并在保险单中载明；保 险单中未载明机动车辆时，指在中华人民共和国境内（不含港、澳、台地区）以动力装置驱 动或者牵引，上道路行驶的供人员乘用的轮式车辆，但不包括摩托车和拖拉机。 【意外伤害】指以外来的、突发的、非本意的和非疾病的客观事件为直接且单独的原因 致使身体受到的伤害。 【乘坐民航客机或商业营运的火车'}, {'content': '的酒精含量大于或者等于 80mg/100mL。 【无有效驾驶证】被保险人存在下列情形之一者： （1）无驾驶证，驾驶证被依法扣留、暂扣、吊销、注销； （2）驾驶的机动车与驾驶证载明的准驾车型不符； （3）实习期内驾驶公共汽车、营运客车或者执行任务的警车、载有危险物品的机动车 或牵引挂车的机动车； （4）使用各种专用机械车、特种车的人员无国家有关部门核发的有效操作证、许可证 书或其他必备证书，驾驶出租机动车或营业性机动车无交通运输管理部门核发的许可证书或 其他必备证书。 【无有效行驶证】指下列情形之一： （1）机动车行驶证、号牌被注销的； （2）未按规定检验或检验不合格。 【辅助器具费】指购买、安装或修理假肢、矫形器、假眼、假牙和配置轮椅等辅助器具 的费用。 【不可抗力】指不能预见、不能避免并不能克服的客观情况。 【保险金申请人】指受益人或被保险人的继承人或依法享有保险金请求权的其他自然人。 '}, {'content': '或者牵引，上道路行驶的供人员乘用的轮式车辆，但不包括摩托车和拖拉机。 【意外伤害】指以外来的、突发的、非本意的和非疾病的客观事件为直接且单独的原因 致使身体受到的伤害。 【乘坐民航客机或商业营运的火车、轮船、汽车期间】指自被保险人进入客运民航班机 的舱门、商业营运的火车车厢、轮船甲板或汽车车厢时起，至抵达目的地走出舱门、车厢或 甲板时止的期间。 【医院】指保险人与投保人约定的定点医院，未约定定点医院的，则指经中华人民共和 国卫生部门评审确定的二级或二级以上的公立医院，但不包括主要作为诊所、康复、护理、 休养、静养、戒酒、戒毒等或类似的医疗机构。该医院必须具有符合国家有关医院管理规 则设置标准的医疗设备，且全天二十四小时有合格医师及护士驻院提供医疗及护理服务。 【人身保险伤残评定标准及代码】 《人身保险伤残评定标准及代码》（JR/T 0083—2013）是由中国保险监督管理委员会发布（保监发'}, {'content': '律纠纷，保险人不承担任何责任。 投保人指定或变更身故保险金受益人的，应经被保险人书面同意。被保险人为无民事行 为能力人或限制民事行为能力人的，应由其监护人指定或变更身故保险金受益人。 （二）伤残保险金、医疗保险金和住院津贴保险金受益人 除另有约定外，本保险合同的伤残保险金、医疗保险金和住院津贴保险金的受益人为被 保险人本人。 第五条 本保险合同仅限于互联网渠道销售。 保险责任 第六条 本保险合同可承保以下意外伤害事故类型的一项或多项，具体由保险人和投保 人协商约定，并在保险单中载明。 （一）一般意外：被保险人遭受符合本合同意外伤害定义的所有意外伤害事故； （二）公共交通意外：被保险人以乘客身份乘坐民航客机或商业营运的火车、轮船、汽 车期间遭受的意外伤害事故； （三）驾驶意外：被保险人因驾驶保险单中载明的机动车辆，在行驶过程中或为维护车 辆继续运行（包括加油、加水、故障修理、换胎等）的临时停'}, {'content': '无对应取值。'}]","5, 12, 23, 24, 27, 28"
平安驰骋尊享驾乘意外险,产品：平安驰骋尊享驾乘意外险	问题：伤残保险金的受益人通常是谁？,根据平安驰骋尊享驾乘意外险条款第四条第（二）款规定，伤残保险金的受益人通常为被保险人本人。除非保险合同另有特别约定，否则伤残保险金将直接给付给被保险人。,"[{'content': '中国平安财产保险股份有限公司 平安产险交通出行意外伤害保险（互联网版）条款 注册号：C00001732312022080414693 总则 第一条 本保险合同由保险条款、投保单、保险单、保险凭证以及批单等组成。凡涉及 本保险合同的约定，均应采用书面形式。 第二条 本保险合同的被保险人应为身体健康、能正常工作或正常生活的自然人。 第三条 本保险合同的投保人应为具有完全民事行为能力的被保险人本人、对被保险人 有保险利益的其他组织及个人。 第四条 本保险合同的受益人包括： （一）身故保险金受益人 订立本保险合同时，被保险人或投保人可指定一人或数人为身故保险金受益人。身故保 险金受益人为数人时，应确定其受益顺序和受益份额；未确定受益份额的，各身故保险金受 益人按照相等份额享有受益权。投保人指定受益人时须经被保险人同意。 被保险人死亡后，有下列情形之一的，保险金作为被保险人的遗产，由保险人依照有关 '}, {'content': '律纠纷，保险人不承担任何责任。 投保人指定或变更身故保险金受益人的，应经被保险人书面同意。被保险人为无民事行 为能力人或限制民事行为能力人的，应由其监护人指定或变更身故保险金受益人。 （二）伤残保险金、医疗保险金和住院津贴保险金受益人 除另有约定外，本保险合同的伤残保险金、医疗保险金和住院津贴保险金的受益人为被 保险人本人。 第五条 本保险合同仅限于互联网渠道销售。 保险责任 第六条 本保险合同可承保以下意外伤害事故类型的一项或多项，具体由保险人和投保 人协商约定，并在保险单中载明。 （一）一般意外：被保险人遭受符合本合同意外伤害定义的所有意外伤害事故； （二）公共交通意外：被保险人以乘客身份乘坐民航客机或商业营运的火车、轮船、汽 车期间遭受的意外伤害事故； （三）驾驶意外：被保险人因驾驶保险单中载明的机动车辆，在行驶过程中或为维护车 辆继续运行（包括加油、加水、故障修理、换胎等）的临时停'}, {'content': '其受益顺序和受益份额；未确定受益份额的，各身故保险金受 益人按照相等份额享有受益权。投保人指定受益人时须经被保险人同意。 被保险人死亡后，有下列情形之一的，保险金作为被保险人的遗产，由保险人依照有关 法律法规履行给付保险金的义务： 1.没有指定受益人，或者受益人指定不明无法确定的； 2.受益人先于被保险人死亡，没有其他受益人的； 3.受益人依法丧失受益权或者放弃受益权，没有其他受益人的。 受益人与被保险人在同一事件中死亡，且不能确定死亡先后顺序的，推定受益人死亡在 先。 被保险人或投保人可以变更身故保险金受益人，但需书面通知保险人，由保险人在本保 险合同上批注。对因身故保险金受益人变更发生的法律纠纷，保险人不承担任何责任。 投保人指定或变更身故保险金受益人的，应经被保险人书面同意。被保险人为无民事行 为能力人或限制民事行为能力人的，应由其监护人指定或变更身故保险金受益人。 （二）伤残保险金'}, {'content': ' 人因特殊原因不能提供以下材料的，应提供其他合法有效的材料。保险金申请人未能提供有 关材料，导致保险人无法核实该申请的真实性的，保险人对无法核实部分不承担给付保险 金的责任。 （一）身故保险金申请 1．保险金给付申请书； 2．保单号或其他有效保险凭证； 3．保险金申请人的身份证明； 4．公安部门或医疗机构出具的被保险人死亡证明书。若被保险人为宣告死亡，保险金 申请人应提供人民法院出具的宣告死亡证明文件；如本保险合同要求的死亡证明可证明死亡 原因的，可用死亡证明；否则，保险金申请人应提供司法鉴定机构或保险人认可的机构出 具的死因鉴定报告； 5．保险金申请人所能提供的与确认保险事故的性质、原因、损失程度等有关的其他证 明和资料，如承运人或交通安全部门提供的意外事故证明等； 6．若保险金申请人委托他人申请的，还应提供授权委托书原件、委托人和受托人的身 份证明等相关证明文件。 （二）伤残保险金申请'}, {'content': '根据已有证明和资料可以确定的数额先予支付；保险人最终确定 给付的数额后，应当支付相应的差额。 第十八条 投保人符合保险法规定的退还保险费相关要求的，保险人应当按照保险法相 关规定退还保险单的现金价值。 投保人、被保险人义务 第十九条 除另有约定外，投保人应当在保险合同成立时交清保险费。 第二十条 订立保险合同，保险人就被保险人的有关情况提出询问的，投保人应当如实 告知。 投保人故意或者因重大过失未履行前款规定的义务，足以影响保险人决定是否同意承 保或者提高保险费率的，保险人有权解除本保险合同。 前款规定的合同解除权，自保险人知道有解除事由之日起，超过三十日不行使而消灭。 自合同成立之日起超过二年的，保险人不得解除合同；发生保险事故的，保险人应当承担给 付保险金责任。 投保人故意不履行如实告知义务的，保险人对于合同解除前发生的保险事故，不承担 给付保险金责任，并不退还保险费。 投保人因重大过'}, {'content': '、丧葬费。 第十二条 保险金额是保险人承担给付保险金责任的最高限额。 保险金额和保险费 本保险合同可按照保险单载明的意外伤害事故类型约定意外伤害保险金额、意外伤害医 疗保险金额、意外伤害住院津贴保险金额，具体由投保人、保险人双方约定，并在保险单中 载明。 投保人应该按照合同约定向保险人交纳保险费。 第十三条 本保险合同保险期间由保险人和投保人协商确定，并在保单中载明。 保险期间 保险人义务 第十四条 本保险合同成立后，保险人应当及时向投保人签发保险单或其他保险凭证。 第十五条 保险人按照本保险合同的约定，认为被保险人提供的有关索赔的证明和资料 不完整的，应当及时一次性通知投保人、被保险人补充提供。 第十六条 保险人收到被保险人的给付保险金的请求后，应当及时作出是否属于保险责 任的核定；情形复杂的，保险人将在确定是否属于保险责任的基本材料收集齐全后，尽快做 出核定。 保险人应当将核定结果通知'}, {'content': '一般意外、公共交通意外、驾驶意外、乘坐意外'}]","3, 4, 5, 14, 16, 19"
平安驰骋尊享驾乘意外险,产品：平安驰骋尊享驾乘意外险	问题：公共交通意外具体包含哪些交通工具？,"根据平安驰骋尊享驾乘意外险条款第六条第（二）款规定，公共交通意外包含以下交通工具：

**被保险人以乘客身份乘坐的：**
- 民航客机
- 商业营运的火车
- 商业营运的轮船
- 商业营运的汽车

需要注意的是，保障范围仅限于被保险人作为乘客乘坐上述商业营运交通工具期间发生的意外伤害事故。","[{'content': '中国平安财产保险股份有限公司 平安产险交通出行意外伤害保险（互联网版）条款 注册号：C00001732312022080414693 总则 第一条 本保险合同由保险条款、投保单、保险单、保险凭证以及批单等组成。凡涉及 本保险合同的约定，均应采用书面形式。 第二条 本保险合同的被保险人应为身体健康、能正常工作或正常生活的自然人。 第三条 本保险合同的投保人应为具有完全民事行为能力的被保险人本人、对被保险人 有保险利益的其他组织及个人。 第四条 本保险合同的受益人包括： （一）身故保险金受益人 订立本保险合同时，被保险人或投保人可指定一人或数人为身故保险金受益人。身故保 险金受益人为数人时，应确定其受益顺序和受益份额；未确定受益份额的，各身故保险金受 益人按照相等份额享有受益权。投保人指定受益人时须经被保险人同意。 被保险人死亡后，有下列情形之一的，保险金作为被保险人的遗产，由保险人依照有关 '}, {'content': '的酒精含量大于或者等于 80mg/100mL。 【无有效驾驶证】被保险人存在下列情形之一者： （1）无驾驶证，驾驶证被依法扣留、暂扣、吊销、注销； （2）驾驶的机动车与驾驶证载明的准驾车型不符； （3）实习期内驾驶公共汽车、营运客车或者执行任务的警车、载有危险物品的机动车 或牵引挂车的机动车； （4）使用各种专用机械车、特种车的人员无国家有关部门核发的有效操作证、许可证 书或其他必备证书，驾驶出租机动车或营业性机动车无交通运输管理部门核发的许可证书或 其他必备证书。 【无有效行驶证】指下列情形之一： （1）机动车行驶证、号牌被注销的； （2）未按规定检验或检验不合格。 【辅助器具费】指购买、安装或修理假肢、矫形器、假眼、假牙和配置轮椅等辅助器具 的费用。 【不可抗力】指不能预见、不能避免并不能克服的客观情况。 【保险金申请人】指受益人或被保险人的继承人或依法享有保险金请求权的其他自然人。 '}, {'content': '失程度等有关的其他证 明和资料，如承运人或交通安全部门提供的意外事故证明等； 6．若保险金申请人委托他人申请的，还应提供授权委托书原件、委托人和受托人的身 份证明等相关证明文件。 （二）伤残保险金申请 1．保险金给付申请书； 2．保单号或其他有效保险凭证； 3．被保险人身份证明； 4．司法鉴定机构出具的伤残鉴定诊断书； 5．保险金申请人所能提供的与确认保险事故的性质、原因、损失程度等有关的其他证 明和资料，如承运人或交通安全部门提供的意外事故证明等； 6．若保险金申请人委托他人申请的，还应提供授权委托书原件、委托人和受托人的身 份证明等相关证明文件。 （三）医疗保险金及住院津贴保险金申请 1．保险金给付申请书； 2．保单号或其他有效保险凭证； 3．被保险人身份证明； 4．释义医院出具的医疗证明和医疗费用原始凭证； 5．保险金申请人所能提供的与确认保险事故的性质、原因、伤害程度等有关的其他证'}, {'content': '律纠纷，保险人不承担任何责任。 投保人指定或变更身故保险金受益人的，应经被保险人书面同意。被保险人为无民事行 为能力人或限制民事行为能力人的，应由其监护人指定或变更身故保险金受益人。 （二）伤残保险金、医疗保险金和住院津贴保险金受益人 除另有约定外，本保险合同的伤残保险金、医疗保险金和住院津贴保险金的受益人为被 保险人本人。 第五条 本保险合同仅限于互联网渠道销售。 保险责任 第六条 本保险合同可承保以下意外伤害事故类型的一项或多项，具体由保险人和投保 人协商约定，并在保险单中载明。 （一）一般意外：被保险人遭受符合本合同意外伤害定义的所有意外伤害事故； （二）公共交通意外：被保险人以乘客身份乘坐民航客机或商业营运的火车、轮船、汽 车期间遭受的意外伤害事故； （三）驾驶意外：被保险人因驾驶保险单中载明的机动车辆，在行驶过程中或为维护车 辆继续运行（包括加油、加水、故障修理、换胎等）的临时停'}, {'content': '（二）被保险人自致伤害或自杀，但被保险人自杀时为无民事行为能力人的除外； （三）因被保险人挑衅或故意行为而导致的打斗、被袭击或被谋杀； （四）被保险人妊娠、流产、分娩、疾病、药物过敏、中暑、猝死； （五）被保险人接受整容手术及其他内、外科手术； （六）被保险人未遵医嘱，私自服用、涂用、注射药物； （七）核爆炸、核辐射或核污染； （八）恐怖袭击； （九）被保险人犯罪或拒捕； （九）被保险人从事高风险运动或参加职业或半职业体育运动； （十）被保险人违法、违章搭乘。 第十条 被保险人在下列期间或情形下，遭受伤害导致身故、伤残、医疗费用支出或住 院治疗的，保险人也不承担给付保险金责任： （一）战争、军事行动、暴动或武装叛乱期间； （二）被保险人主动吸食或注射毒品、服用国家管制的精神药品或者麻醉药品期间； （三）被保险人酒后驾车、无有效驾驶证驾驶或驾驶无有效行驶证的机动车期间； （四）被保险人驾驶或'}, {'content': '保险合同约定给付保险金的除外。 投保人解除本保险合同时，应提供下列证明文件和资料： （一）保险合同解除申请书； （二）保险单； （三）保险费交付凭证； （四）投保人身份证明。 投保人要求解除本保险合同，自保险人接到保险合同解除申请书之时起，本保险合同 的效力终止。保险人收到上述证明文件和资料之日起三十日内退还保险单的保险单的现金 价值。 第三十条 释义 【保险单中载明的机动车辆】指投保人与保险人可就具体机动车辆（需载明用于识别机 动车辆的车牌号、车驾号等信息）、某一类型的机动车辆进行约定，并在保险单中载明；保 险单中未载明机动车辆时，指在中华人民共和国境内（不含港、澳、台地区）以动力装置驱 动或者牵引，上道路行驶的供人员乘用的轮式车辆，但不包括摩托车和拖拉机。 【意外伤害】指以外来的、突发的、非本意的和非疾病的客观事件为直接且单独的原因 致使身体受到的伤害。 【乘坐民航客机或商业营运的火车'}, {'content': '一般意外、公共交通意外、驾驶意外、乘坐意外'}]","3, 5, 12, 20, 23, 27"
平安驰骋尊享驾乘意外险,产品：平安驰骋尊享驾乘意外险	问题：如果受益人与被保险人在同起事故中死亡，保险金如何分配？,"根据平安驰骋尊享驾乘意外险条款规定，当受益人与被保险人在同一事故中死亡时：

1. 如果能确定死亡先后顺序，按实际死亡顺序处理

2. 如果无法确定死亡先后顺序，**推定受益人死亡在先**

在此情况下，保险金将作为被保险人的遗产，由保险人依照相关法律法规履行给付保险金的义务，按照法定继承顺序分配给被保险人的合法继承人。

具体分配将依据《中华人民共和国继承法》等相关法律规定执行，通常按照以下顺序：
- 第一顺序：配偶、子女、父母
- 第二顺序：兄弟姐妹、祖父母、外祖父母

建议在实际理赔时提供相关死亡证明和继承关系证明文件，以便保险公司准确处理保险金给付事宜。","[{'content': '中国平安财产保险股份有限公司 平安产险交通出行意外伤害保险（互联网版）条款 注册号：C00001732312022080414693 总则 第一条 本保险合同由保险条款、投保单、保险单、保险凭证以及批单等组成。凡涉及 本保险合同的约定，均应采用书面形式。 第二条 本保险合同的被保险人应为身体健康、能正常工作或正常生活的自然人。 第三条 本保险合同的投保人应为具有完全民事行为能力的被保险人本人、对被保险人 有保险利益的其他组织及个人。 第四条 本保险合同的受益人包括： （一）身故保险金受益人 订立本保险合同时，被保险人或投保人可指定一人或数人为身故保险金受益人。身故保 险金受益人为数人时，应确定其受益顺序和受益份额；未确定受益份额的，各身故保险金受 益人按照相等份额享有受益权。投保人指定受益人时须经被保险人同意。 被保险人死亡后，有下列情形之一的，保险金作为被保险人的遗产，由保险人依照有关 '}, {'content': '其受益顺序和受益份额；未确定受益份额的，各身故保险金受 益人按照相等份额享有受益权。投保人指定受益人时须经被保险人同意。 被保险人死亡后，有下列情形之一的，保险金作为被保险人的遗产，由保险人依照有关 法律法规履行给付保险金的义务： 1.没有指定受益人，或者受益人指定不明无法确定的； 2.受益人先于被保险人死亡，没有其他受益人的； 3.受益人依法丧失受益权或者放弃受益权，没有其他受益人的。 受益人与被保险人在同一事件中死亡，且不能确定死亡先后顺序的，推定受益人死亡在 先。 被保险人或投保人可以变更身故保险金受益人，但需书面通知保险人，由保险人在本保 险合同上批注。对因身故保险金受益人变更发生的法律纠纷，保险人不承担任何责任。 投保人指定或变更身故保险金受益人的，应经被保险人书面同意。被保险人为无民事行 为能力人或限制民事行为能力人的，应由其监护人指定或变更身故保险金受益人。 （二）伤残保险金'}, {'content': '律纠纷，保险人不承担任何责任。 投保人指定或变更身故保险金受益人的，应经被保险人书面同意。被保险人为无民事行 为能力人或限制民事行为能力人的，应由其监护人指定或变更身故保险金受益人。 （二）伤残保险金、医疗保险金和住院津贴保险金受益人 除另有约定外，本保险合同的伤残保险金、医疗保险金和住院津贴保险金的受益人为被 保险人本人。 第五条 本保险合同仅限于互联网渠道销售。 保险责任 第六条 本保险合同可承保以下意外伤害事故类型的一项或多项，具体由保险人和投保 人协商约定，并在保险单中载明。 （一）一般意外：被保险人遭受符合本合同意外伤害定义的所有意外伤害事故； （二）公共交通意外：被保险人以乘客身份乘坐民航客机或商业营运的火车、轮船、汽 车期间遭受的意外伤害事故； （三）驾驶意外：被保险人因驾驶保险单中载明的机动车辆，在行驶过程中或为维护车 辆继续运行（包括加油、加水、故障修理、换胎等）的临时停'}, {'content': '故 保险金。 被保险人身故前保险人已给付第（二）款约定的伤残保险金的，身故保险金应扣除已 给付的伤残保险金。 （二）必选责任：伤残保险责任 保险期间内，被保险人因遭受保险单载明的意外伤害事故，并自该事故发生之日起一百 八十日内因该事故造成《人身保险伤残评定标准及代码》（标准编号为 JR/T0083—2013，下 简称《伤残评定标准》）所列伤残之一的，保险人按该表所列给付比例乘以意外伤害保险金 额给付伤残保险金。如第一百八十日治疗仍未结束的，按当日的身体情况进行伤残鉴定，并 据此给付伤残保险金。 1．当同一保险事故造成两处或两处以上伤残时，应首先对各处伤残程度分别进行评定， 如果几处伤残等级不同，以最重的伤残等级作为最终的评定结论；如果两处或两处以上伤残 等级相同，伤残等级在原评定基础上最多晋升一级，最高晋升至第一级。同一部位和性质的 伤残，不应采用《伤残评定标准》条文两条以上或者同一条文两'}, {'content': '乘坐民航客机或商业营运的火车、轮船、汽 车期间遭受的意外伤害事故； （三）驾驶意外：被保险人因驾驶保险单中载明的机动车辆，在行驶过程中或为维护车 辆继续运行（包括加油、加水、故障修理、换胎等）的临时停放过程中遭受意外伤害事故； （四）乘坐意外：被保险人因乘坐保险单中载明的机动车辆，在行驶过程中或为维护车 辆继续运行（包括加油、加水、故障修理、换胎等）的临时停放过程中遭受意外伤害事故。 第七条 本保险合同的保险责任分为“必选责任”及“可选责任”。投保人在已投保“必 选责任”的前提下，可以投保“可选责任”，若投保人未投保“必选责任”，则不可单独投 保“可选责任”。保险责任由投保人在投保时与保险人协商确定，并在保险合同中载明。 第八条 保险期间内，被保险人因遭受保险单载明的意外伤害事故，导致身故、伤残、 医疗费用支出或住院治疗的，保险人依照下列约定给付保险金。 （一）必选责任：身故保险责任 保险'}, {'content': '商确定，并在保险合同中载明。 第八条 保险期间内，被保险人因遭受保险单载明的意外伤害事故，导致身故、伤残、 医疗费用支出或住院治疗的，保险人依照下列约定给付保险金。 （一）必选责任：身故保险责任 保险期间内，被保险人遭受保险单载明的意外伤害事故，并自事故发生之日起一百八十 日内因该事故身故的，保险人按意外伤害保险金额给付身故保险金，对被保险人的保险责任 终止。 被保险人因遭受保险单载明的意外伤害事故且自该事故发生日起下落不明，后经人民法 院宣告死亡的，保险人按意外伤害保险金额给付身故保险金。但若被保险人被宣告死亡后生 还的，保险金受领人应于知道或应当知道被保险人生还后三十日内退还保险人给付的身故 保险金。 被保险人身故前保险人已给付第（二）款约定的伤残保险金的，身故保险金应扣除已 给付的伤残保险金。 （二）必选责任：伤残保险责任 保险期间内，被保险人因遭受保险单载明的意外伤害事故，并自该事'}, {'content': '一般意外、公共交通意外、驾驶意外、乘坐意外'}]","3, 4, 5, 6, 7, 8"
平安驰骋尊享驾乘意外险,产品：平安驰骋尊享驾乘意外险	问题：驾驶意外保障是否包含临时停车时的意外事故？,"根据平安驰骋尊享驾乘意外险条款规定，**驾驶意外保障确实包含临时停车时的意外事故**。

具体说明如下：
在条款第六条第（三）项""驾驶意外""中明确约定，保障范围包括：
- 被保险人在驾驶保险单载明的机动车辆行驶过程中
- **为维护车辆继续运行的临时停放过程中**（包括加油、加水、故障修理、换胎等）遭受的意外伤害事故

这意味着，如果临时停车是为了进行加油、加水、故障修理、换胎等维护车辆继续运行的必要操作，在此期间发生的意外事故属于保险责任范围。

但需要注意的是，此类临时停放必须是为了车辆维护目的，而非其他原因的临时停车。","[{'content': '乘坐民航客机或商业营运的火车、轮船、汽 车期间遭受的意外伤害事故； （三）驾驶意外：被保险人因驾驶保险单中载明的机动车辆，在行驶过程中或为维护车 辆继续运行（包括加油、加水、故障修理、换胎等）的临时停放过程中遭受意外伤害事故； （四）乘坐意外：被保险人因乘坐保险单中载明的机动车辆，在行驶过程中或为维护车 辆继续运行（包括加油、加水、故障修理、换胎等）的临时停放过程中遭受意外伤害事故。 第七条 本保险合同的保险责任分为“必选责任”及“可选责任”。投保人在已投保“必 选责任”的前提下，可以投保“可选责任”，若投保人未投保“必选责任”，则不可单独投 保“可选责任”。保险责任由投保人在投保时与保险人协商确定，并在保险合同中载明。 第八条 保险期间内，被保险人因遭受保险单载明的意外伤害事故，导致身故、伤残、 医疗费用支出或住院治疗的，保险人依照下列约定给付保险金。 （一）必选责任：身故保险责任 保险'}, {'content': '律纠纷，保险人不承担任何责任。 投保人指定或变更身故保险金受益人的，应经被保险人书面同意。被保险人为无民事行 为能力人或限制民事行为能力人的，应由其监护人指定或变更身故保险金受益人。 （二）伤残保险金、医疗保险金和住院津贴保险金受益人 除另有约定外，本保险合同的伤残保险金、医疗保险金和住院津贴保险金的受益人为被 保险人本人。 第五条 本保险合同仅限于互联网渠道销售。 保险责任 第六条 本保险合同可承保以下意外伤害事故类型的一项或多项，具体由保险人和投保 人协商约定，并在保险单中载明。 （一）一般意外：被保险人遭受符合本合同意外伤害定义的所有意外伤害事故； （二）公共交通意外：被保险人以乘客身份乘坐民航客机或商业营运的火车、轮船、汽 车期间遭受的意外伤害事故； （三）驾驶意外：被保险人因驾驶保险单中载明的机动车辆，在行驶过程中或为维护车 辆继续运行（包括加油、加水、故障修理、换胎等）的临时停'}, {'content': '、丧葬费。 第十二条 保险金额是保险人承担给付保险金责任的最高限额。 保险金额和保险费 本保险合同可按照保险单载明的意外伤害事故类型约定意外伤害保险金额、意外伤害医 疗保险金额、意外伤害住院津贴保险金额，具体由投保人、保险人双方约定，并在保险单中 载明。 投保人应该按照合同约定向保险人交纳保险费。 第十三条 本保险合同保险期间由保险人和投保人协商确定，并在保单中载明。 保险期间 保险人义务 第十四条 本保险合同成立后，保险人应当及时向投保人签发保险单或其他保险凭证。 第十五条 保险人按照本保险合同的约定，认为被保险人提供的有关索赔的证明和资料 不完整的，应当及时一次性通知投保人、被保险人补充提供。 第十六条 保险人收到被保险人的给付保险金的请求后，应当及时作出是否属于保险责 任的核定；情形复杂的，保险人将在确定是否属于保险责任的基本材料收集齐全后，尽快做 出核定。 保险人应当将核定结果通知'}, {'content': '（二）被保险人自致伤害或自杀，但被保险人自杀时为无民事行为能力人的除外； （三）因被保险人挑衅或故意行为而导致的打斗、被袭击或被谋杀； （四）被保险人妊娠、流产、分娩、疾病、药物过敏、中暑、猝死； （五）被保险人接受整容手术及其他内、外科手术； （六）被保险人未遵医嘱，私自服用、涂用、注射药物； （七）核爆炸、核辐射或核污染； （八）恐怖袭击； （九）被保险人犯罪或拒捕； （九）被保险人从事高风险运动或参加职业或半职业体育运动； （十）被保险人违法、违章搭乘。 第十条 被保险人在下列期间或情形下，遭受伤害导致身故、伤残、医疗费用支出或住 院治疗的，保险人也不承担给付保险金责任： （一）战争、军事行动、暴动或武装叛乱期间； （二）被保险人主动吸食或注射毒品、服用国家管制的精神药品或者麻醉药品期间； （三）被保险人酒后驾车、无有效驾驶证驾驶或驾驶无有效行驶证的机动车期间； （四）被保险人驾驶或'}, {'content': '的酒精含量大于或者等于 80mg/100mL。 【无有效驾驶证】被保险人存在下列情形之一者： （1）无驾驶证，驾驶证被依法扣留、暂扣、吊销、注销； （2）驾驶的机动车与驾驶证载明的准驾车型不符； （3）实习期内驾驶公共汽车、营运客车或者执行任务的警车、载有危险物品的机动车 或牵引挂车的机动车； （4）使用各种专用机械车、特种车的人员无国家有关部门核发的有效操作证、许可证 书或其他必备证书，驾驶出租机动车或营业性机动车无交通运输管理部门核发的许可证书或 其他必备证书。 【无有效行驶证】指下列情形之一： （1）机动车行驶证、号牌被注销的； （2）未按规定检验或检验不合格。 【辅助器具费】指购买、安装或修理假肢、矫形器、假眼、假牙和配置轮椅等辅助器具 的费用。 【不可抗力】指不能预见、不能避免并不能克服的客观情况。 【保险金申请人】指受益人或被保险人的继承人或依法享有保险金请求权的其他自然人。 '}, {'content': '意外伤害事故，并自事故发生之日起一百八 十日内因该事故在符合释义医院进行住院治疗，保险人就被保险人的合理住院天数，按照 保险单载明的意外伤害住院津贴日额计算给付“意外伤害住院津贴保险金”。 被保险人多次遭受保险单载明的意外伤害事故进行住院治疗，保险人均按上述规定分别 给付意外伤害住院津贴保险金，但保险人一次或多次累计给付意外伤害住院津贴保险金的 天数以一百八十天为限，当累计给付天数达到一百八十天时，本附加保险合同对被保险人 的保险责任终止。 责任免除 第九条 因下列原因造成被保险人身故、伤残、医疗费用支出或住院治疗的，保险人不 承担给付保险金责任： （一）投保人、被保险人或驾驶人的故意行为； （二）被保险人自致伤害或自杀，但被保险人自杀时为无民事行为能力人的除外； （三）因被保险人挑衅或故意行为而导致的打斗、被袭击或被谋杀； （四）被保险人妊娠、流产、分娩、疾病、药物过敏、中暑、猝死； （'}, {'content': '一般意外、公共交通意外、驾驶意外、乘坐意外'}]","5, 6, 11, 12, 14, 27"
平安驰骋尊享驾乘意外险,产品：平安驰骋尊享驾乘意外险	问题：医疗保险金和住院津贴的受益人是谁？,"根据平安驰骋尊享驾乘意外险条款第四条第（二）款规定：

**医疗保险金和住院津贴的受益人均为被保险人本人**。

除非在保险合同中另有特别约定，否则伤残保险金、医疗保险金和住院津贴保险金的受益人都默认为被保险人本人。这与身故保险金受益人可由投保人指定（需经被保险人同意）的规定是不同的。","[{'content': '律纠纷，保险人不承担任何责任。 投保人指定或变更身故保险金受益人的，应经被保险人书面同意。被保险人为无民事行 为能力人或限制民事行为能力人的，应由其监护人指定或变更身故保险金受益人。 （二）伤残保险金、医疗保险金和住院津贴保险金受益人 除另有约定外，本保险合同的伤残保险金、医疗保险金和住院津贴保险金的受益人为被 保险人本人。 第五条 本保险合同仅限于互联网渠道销售。 保险责任 第六条 本保险合同可承保以下意外伤害事故类型的一项或多项，具体由保险人和投保 人协商约定，并在保险单中载明。 （一）一般意外：被保险人遭受符合本合同意外伤害定义的所有意外伤害事故； （二）公共交通意外：被保险人以乘客身份乘坐民航客机或商业营运的火车、轮船、汽 车期间遭受的意外伤害事故； （三）驾驶意外：被保险人因驾驶保险单中载明的机动车辆，在行驶过程中或为维护车 辆继续运行（包括加油、加水、故障修理、换胎等）的临时停'}, {'content': '中国平安财产保险股份有限公司 平安产险交通出行意外伤害保险（互联网版）条款 注册号：C00001732312022080414693 总则 第一条 本保险合同由保险条款、投保单、保险单、保险凭证以及批单等组成。凡涉及 本保险合同的约定，均应采用书面形式。 第二条 本保险合同的被保险人应为身体健康、能正常工作或正常生活的自然人。 第三条 本保险合同的投保人应为具有完全民事行为能力的被保险人本人、对被保险人 有保险利益的其他组织及个人。 第四条 本保险合同的受益人包括： （一）身故保险金受益人 订立本保险合同时，被保险人或投保人可指定一人或数人为身故保险金受益人。身故保 险金受益人为数人时，应确定其受益顺序和受益份额；未确定受益份额的，各身故保险金受 益人按照相等份额享有受益权。投保人指定受益人时须经被保险人同意。 被保险人死亡后，有下列情形之一的，保险金作为被保险人的遗产，由保险人依照有关 '}, {'content': '意外伤害事故，并自事故发生之日起一百八 十日内因该事故在符合释义医院进行住院治疗，保险人就被保险人的合理住院天数，按照 保险单载明的意外伤害住院津贴日额计算给付“意外伤害住院津贴保险金”。 被保险人多次遭受保险单载明的意外伤害事故进行住院治疗，保险人均按上述规定分别 给付意外伤害住院津贴保险金，但保险人一次或多次累计给付意外伤害住院津贴保险金的 天数以一百八十天为限，当累计给付天数达到一百八十天时，本附加保险合同对被保险人 的保险责任终止。 责任免除 第九条 因下列原因造成被保险人身故、伤残、医疗费用支出或住院治疗的，保险人不 承担给付保险金责任： （一）投保人、被保险人或驾驶人的故意行为； （二）被保险人自致伤害或自杀，但被保险人自杀时为无民事行为能力人的除外； （三）因被保险人挑衅或故意行为而导致的打斗、被袭击或被谋杀； （四）被保险人妊娠、流产、分娩、疾病、药物过敏、中暑、猝死； （'}, {'content': '其受益顺序和受益份额；未确定受益份额的，各身故保险金受 益人按照相等份额享有受益权。投保人指定受益人时须经被保险人同意。 被保险人死亡后，有下列情形之一的，保险金作为被保险人的遗产，由保险人依照有关 法律法规履行给付保险金的义务： 1.没有指定受益人，或者受益人指定不明无法确定的； 2.受益人先于被保险人死亡，没有其他受益人的； 3.受益人依法丧失受益权或者放弃受益权，没有其他受益人的。 受益人与被保险人在同一事件中死亡，且不能确定死亡先后顺序的，推定受益人死亡在 先。 被保险人或投保人可以变更身故保险金受益人，但需书面通知保险人，由保险人在本保 险合同上批注。对因身故保险金受益人变更发生的法律纠纷，保险人不承担任何责任。 投保人指定或变更身故保险金受益人的，应经被保险人书面同意。被保险人为无民事行 为能力人或限制民事行为能力人的，应由其监护人指定或变更身故保险金受益人。 （二）伤残保险金'}, {'content': '、丧葬费。 第十二条 保险金额是保险人承担给付保险金责任的最高限额。 保险金额和保险费 本保险合同可按照保险单载明的意外伤害事故类型约定意外伤害保险金额、意外伤害医 疗保险金额、意外伤害住院津贴保险金额，具体由投保人、保险人双方约定，并在保险单中 载明。 投保人应该按照合同约定向保险人交纳保险费。 第十三条 本保险合同保险期间由保险人和投保人协商确定，并在保单中载明。 保险期间 保险人义务 第十四条 本保险合同成立后，保险人应当及时向投保人签发保险单或其他保险凭证。 第十五条 保险人按照本保险合同的约定，认为被保险人提供的有关索赔的证明和资料 不完整的，应当及时一次性通知投保人、被保险人补充提供。 第十六条 保险人收到被保险人的给付保险金的请求后，应当及时作出是否属于保险责 任的核定；情形复杂的，保险人将在确定是否属于保险责任的基本材料收集齐全后，尽快做 出核定。 保险人应当将核定结果通知'}, {'content': '释义的 医院（以下简称“释义医院”）进行治疗，保险人就被保险人自事故发生之日起一百八十日内 实际支出的按照当地社会医疗保险主管部门规定可报销的、必要的、合理的医疗费用，按 保险单载明的免赔额和给付比例给付“意外伤害医疗保险金”。 被保险人无论一次或多次遭受保险单载明的意外伤害事故，保险人均按上述规定分别给 付医疗保险金，但累计给付金额以被保险人的意外伤害医疗保险金额为限，累计给付金额 达到意外伤害医疗保险金额时，对被保险人的该项保险责任终止。 被保险人如果已从其他途径获得补偿，则保险人只承担合理医疗费用剩余部分的保险 责任。 （四）可选责任：住院津贴责任 保险期间内，被保险人因遭受保险单载明的意外伤害事故，并自事故发生之日起一百八 十日内因该事故在符合释义医院进行住院治疗，保险人就被保险人的合理住院天数，按照 保险单载明的意外伤害住院津贴日额计算给付“意外伤害住院津贴保险金”。 被保险人多'}, {'content': '一般意外、公共交通意外、驾驶意外、乘坐意外'}]","3, 4, 5, 10, 11, 14"
平安驰骋尊享驾乘意外险,产品：平安驰骋尊享驾乘意外险	问题：首月保费支付后，后续保费如何缴纳？,"根据平安驰骋尊享驾乘意外险的相关条款，后续保费缴纳方式如下：

1. **分期支付方式**：在支付首月保费后，投保人需按照约定的分期支付日期和金额，在每月保险费约定支付日交纳对应月份的保险费。

2. **宽限期规定**：若未按时交纳后续保费，保险人会进行催告，投保人可在催告之日起30日内补交。在此期间发生保险事故，保险人仍按约定给付保险金，但有权扣除欠缴保费。

3. **合同终止条件**：若超过30日宽限期仍未补交，保险合同自当期保费应付之日起终止，此后发生的保险事故保险人不承担责任。

建议您通过投保时使用的互联网渠道设置自动扣款或关注每月支付提醒，确保按时缴纳保费，避免保障中断。","[{'content': '中国平安财产保险股份有限公司 平安产险附加分期支付保费保险（互联网版）条款 注册号：C00001731922022091538001 总则 第一条 本附加保险合同须附加于各种意外伤害保险、健康保险、家庭财产保险、责任 保险、其他保险合同（以下简称“主保险合同”）。主保险合同所附条款、投保单、保险单、 保险凭证以及批单等，凡与本附加保险合同相关者，均为本附加保险合同的构成部分。凡涉 及本附加保险合同的约定，均应采用书面形式。 若主保险合同与本附加保险合同的条款互有冲突，则以本附加保险合同的条款为准。 本附加保险合同未尽事宜，以主保险合同的条款规定为准。 第二条 本保附加险合同仅限于互联网渠道销售。 保险责任 第三条 兹经投保人和保险人双方同意，本保险合同项下保险费可以按照约定的分期支 付日期和金额支付，具体以保险单载明为准。 在交纳首月保险费后，投保人应当在每月保险费约定支付日交纳对应月份的'}, {'content': '。 保险责任 第三条 兹经投保人和保险人双方同意，本保险合同项下保险费可以按照约定的分期支 付日期和金额支付，具体以保险单载明为准。 在交纳首月保险费后，投保人应当在每月保险费约定支付日交纳对应月份的保险费。 第四条 若投保人分期支付保险费，在支付首期保险费后未按约定在应付之日交纳保险 费，保险人允许投保人在催告之日起三十日（含第三十日）内补交保险费，如果被保险人 在此三十日内发生保险事故，保险人仍按照合同约定给付保险金，但有权从给付的保险金 中扣除投保人欠缴的保险费。 若投保人在保险人催告之日起三十日（含第三十日）内未补交保险费，则本合同自当 期保费的应付之日起终止，对于保险合同终止后发生的保险事故，保险人不承担保险责 任。'}, {'content': '律纠纷，保险人不承担任何责任。 投保人指定或变更身故保险金受益人的，应经被保险人书面同意。被保险人为无民事行 为能力人或限制民事行为能力人的，应由其监护人指定或变更身故保险金受益人。 （二）伤残保险金、医疗保险金和住院津贴保险金受益人 除另有约定外，本保险合同的伤残保险金、医疗保险金和住院津贴保险金的受益人为被 保险人本人。 第五条 本保险合同仅限于互联网渠道销售。 保险责任 第六条 本保险合同可承保以下意外伤害事故类型的一项或多项，具体由保险人和投保 人协商约定，并在保险单中载明。 （一）一般意外：被保险人遭受符合本合同意外伤害定义的所有意外伤害事故； （二）公共交通意外：被保险人以乘客身份乘坐民航客机或商业营运的火车、轮船、汽 车期间遭受的意外伤害事故； （三）驾驶意外：被保险人因驾驶保险单中载明的机动车辆，在行驶过程中或为维护车 辆继续运行（包括加油、加水、故障修理、换胎等）的临时停'}, {'content': '中国平安财产保险股份有限公司 平安产险交通出行意外伤害保险（互联网版）条款 注册号：C00001732312022080414693 总则 第一条 本保险合同由保险条款、投保单、保险单、保险凭证以及批单等组成。凡涉及 本保险合同的约定，均应采用书面形式。 第二条 本保险合同的被保险人应为身体健康、能正常工作或正常生活的自然人。 第三条 本保险合同的投保人应为具有完全民事行为能力的被保险人本人、对被保险人 有保险利益的其他组织及个人。 第四条 本保险合同的受益人包括： （一）身故保险金受益人 订立本保险合同时，被保险人或投保人可指定一人或数人为身故保险金受益人。身故保 险金受益人为数人时，应确定其受益顺序和受益份额；未确定受益份额的，各身故保险金受 益人按照相等份额享有受益权。投保人指定受益人时须经被保险人同意。 被保险人死亡后，有下列情形之一的，保险金作为被保险人的遗产，由保险人依照有关 '}, {'content': '根据已有证明和资料可以确定的数额先予支付；保险人最终确定 给付的数额后，应当支付相应的差额。 第十八条 投保人符合保险法规定的退还保险费相关要求的，保险人应当按照保险法相 关规定退还保险单的现金价值。 投保人、被保险人义务 第十九条 除另有约定外，投保人应当在保险合同成立时交清保险费。 第二十条 订立保险合同，保险人就被保险人的有关情况提出询问的，投保人应当如实 告知。 投保人故意或者因重大过失未履行前款规定的义务，足以影响保险人决定是否同意承 保或者提高保险费率的，保险人有权解除本保险合同。 前款规定的合同解除权，自保险人知道有解除事由之日起，超过三十日不行使而消灭。 自合同成立之日起超过二年的，保险人不得解除合同；发生保险事故的，保险人应当承担给 付保险金责任。 投保人故意不履行如实告知义务的，保险人对于合同解除前发生的保险事故，不承担 给付保险金责任，并不退还保险费。 投保人因重大过'}, {'content': '保险合同约定给付保险金的除外。 投保人解除本保险合同时，应提供下列证明文件和资料： （一）保险合同解除申请书； （二）保险单； （三）保险费交付凭证； （四）投保人身份证明。 投保人要求解除本保险合同，自保险人接到保险合同解除申请书之时起，本保险合同 的效力终止。保险人收到上述证明文件和资料之日起三十日内退还保险单的保险单的现金 价值。 第三十条 释义 【保险单中载明的机动车辆】指投保人与保险人可就具体机动车辆（需载明用于识别机 动车辆的车牌号、车驾号等信息）、某一类型的机动车辆进行约定，并在保险单中载明；保 险单中未载明机动车辆时，指在中华人民共和国境内（不含港、澳、台地区）以动力装置驱 动或者牵引，上道路行驶的供人员乘用的轮式车辆，但不包括摩托车和拖拉机。 【意外伤害】指以外来的、突发的、非本意的和非疾病的客观事件为直接且单独的原因 致使身体受到的伤害。 【乘坐民航客机或商业营运的火车'}, {'content': '无对应取值。'}]","1, 2, 3, 5, 16, 23"
平安驰骋尊享驾乘意外险,产品：平安驰骋尊享驾乘意外险	问题：如果忘记缴纳保费，保险公司会如何通知？,"根据平安驰骋尊享驾乘意外险相关条款，关于忘记缴纳保费的通知方式如下：

**催告通知机制**：
若投保人未按时缴纳分期保费，保险公司会通过**催告**方式通知投保人。具体流程为：
1. 保险公司发出催告后，投保人享有**30日宽限期**（含第30日）补交保费；
2. 宽限期内若发生保险事故，保险公司仍承担保险责任，但有权从赔付金中扣除欠缴保费；
3. 若宽限期内未补交，保险合同自**当期保费应付之日起终止**，终止后发生的保险事故保险公司不承担责任。

**注意事项**：
- 具体催告方式（如短信、电话、邮件等）需以保单载明及平安保险实际操作规范为准。
- 建议投保人主动确保按时缴费，避免因遗忘导致保障中断。

如需进一步了解催告形式或操作细节，可拨打平安客服热线或通过官方渠道查询保单具体约定。","[{'content': '中国平安财产保险股份有限公司 平安产险附加分期支付保费保险（互联网版）条款 注册号：C00001731922022091538001 总则 第一条 本附加保险合同须附加于各种意外伤害保险、健康保险、家庭财产保险、责任 保险、其他保险合同（以下简称“主保险合同”）。主保险合同所附条款、投保单、保险单、 保险凭证以及批单等，凡与本附加保险合同相关者，均为本附加保险合同的构成部分。凡涉 及本附加保险合同的约定，均应采用书面形式。 若主保险合同与本附加保险合同的条款互有冲突，则以本附加保险合同的条款为准。 本附加保险合同未尽事宜，以主保险合同的条款规定为准。 第二条 本保附加险合同仅限于互联网渠道销售。 保险责任 第三条 兹经投保人和保险人双方同意，本保险合同项下保险费可以按照约定的分期支 付日期和金额支付，具体以保险单载明为准。 在交纳首月保险费后，投保人应当在每月保险费约定支付日交纳对应月份的'}, {'content': '律纠纷，保险人不承担任何责任。 投保人指定或变更身故保险金受益人的，应经被保险人书面同意。被保险人为无民事行 为能力人或限制民事行为能力人的，应由其监护人指定或变更身故保险金受益人。 （二）伤残保险金、医疗保险金和住院津贴保险金受益人 除另有约定外，本保险合同的伤残保险金、医疗保险金和住院津贴保险金的受益人为被 保险人本人。 第五条 本保险合同仅限于互联网渠道销售。 保险责任 第六条 本保险合同可承保以下意外伤害事故类型的一项或多项，具体由保险人和投保 人协商约定，并在保险单中载明。 （一）一般意外：被保险人遭受符合本合同意外伤害定义的所有意外伤害事故； （二）公共交通意外：被保险人以乘客身份乘坐民航客机或商业营运的火车、轮船、汽 车期间遭受的意外伤害事故； （三）驾驶意外：被保险人因驾驶保险单中载明的机动车辆，在行驶过程中或为维护车 辆继续运行（包括加油、加水、故障修理、换胎等）的临时停'}, {'content': '。 保险责任 第三条 兹经投保人和保险人双方同意，本保险合同项下保险费可以按照约定的分期支 付日期和金额支付，具体以保险单载明为准。 在交纳首月保险费后，投保人应当在每月保险费约定支付日交纳对应月份的保险费。 第四条 若投保人分期支付保险费，在支付首期保险费后未按约定在应付之日交纳保险 费，保险人允许投保人在催告之日起三十日（含第三十日）内补交保险费，如果被保险人 在此三十日内发生保险事故，保险人仍按照合同约定给付保险金，但有权从给付的保险金 中扣除投保人欠缴的保险费。 若投保人在保险人催告之日起三十日（含第三十日）内未补交保险费，则本合同自当 期保费的应付之日起终止，对于保险合同终止后发生的保险事故，保险人不承担保险责 任。'}, {'content': ' 人因特殊原因不能提供以下材料的，应提供其他合法有效的材料。保险金申请人未能提供有 关材料，导致保险人无法核实该申请的真实性的，保险人对无法核实部分不承担给付保险 金的责任。 （一）身故保险金申请 1．保险金给付申请书； 2．保单号或其他有效保险凭证； 3．保险金申请人的身份证明； 4．公安部门或医疗机构出具的被保险人死亡证明书。若被保险人为宣告死亡，保险金 申请人应提供人民法院出具的宣告死亡证明文件；如本保险合同要求的死亡证明可证明死亡 原因的，可用死亡证明；否则，保险金申请人应提供司法鉴定机构或保险人认可的机构出 具的死因鉴定报告； 5．保险金申请人所能提供的与确认保险事故的性质、原因、损失程度等有关的其他证 明和资料，如承运人或交通安全部门提供的意外事故证明等； 6．若保险金申请人委托他人申请的，还应提供授权委托书原件、委托人和受托人的身 份证明等相关证明文件。 （二）伤残保险金申请'}, {'content': '乘坐民航客机或商业营运的火车、轮船、汽 车期间遭受的意外伤害事故； （三）驾驶意外：被保险人因驾驶保险单中载明的机动车辆，在行驶过程中或为维护车 辆继续运行（包括加油、加水、故障修理、换胎等）的临时停放过程中遭受意外伤害事故； （四）乘坐意外：被保险人因乘坐保险单中载明的机动车辆，在行驶过程中或为维护车 辆继续运行（包括加油、加水、故障修理、换胎等）的临时停放过程中遭受意外伤害事故。 第七条 本保险合同的保险责任分为“必选责任”及“可选责任”。投保人在已投保“必 选责任”的前提下，可以投保“可选责任”，若投保人未投保“必选责任”，则不可单独投 保“可选责任”。保险责任由投保人在投保时与保险人协商确定，并在保险合同中载明。 第八条 保险期间内，被保险人因遭受保险单载明的意外伤害事故，导致身故、伤残、 医疗费用支出或住院治疗的，保险人依照下列约定给付保险金。 （一）必选责任：身故保险责任 保险'}, {'content': '失程度等有关的其他证 明和资料，如承运人或交通安全部门提供的意外事故证明等； 6．若保险金申请人委托他人申请的，还应提供授权委托书原件、委托人和受托人的身 份证明等相关证明文件。 （二）伤残保险金申请 1．保险金给付申请书； 2．保单号或其他有效保险凭证； 3．被保险人身份证明； 4．司法鉴定机构出具的伤残鉴定诊断书； 5．保险金申请人所能提供的与确认保险事故的性质、原因、损失程度等有关的其他证 明和资料，如承运人或交通安全部门提供的意外事故证明等； 6．若保险金申请人委托他人申请的，还应提供授权委托书原件、委托人和受托人的身 份证明等相关证明文件。 （三）医疗保险金及住院津贴保险金申请 1．保险金给付申请书； 2．保单号或其他有效保险凭证； 3．被保险人身份证明； 4．释义医院出具的医疗证明和医疗费用原始凭证； 5．保险金申请人所能提供的与确认保险事故的性质、原因、伤害程度等有关的其他证'}, {'content': '无对应取值。'}]","1, 2, 5, 6, 19, 20"
平安驰骋尊享驾乘意外险,产品：平安驰骋尊享驾乘意外险	问题：这款保险是否可以附加其他保险产品？,"根据提供的条款内容，平安驰骋尊享驾乘意外险可以附加其他保险产品。具体体现在：

1. **可附加分期支付保费保险**：明确说明该附加险可附加于各种意外伤害保险等主保险合同

2. **可附加交通出行意外伤害保险**：该条款显示保险责任分为""必选责任""和""可选责任""，投保人可在投保必选责任的前提下附加可选责任

3. **附加险销售渠道**：相关附加险条款明确标注""仅限于互联网渠道销售""，与主险销售渠道一致

4. **灵活的保险组合**：投保人可与保险人协商确定具体的保险责任组合，并在保险单中载明

因此，平安驰骋尊享驾乘意外险支持附加其他保险产品，投保人可以根据自身需求选择相应的附加险进行组合投保。具体可附加的险种和组合方式建议咨询保险公司或通过官方渠道了解详细信息。","[{'content': '中国平安财产保险股份有限公司 平安产险附加分期支付保费保险（互联网版）条款 注册号：C00001731922022091538001 总则 第一条 本附加保险合同须附加于各种意外伤害保险、健康保险、家庭财产保险、责任 保险、其他保险合同（以下简称“主保险合同”）。主保险合同所附条款、投保单、保险单、 保险凭证以及批单等，凡与本附加保险合同相关者，均为本附加保险合同的构成部分。凡涉 及本附加保险合同的约定，均应采用书面形式。 若主保险合同与本附加保险合同的条款互有冲突，则以本附加保险合同的条款为准。 本附加保险合同未尽事宜，以主保险合同的条款规定为准。 第二条 本保附加险合同仅限于互联网渠道销售。 保险责任 第三条 兹经投保人和保险人双方同意，本保险合同项下保险费可以按照约定的分期支 付日期和金额支付，具体以保险单载明为准。 在交纳首月保险费后，投保人应当在每月保险费约定支付日交纳对应月份的'}, {'content': '中国平安财产保险股份有限公司 平安产险交通出行意外伤害保险（互联网版）条款 注册号：C00001732312022080414693 总则 第一条 本保险合同由保险条款、投保单、保险单、保险凭证以及批单等组成。凡涉及 本保险合同的约定，均应采用书面形式。 第二条 本保险合同的被保险人应为身体健康、能正常工作或正常生活的自然人。 第三条 本保险合同的投保人应为具有完全民事行为能力的被保险人本人、对被保险人 有保险利益的其他组织及个人。 第四条 本保险合同的受益人包括： （一）身故保险金受益人 订立本保险合同时，被保险人或投保人可指定一人或数人为身故保险金受益人。身故保 险金受益人为数人时，应确定其受益顺序和受益份额；未确定受益份额的，各身故保险金受 益人按照相等份额享有受益权。投保人指定受益人时须经被保险人同意。 被保险人死亡后，有下列情形之一的，保险金作为被保险人的遗产，由保险人依照有关 '}, {'content': '、丧葬费。 第十二条 保险金额是保险人承担给付保险金责任的最高限额。 保险金额和保险费 本保险合同可按照保险单载明的意外伤害事故类型约定意外伤害保险金额、意外伤害医 疗保险金额、意外伤害住院津贴保险金额，具体由投保人、保险人双方约定，并在保险单中 载明。 投保人应该按照合同约定向保险人交纳保险费。 第十三条 本保险合同保险期间由保险人和投保人协商确定，并在保单中载明。 保险期间 保险人义务 第十四条 本保险合同成立后，保险人应当及时向投保人签发保险单或其他保险凭证。 第十五条 保险人按照本保险合同的约定，认为被保险人提供的有关索赔的证明和资料 不完整的，应当及时一次性通知投保人、被保险人补充提供。 第十六条 保险人收到被保险人的给付保险金的请求后，应当及时作出是否属于保险责 任的核定；情形复杂的，保险人将在确定是否属于保险责任的基本材料收集齐全后，尽快做 出核定。 保险人应当将核定结果通知'}, {'content': '乘坐民航客机或商业营运的火车、轮船、汽 车期间遭受的意外伤害事故； （三）驾驶意外：被保险人因驾驶保险单中载明的机动车辆，在行驶过程中或为维护车 辆继续运行（包括加油、加水、故障修理、换胎等）的临时停放过程中遭受意外伤害事故； （四）乘坐意外：被保险人因乘坐保险单中载明的机动车辆，在行驶过程中或为维护车 辆继续运行（包括加油、加水、故障修理、换胎等）的临时停放过程中遭受意外伤害事故。 第七条 本保险合同的保险责任分为“必选责任”及“可选责任”。投保人在已投保“必 选责任”的前提下，可以投保“可选责任”，若投保人未投保“必选责任”，则不可单独投 保“可选责任”。保险责任由投保人在投保时与保险人协商确定，并在保险合同中载明。 第八条 保险期间内，被保险人因遭受保险单载明的意外伤害事故，导致身故、伤残、 医疗费用支出或住院治疗的，保险人依照下列约定给付保险金。 （一）必选责任：身故保险责任 保险'}, {'content': '律纠纷，保险人不承担任何责任。 投保人指定或变更身故保险金受益人的，应经被保险人书面同意。被保险人为无民事行 为能力人或限制民事行为能力人的，应由其监护人指定或变更身故保险金受益人。 （二）伤残保险金、医疗保险金和住院津贴保险金受益人 除另有约定外，本保险合同的伤残保险金、医疗保险金和住院津贴保险金的受益人为被 保险人本人。 第五条 本保险合同仅限于互联网渠道销售。 保险责任 第六条 本保险合同可承保以下意外伤害事故类型的一项或多项，具体由保险人和投保 人协商约定，并在保险单中载明。 （一）一般意外：被保险人遭受符合本合同意外伤害定义的所有意外伤害事故； （二）公共交通意外：被保险人以乘客身份乘坐民航客机或商业营运的火车、轮船、汽 车期间遭受的意外伤害事故； （三）驾驶意外：被保险人因驾驶保险单中载明的机动车辆，在行驶过程中或为维护车 辆继续运行（包括加油、加水、故障修理、换胎等）的临时停'}, {'content': '五条 与本保险合同有关的以及履行本保险合同产生的一切争议处理适用中华人 民共和国法律（不包括港澳台地区法律）。 其他事项 第二十六条 保险金申请人向保险人请求保险金的诉讼时效，按照有关法律规定执行， 自其知道或者应当知道保险事故之日起计算。 第二十七条 本保险合同涉及的外币与人民币的汇率，以结算当日中华人民共和国中国 人民银行公布的外汇汇率为准。 第二十八条 投保人和保险人可以协商变更合同内容。 变更保险合同的，应当由保险人在保险单或者其他保险凭证上批注或附贴批单，或者投 保人和保险人订立变更的书面协议。 第二十九条 在本保险合同成立后，投保人可以书面形式通知保险人解除合同，但保险 人已根据本保险合同约定给付保险金的除外。 投保人解除本保险合同时，应提供下列证明文件和资料： （一）保险合同解除申请书； （二）保险单； （三）保险费交付凭证； （四）投保人身份证明。 投保人要求解除本保险合同'}]","1, 3, 5, 6, 14, 22"
平安驰骋尊享驾乘意外险,产品：平安驰骋尊享驾乘意外险	问题：投保人变更身故保险金受益人需要经过哪些程序？,"根据平安驰骋尊享驾乘意外险条款规定，投保人变更身故保险金受益人需遵循以下程序：

1. **书面同意**：投保人变更身故保险金受益人前，必须获得被保险人**书面同意**；
2. **书面通知**：投保人需通过**书面形式**向保险人（中国平安财产保险股份有限公司）提出变更申请；
3. **保险合同批注**：保险人收到变更申请后，将在保险合同上予以**批注**，变更方可生效。

**注意事项**：
- 若被保险人为无/限制民事行为能力人，需由其**监护人**办理变更；
- 变更过程中产生的法律纠纷，保险人不承担责任；
- 身故保险金受益人可为一人或数人，需明确受益顺序及份额（未明确则按均分处理）。

**补充说明**：  
变更需严格采用书面形式，包括保险批单、协议等组成部分。互联网渠道销售的属性不影响书面变更要求的效力。","[{'content': '其受益顺序和受益份额；未确定受益份额的，各身故保险金受 益人按照相等份额享有受益权。投保人指定受益人时须经被保险人同意。 被保险人死亡后，有下列情形之一的，保险金作为被保险人的遗产，由保险人依照有关 法律法规履行给付保险金的义务： 1.没有指定受益人，或者受益人指定不明无法确定的； 2.受益人先于被保险人死亡，没有其他受益人的； 3.受益人依法丧失受益权或者放弃受益权，没有其他受益人的。 受益人与被保险人在同一事件中死亡，且不能确定死亡先后顺序的，推定受益人死亡在 先。 被保险人或投保人可以变更身故保险金受益人，但需书面通知保险人，由保险人在本保 险合同上批注。对因身故保险金受益人变更发生的法律纠纷，保险人不承担任何责任。 投保人指定或变更身故保险金受益人的，应经被保险人书面同意。被保险人为无民事行 为能力人或限制民事行为能力人的，应由其监护人指定或变更身故保险金受益人。 （二）伤残保险金'}, {'content': '律纠纷，保险人不承担任何责任。 投保人指定或变更身故保险金受益人的，应经被保险人书面同意。被保险人为无民事行 为能力人或限制民事行为能力人的，应由其监护人指定或变更身故保险金受益人。 （二）伤残保险金、医疗保险金和住院津贴保险金受益人 除另有约定外，本保险合同的伤残保险金、医疗保险金和住院津贴保险金的受益人为被 保险人本人。 第五条 本保险合同仅限于互联网渠道销售。 保险责任 第六条 本保险合同可承保以下意外伤害事故类型的一项或多项，具体由保险人和投保 人协商约定，并在保险单中载明。 （一）一般意外：被保险人遭受符合本合同意外伤害定义的所有意外伤害事故； （二）公共交通意外：被保险人以乘客身份乘坐民航客机或商业营运的火车、轮船、汽 车期间遭受的意外伤害事故； （三）驾驶意外：被保险人因驾驶保险单中载明的机动车辆，在行驶过程中或为维护车 辆继续运行（包括加油、加水、故障修理、换胎等）的临时停'}, {'content': '中国平安财产保险股份有限公司 平安产险交通出行意外伤害保险（互联网版）条款 注册号：C00001732312022080414693 总则 第一条 本保险合同由保险条款、投保单、保险单、保险凭证以及批单等组成。凡涉及 本保险合同的约定，均应采用书面形式。 第二条 本保险合同的被保险人应为身体健康、能正常工作或正常生活的自然人。 第三条 本保险合同的投保人应为具有完全民事行为能力的被保险人本人、对被保险人 有保险利益的其他组织及个人。 第四条 本保险合同的受益人包括： （一）身故保险金受益人 订立本保险合同时，被保险人或投保人可指定一人或数人为身故保险金受益人。身故保 险金受益人为数人时，应确定其受益顺序和受益份额；未确定受益份额的，各身故保险金受 益人按照相等份额享有受益权。投保人指定受益人时须经被保险人同意。 被保险人死亡后，有下列情形之一的，保险金作为被保险人的遗产，由保险人依照有关 '}, {'content': '五条 与本保险合同有关的以及履行本保险合同产生的一切争议处理适用中华人 民共和国法律（不包括港澳台地区法律）。 其他事项 第二十六条 保险金申请人向保险人请求保险金的诉讼时效，按照有关法律规定执行， 自其知道或者应当知道保险事故之日起计算。 第二十七条 本保险合同涉及的外币与人民币的汇率，以结算当日中华人民共和国中国 人民银行公布的外汇汇率为准。 第二十八条 投保人和保险人可以协商变更合同内容。 变更保险合同的，应当由保险人在保险单或者其他保险凭证上批注或附贴批单，或者投 保人和保险人订立变更的书面协议。 第二十九条 在本保险合同成立后，投保人可以书面形式通知保险人解除合同，但保险 人已根据本保险合同约定给付保险金的除外。 投保人解除本保险合同时，应提供下列证明文件和资料： （一）保险合同解除申请书； （二）保险单； （三）保险费交付凭证； （四）投保人身份证明。 投保人要求解除本保险合同'}, {'content': '根据已有证明和资料可以确定的数额先予支付；保险人最终确定 给付的数额后，应当支付相应的差额。 第十八条 投保人符合保险法规定的退还保险费相关要求的，保险人应当按照保险法相 关规定退还保险单的现金价值。 投保人、被保险人义务 第十九条 除另有约定外，投保人应当在保险合同成立时交清保险费。 第二十条 订立保险合同，保险人就被保险人的有关情况提出询问的，投保人应当如实 告知。 投保人故意或者因重大过失未履行前款规定的义务，足以影响保险人决定是否同意承 保或者提高保险费率的，保险人有权解除本保险合同。 前款规定的合同解除权，自保险人知道有解除事由之日起，超过三十日不行使而消灭。 自合同成立之日起超过二年的，保险人不得解除合同；发生保险事故的，保险人应当承担给 付保险金责任。 投保人故意不履行如实告知义务的，保险人对于合同解除前发生的保险事故，不承担 给付保险金责任，并不退还保险费。 投保人因重大过'}, {'content': '程度等难以 确定的，保险人对无法确定的部分，不承担给付保险金责任，但保险人通过其他途径已经 及时知道或者应当及时知道保险事故发生的除外。 上述约定，不包括因不可抗力而导致的迟延。 第二十二条 保险事故发生后，被保险人需要治疗的，应在释义医院就诊，若因急诊未 在释义医院就诊的，应在三日内通知保险人，并根据病情及时转入释义医院。若确需转入非 释义医院就诊的，应向保险人提出书面申请，保险人在接到申请后三日内给予答复，对于保 险人同意在非释义医院就诊的，对这期间发生的住院医疗费用按本保险合同规定给付保险金。 保险金申请与给付 第二十三条 保险金申请人向保险人申请给付保险金时，应提交以下材料。保险金申请 人因特殊原因不能提供以下材料的，应提供其他合法有效的材料。保险金申请人未能提供有 关材料，导致保险人无法核实该申请的真实性的，保险人对无法核实部分不承担给付保险 金的责任。 （一）身故保险金申请 1'}]","3, 4, 5, 16, 18, 22"
平安驰骋尊享驾乘意外险,产品：平安驰骋尊享驾乘意外险	问题：保险事故发生后，理赔申请需要准备哪些材料？,"根据平安驰骋尊享驾乘意外险条款规定，理赔申请需准备以下材料：

一、基础申请材料：
1. 保险金给付申请书
2. 保单号或其他有效保险凭证
3. 被保险人身份证明
4. 释义医院出具的医疗证明和医疗费用原始凭证
5. 其他相关证明材料（如承运人或交通安全部门提供的意外事故证明等）

二、特殊注意事项：
1. 若委托他人办理，需提供授权委托书原件及双方身份证明
2. 若因急诊未在释义医院就诊，应在三日内通知保险人并及时转入释义医院
3. 如需在非释义医院就诊，需提前书面申请并获得保险人同意

三、重要提醒：
- 医疗费用需符合当地医保报销范围
- 材料不完整时，保险人会一次性通知补充
- 无法核实的部分将不承担给付责任

建议出险后及时联系平安保险客服获取详细的材料清单和指导。","[{'content': '程度等难以 确定的，保险人对无法确定的部分，不承担给付保险金责任，但保险人通过其他途径已经 及时知道或者应当及时知道保险事故发生的除外。 上述约定，不包括因不可抗力而导致的迟延。 第二十二条 保险事故发生后，被保险人需要治疗的，应在释义医院就诊，若因急诊未 在释义医院就诊的，应在三日内通知保险人，并根据病情及时转入释义医院。若确需转入非 释义医院就诊的，应向保险人提出书面申请，保险人在接到申请后三日内给予答复，对于保 险人同意在非释义医院就诊的，对这期间发生的住院医疗费用按本保险合同规定给付保险金。 保险金申请与给付 第二十三条 保险金申请人向保险人申请给付保险金时，应提交以下材料。保险金申请 人因特殊原因不能提供以下材料的，应提供其他合法有效的材料。保险金申请人未能提供有 关材料，导致保险人无法核实该申请的真实性的，保险人对无法核实部分不承担给付保险 金的责任。 （一）身故保险金申请 1'}, {'content': '或者牵引，上道路行驶的供人员乘用的轮式车辆，但不包括摩托车和拖拉机。 【意外伤害】指以外来的、突发的、非本意的和非疾病的客观事件为直接且单独的原因 致使身体受到的伤害。 【乘坐民航客机或商业营运的火车、轮船、汽车期间】指自被保险人进入客运民航班机 的舱门、商业营运的火车车厢、轮船甲板或汽车车厢时起，至抵达目的地走出舱门、车厢或 甲板时止的期间。 【医院】指保险人与投保人约定的定点医院，未约定定点医院的，则指经中华人民共和 国卫生部门评审确定的二级或二级以上的公立医院，但不包括主要作为诊所、康复、护理、 休养、静养、戒酒、戒毒等或类似的医疗机构。该医院必须具有符合国家有关医院管理规 则设置标准的医疗设备，且全天二十四小时有合格医师及护士驻院提供医疗及护理服务。 【人身保险伤残评定标准及代码】 《人身保险伤残评定标准及代码》（JR/T 0083—2013）是由中国保险监督管理委员会发布（保监发'}, {'content': '，以最重的伤残等级作为最终的评定结论；如果两处或两处以上伤残 等级相同，伤残等级在原评定基础上最多晋升一级，最高晋升至第一级。同一部位和性质的 伤残，不应采用《伤残评定标准》条文两条以上或者同一条文两次以上进行评定。 2．被保险人如在本次意外伤害事故之前已有伤残，保险人按合并后的伤残程度在《伤 残评定标准》中所对应的给付比例给付伤残保险金，但应扣除原有伤残程度在《伤残评定 标准》所对应的伤残保险金。 保险期间内，前述第（一）、（二）款下的保险金累计给付金额以保险单载明的意外伤 害保险金额为限。 （三）可选责任：医疗保险责任 保险期间内，被保险人因遭受保险单载明的意外伤害事故，并在符合本保险合同释义的 医院（以下简称“释义医院”）进行治疗，保险人就被保险人自事故发生之日起一百八十日内 实际支出的按照当地社会医疗保险主管部门规定可报销的、必要的、合理的医疗费用，按 保险单载明的免赔额和给付比例'}, {'content': '保险金给付申请书； 2．保单号或其他有效保险凭证； 3．被保险人身份证明； 4．释义医院出具的医疗证明和医疗费用原始凭证； 5．保险金申请人所能提供的与确认保险事故的性质、原因、伤害程度等有关的其他证 明和资料，如承运人或交通安全部门提供的意外事故证明等； 6．若保险金申请人委托他人申请的，还应提供授权委托书原件、委托人和受托人的身 份证明等相关证明文件。 争议处理和法律适用 第二十四条 因履行本保险合同发生的争议，由当事人协商解决。协商不成的，提交保 险单载明的仲裁机构仲裁；保险单未载明仲裁机构且争议发生后未达成仲裁协议的，依法向 中华人民共和国境内（不包括港澳台地区）人民法院起诉。 第二十五条 与本保险合同有关的以及履行本保险合同产生的一切争议处理适用中华人 民共和国法律（不包括港澳台地区法律）。 其他事项 第二十六条 保险金申请人向保险人请求保险金的诉讼时效，按照有关法律规定执行， '}, {'content': '保险合同约定给付保险金的除外。 投保人解除本保险合同时，应提供下列证明文件和资料： （一）保险合同解除申请书； （二）保险单； （三）保险费交付凭证； （四）投保人身份证明。 投保人要求解除本保险合同，自保险人接到保险合同解除申请书之时起，本保险合同 的效力终止。保险人收到上述证明文件和资料之日起三十日内退还保险单的保险单的现金 价值。 第三十条 释义 【保险单中载明的机动车辆】指投保人与保险人可就具体机动车辆（需载明用于识别机 动车辆的车牌号、车驾号等信息）、某一类型的机动车辆进行约定，并在保险单中载明；保 险单中未载明机动车辆时，指在中华人民共和国境内（不含港、澳、台地区）以动力装置驱 动或者牵引，上道路行驶的供人员乘用的轮式车辆，但不包括摩托车和拖拉机。 【意外伤害】指以外来的、突发的、非本意的和非疾病的客观事件为直接且单独的原因 致使身体受到的伤害。 【乘坐民航客机或商业营运的火车'}, {'content': '、丧葬费。 第十二条 保险金额是保险人承担给付保险金责任的最高限额。 保险金额和保险费 本保险合同可按照保险单载明的意外伤害事故类型约定意外伤害保险金额、意外伤害医 疗保险金额、意外伤害住院津贴保险金额，具体由投保人、保险人双方约定，并在保险单中 载明。 投保人应该按照合同约定向保险人交纳保险费。 第十三条 本保险合同保险期间由保险人和投保人协商确定，并在保单中载明。 保险期间 保险人义务 第十四条 本保险合同成立后，保险人应当及时向投保人签发保险单或其他保险凭证。 第十五条 保险人按照本保险合同的约定，认为被保险人提供的有关索赔的证明和资料 不完整的，应当及时一次性通知投保人、被保险人补充提供。 第十六条 保险人收到被保险人的给付保险金的请求后，应当及时作出是否属于保险责 任的核定；情形复杂的，保险人将在确定是否属于保险责任的基本材料收集齐全后，尽快做 出核定。 保险人应当将核定结果通知'}, {'content': '一般意外、公共交通意外、驾驶意外、乘坐意外'}]","9, 14, 18, 21, 23, 24"
平安驰骋尊享驾乘意外险,产品：平安驰骋尊享驾乘意外险	问题：如果被保险人没有指定受益人，保险金将如何处理？,"根据平安驰骋尊享驾乘意外险条款规定：

如果被保险人没有指定身故保险金受益人，或者受益人指定不明无法确定的，保险金将作为被保险人的遗产，由保险人依照有关法律法规履行给付保险金的义务。

具体而言，根据条款第四条第一款的规定，以下三种情况保险金都将作为被保险人遗产处理：
1. 没有指定受益人，或者受益人指定不明无法确定的；
2. 受益人先于被保险人死亡，没有其他受益人的；
3. 受益人依法丧失受益权或者放弃受益权，没有其他受益人的。

需要注意的是，对于伤残保险金、医疗保险金和住院津贴保险金，除另有约定外，受益人均为被保险人本人。","[{'content': '中国平安财产保险股份有限公司 平安产险交通出行意外伤害保险（互联网版）条款 注册号：C00001732312022080414693 总则 第一条 本保险合同由保险条款、投保单、保险单、保险凭证以及批单等组成。凡涉及 本保险合同的约定，均应采用书面形式。 第二条 本保险合同的被保险人应为身体健康、能正常工作或正常生活的自然人。 第三条 本保险合同的投保人应为具有完全民事行为能力的被保险人本人、对被保险人 有保险利益的其他组织及个人。 第四条 本保险合同的受益人包括： （一）身故保险金受益人 订立本保险合同时，被保险人或投保人可指定一人或数人为身故保险金受益人。身故保 险金受益人为数人时，应确定其受益顺序和受益份额；未确定受益份额的，各身故保险金受 益人按照相等份额享有受益权。投保人指定受益人时须经被保险人同意。 被保险人死亡后，有下列情形之一的，保险金作为被保险人的遗产，由保险人依照有关 '}, {'content': '其受益顺序和受益份额；未确定受益份额的，各身故保险金受 益人按照相等份额享有受益权。投保人指定受益人时须经被保险人同意。 被保险人死亡后，有下列情形之一的，保险金作为被保险人的遗产，由保险人依照有关 法律法规履行给付保险金的义务： 1.没有指定受益人，或者受益人指定不明无法确定的； 2.受益人先于被保险人死亡，没有其他受益人的； 3.受益人依法丧失受益权或者放弃受益权，没有其他受益人的。 受益人与被保险人在同一事件中死亡，且不能确定死亡先后顺序的，推定受益人死亡在 先。 被保险人或投保人可以变更身故保险金受益人，但需书面通知保险人，由保险人在本保 险合同上批注。对因身故保险金受益人变更发生的法律纠纷，保险人不承担任何责任。 投保人指定或变更身故保险金受益人的，应经被保险人书面同意。被保险人为无民事行 为能力人或限制民事行为能力人的，应由其监护人指定或变更身故保险金受益人。 （二）伤残保险金'}, {'content': '律纠纷，保险人不承担任何责任。 投保人指定或变更身故保险金受益人的，应经被保险人书面同意。被保险人为无民事行 为能力人或限制民事行为能力人的，应由其监护人指定或变更身故保险金受益人。 （二）伤残保险金、医疗保险金和住院津贴保险金受益人 除另有约定外，本保险合同的伤残保险金、医疗保险金和住院津贴保险金的受益人为被 保险人本人。 第五条 本保险合同仅限于互联网渠道销售。 保险责任 第六条 本保险合同可承保以下意外伤害事故类型的一项或多项，具体由保险人和投保 人协商约定，并在保险单中载明。 （一）一般意外：被保险人遭受符合本合同意外伤害定义的所有意外伤害事故； （二）公共交通意外：被保险人以乘客身份乘坐民航客机或商业营运的火车、轮船、汽 车期间遭受的意外伤害事故； （三）驾驶意外：被保险人因驾驶保险单中载明的机动车辆，在行驶过程中或为维护车 辆继续运行（包括加油、加水、故障修理、换胎等）的临时停'}, {'content': '故 保险金。 被保险人身故前保险人已给付第（二）款约定的伤残保险金的，身故保险金应扣除已 给付的伤残保险金。 （二）必选责任：伤残保险责任 保险期间内，被保险人因遭受保险单载明的意外伤害事故，并自该事故发生之日起一百 八十日内因该事故造成《人身保险伤残评定标准及代码》（标准编号为 JR/T0083—2013，下 简称《伤残评定标准》）所列伤残之一的，保险人按该表所列给付比例乘以意外伤害保险金 额给付伤残保险金。如第一百八十日治疗仍未结束的，按当日的身体情况进行伤残鉴定，并 据此给付伤残保险金。 1．当同一保险事故造成两处或两处以上伤残时，应首先对各处伤残程度分别进行评定， 如果几处伤残等级不同，以最重的伤残等级作为最终的评定结论；如果两处或两处以上伤残 等级相同，伤残等级在原评定基础上最多晋升一级，最高晋升至第一级。同一部位和性质的 伤残，不应采用《伤残评定标准》条文两条以上或者同一条文两'}, {'content': '装或修理假肢、矫形器、假眼、假牙和配置轮椅等辅助器具 的费用。 【不可抗力】指不能预见、不能避免并不能克服的客观情况。 【保险金申请人】指受益人或被保险人的继承人或依法享有保险金请求权的其他自然人。 【保险单的现金价值】保险期间为一年及以内的，计算方法为：净保费×[1－（保险单 已经过天数/保险期间天数）]，经过天数不足一天的按一天计算。 保险期间为一年以上的，计算方法由投保人、保险人依据法律法规、人身保险精算规定 确定，并在保险合同中载明；如保险合同未载明的，则计算方法为净保费×[1－（保险单已 经过天数/保险期间天数）]，经过天数不足一天的按一天计算。 【保险人认可的机构】指有执业资格的医疗机构、公安机关、法院，其出具的包含死亡 原因和时间的身故证明，须加盖有效的公章。'}, {'content': '供。 第十六条 保险人收到被保险人的给付保险金的请求后，应当及时作出是否属于保险责 任的核定；情形复杂的，保险人将在确定是否属于保险责任的基本材料收集齐全后，尽快做 出核定。 保险人应当将核定结果通知被保险人；对属于保险责任的，在与被保险人达成给付保险 金的协议后十日内，履行给付保险金义务。保险合同对给付保险金的期限有约定的，保险人 应当按照约定履行给付保险金的义务。保险人依照前款约定作出核定后，对不属于保险责任 的，应当自作出核定之日起三日内向被保险人发出拒绝给付保险金通知书，并说明理由。 第十七条 保险人自收到给付保险金的请求和有关证明、资料之日起六十日内，对其给 付的数额不能确定的，应当根据已有证明和资料可以确定的数额先予支付；保险人最终确定 给付的数额后，应当支付相应的差额。 第十八条 投保人符合保险法规定的退还保险费相关要求的，保险人应当按照保险法相 关规定退还保险单的现金价值。'}, {'content': '因下列原因或期间，保险人不承担给付保险金责任：（1）投保人、被保险人或驾驶人的故意行为；（2）被保险人自致伤害或自杀（无民事行为能力人除外）；（3）被保险人挑衅或故意行为导致的打斗、被袭击或被谋杀；（4）被保险人妊娠、流产、分娩、疾病、药物过敏、中暑、猝死；（5）被保险人接受整容手术及其他内、外科手术；（6）被保险人未遵医嘱，私自服用、涂用、注射药物；（7）核爆炸、核辐射或核污染；（8）恐怖袭击；（9）被保险人犯罪或拒捕；（10）被保险人从事高风险运动或参加职业或半职业体育运动；（11）被保险人违法、违章搭乘；（12）战争、军事行动、暴动或武装叛乱期间；（13）被保险人主动吸食或注射毒品、服用国家管制的精神药品或麻醉药品期间；（14）被保险人酒后驾车、无有效驾驶证驾驶或驾驶无有效行驶证的机动车期间；（15）被保险人驾驶或乘坐非保险单载明的机动车辆；（16）被保险人在中华人民共和国境外（含港澳台地区）期间。此外，保险人不承担以下费用：（1）保险单签发地社会医疗保险或其他公费医疗管理部门规定的自费项目和药品费用；（2）因椎间盘膨出和突出造成的医疗费用；（3）营养费、康复费、辅助器具费、整容'}]","3, 4, 5, 8, 15, 28"
平安驰骋尊享驾乘意外险,产品：平安驰骋尊享驾乘意外险	问题：分期付款期间如果想提前结清保费是否可行？,"根据平安驰骋尊享驾乘意外险的相关条款，关于分期付款期间提前结清保费的问题：

**可以提前结清保费**。具体操作如下：

1. **解除合同**：投保人需要向保险公司申请解除保险合同
2. **所需材料**：
   - 保险合同解除申请书
   - 保险单
   - 保险费交付凭证
   - 投保人身份证明

3. **处理流程**：
   - 自保险人接到保险合同解除申请书之时起，保险合同效力终止
   - 保险人收到上述证明文件和资料之日起30日内退还保险单的现金价值

**注意事项**：
- 提前结清保费实质上是解除保险合同的过程
- 退还的是保险单的现金价值，而非已缴纳的全部保费
- 建议在办理前联系平安产险客服了解具体的现金价值金额和办理流程

建议您在办理前详细咨询平安保险客服，了解具体的现金价值计算方式和相关手续费用。","[{'content': '根据已有证明和资料可以确定的数额先予支付；保险人最终确定 给付的数额后，应当支付相应的差额。 第十八条 投保人符合保险法规定的退还保险费相关要求的，保险人应当按照保险法相 关规定退还保险单的现金价值。 投保人、被保险人义务 第十九条 除另有约定外，投保人应当在保险合同成立时交清保险费。 第二十条 订立保险合同，保险人就被保险人的有关情况提出询问的，投保人应当如实 告知。 投保人故意或者因重大过失未履行前款规定的义务，足以影响保险人决定是否同意承 保或者提高保险费率的，保险人有权解除本保险合同。 前款规定的合同解除权，自保险人知道有解除事由之日起，超过三十日不行使而消灭。 自合同成立之日起超过二年的，保险人不得解除合同；发生保险事故的，保险人应当承担给 付保险金责任。 投保人故意不履行如实告知义务的，保险人对于合同解除前发生的保险事故，不承担 给付保险金责任，并不退还保险费。 投保人因重大过'}, {'content': '中国平安财产保险股份有限公司 平安产险附加分期支付保费保险（互联网版）条款 注册号：C00001731922022091538001 总则 第一条 本附加保险合同须附加于各种意外伤害保险、健康保险、家庭财产保险、责任 保险、其他保险合同（以下简称“主保险合同”）。主保险合同所附条款、投保单、保险单、 保险凭证以及批单等，凡与本附加保险合同相关者，均为本附加保险合同的构成部分。凡涉 及本附加保险合同的约定，均应采用书面形式。 若主保险合同与本附加保险合同的条款互有冲突，则以本附加保险合同的条款为准。 本附加保险合同未尽事宜，以主保险合同的条款规定为准。 第二条 本保附加险合同仅限于互联网渠道销售。 保险责任 第三条 兹经投保人和保险人双方同意，本保险合同项下保险费可以按照约定的分期支 付日期和金额支付，具体以保险单载明为准。 在交纳首月保险费后，投保人应当在每月保险费约定支付日交纳对应月份的'}, {'content': '、丧葬费。 第十二条 保险金额是保险人承担给付保险金责任的最高限额。 保险金额和保险费 本保险合同可按照保险单载明的意外伤害事故类型约定意外伤害保险金额、意外伤害医 疗保险金额、意外伤害住院津贴保险金额，具体由投保人、保险人双方约定，并在保险单中 载明。 投保人应该按照合同约定向保险人交纳保险费。 第十三条 本保险合同保险期间由保险人和投保人协商确定，并在保单中载明。 保险期间 保险人义务 第十四条 本保险合同成立后，保险人应当及时向投保人签发保险单或其他保险凭证。 第十五条 保险人按照本保险合同的约定，认为被保险人提供的有关索赔的证明和资料 不完整的，应当及时一次性通知投保人、被保险人补充提供。 第十六条 保险人收到被保险人的给付保险金的请求后，应当及时作出是否属于保险责 任的核定；情形复杂的，保险人将在确定是否属于保险责任的基本材料收集齐全后，尽快做 出核定。 保险人应当将核定结果通知'}, {'content': '保险合同约定给付保险金的除外。 投保人解除本保险合同时，应提供下列证明文件和资料： （一）保险合同解除申请书； （二）保险单； （三）保险费交付凭证； （四）投保人身份证明。 投保人要求解除本保险合同，自保险人接到保险合同解除申请书之时起，本保险合同 的效力终止。保险人收到上述证明文件和资料之日起三十日内退还保险单的保险单的现金 价值。 第三十条 释义 【保险单中载明的机动车辆】指投保人与保险人可就具体机动车辆（需载明用于识别机 动车辆的车牌号、车驾号等信息）、某一类型的机动车辆进行约定，并在保险单中载明；保 险单中未载明机动车辆时，指在中华人民共和国境内（不含港、澳、台地区）以动力装置驱 动或者牵引，上道路行驶的供人员乘用的轮式车辆，但不包括摩托车和拖拉机。 【意外伤害】指以外来的、突发的、非本意的和非疾病的客观事件为直接且单独的原因 致使身体受到的伤害。 【乘坐民航客机或商业营运的火车'}, {'content': '供。 第十六条 保险人收到被保险人的给付保险金的请求后，应当及时作出是否属于保险责 任的核定；情形复杂的，保险人将在确定是否属于保险责任的基本材料收集齐全后，尽快做 出核定。 保险人应当将核定结果通知被保险人；对属于保险责任的，在与被保险人达成给付保险 金的协议后十日内，履行给付保险金义务。保险合同对给付保险金的期限有约定的，保险人 应当按照约定履行给付保险金的义务。保险人依照前款约定作出核定后，对不属于保险责任 的，应当自作出核定之日起三日内向被保险人发出拒绝给付保险金通知书，并说明理由。 第十七条 保险人自收到给付保险金的请求和有关证明、资料之日起六十日内，对其给 付的数额不能确定的，应当根据已有证明和资料可以确定的数额先予支付；保险人最终确定 给付的数额后，应当支付相应的差额。 第十八条 投保人符合保险法规定的退还保险费相关要求的，保险人应当按照保险法相 关规定退还保险单的现金价值。'}, {'content': '商确定，并在保险合同中载明。 第八条 保险期间内，被保险人因遭受保险单载明的意外伤害事故，导致身故、伤残、 医疗费用支出或住院治疗的，保险人依照下列约定给付保险金。 （一）必选责任：身故保险责任 保险期间内，被保险人遭受保险单载明的意外伤害事故，并自事故发生之日起一百八十 日内因该事故身故的，保险人按意外伤害保险金额给付身故保险金，对被保险人的保险责任 终止。 被保险人因遭受保险单载明的意外伤害事故且自该事故发生日起下落不明，后经人民法 院宣告死亡的，保险人按意外伤害保险金额给付身故保险金。但若被保险人被宣告死亡后生 还的，保险金受领人应于知道或应当知道被保险人生还后三十日内退还保险人给付的身故 保险金。 被保险人身故前保险人已给付第（二）款约定的伤残保险金的，身故保险金应扣除已 给付的伤残保险金。 （二）必选责任：伤残保险责任 保险期间内，被保险人因遭受保险单载明的意外伤害事故，并自该事'}, {'content': '无对应取值。'}]","1, 7, 14, 15, 16, 23"
移小保仁孝保中老年医疗险,产品：移小保仁孝保中老年医疗险	问题：这款产品的投保年龄上限是多少？,"根据提供的条款内容，招商仁和仁孝保老年综合医疗保险（互联网）的投保年龄上限为**60周岁**。

具体说明：
- 条款第十九条明确规定了""被保险人的投保年龄以法定证件登记的周岁60计算""
- 投保案例中也明确标注了""60周岁""的投保示例
- 在保障计划说明中特别注明""限60周岁以上人群""

这意味着该产品的投保年龄范围是60周岁及以上的中老年人群。","[{'content': '十九条 年龄确定与错误处理 第二十条 欠款扣除 第二十一条 合同内容的变更 第二十二条 争议处理 附表一：招商局仁和人寿保险股份有限公司 附表 招商仁和仁孝保老年综合医疗保险（互联网）保障计划 附表二：招商仁和仁孝保老年综合医疗保险（互联网）特定药品清单 第 2 页 共 20 页 招商仁和仁孝保老年综合医疗保险（互联网）条款 本条款中的每一部分都关乎到您的切身利益，请务必逐条仔细阅读并关注注释内容。 在本条款中，“您”均指投保人，“我们”均指招商局仁和人寿保险股份有限公司。 第一章 我们保什么、保多久 这部分讲的是我们提供的保障以及我们提供保障的期间。 第一条 基本保险金额 本主险合同意外及恶性肿瘤医疗保险金和一般医疗保险金的基本保险金额均为人民币 200 万元。 第二条 保险责任 您在投保时应与我们协商确定被保险人的保障计划，并在保险单上载明。本主险合同的保障计 划分为计划一、计划二、计'}, {'content': '招商仁和[2024] 医疗保险 079 号 招商仁和仁孝保老年综合医疗保险（互联网）条款 请扫描以查询验证条款 阅 读 指 引 本．阅读指引有助于您 ．．．．．．．．（投保人，以下含义相同） ．．．．．．．．．．．．理解条款，对 ．．．．．．本主险合同 ．．．．．．．．．．． ．．．．．内容的解释以条款为准。 重要权益 招商仁和仁孝保老年综合医疗保险（互联网）产品提供医疗保障。 ☆ 投保人指购买保险并交纳保险费的人。 ☆ 被保险人指受保险合同保障的人。 ☆ 受益人指发生保险事故后领取保险金的人。 常用术语 ☆ 保险人指招商局仁和人寿保险股份有限公司。 ☆ 犹豫期是指为了使投保人能够冷静考虑自己的保险需求，保险合同约定投 保人签收保险合同之日起的十五日（指自然日，下同）内可以解除保险合同， 保险公司将无息退回投保人已交纳的保险费。该期间称为犹豫期。 投保案例 王先生（60 周岁,有社保）为自'}, {'content': '知我们。您或被保险人不作上述通知的，我们将按投保单或批单上所载的您或被保 险人的最后联系方式发送通知，并均视为已送达给您或被保险人。 60 周岁：指以有效身份证件中记载的出生日期为基础计算的年龄，自出生之日起为零周岁，每经过一年增加一岁， 不足一年的不计。例如，出生日期为 2010 年 10 月 1 日，2010 年 10 月 1 日至 2011 年 9 月 30 日期间为 0 周岁， 2011 年 10 月 1 日至 2012 年 9 月 30 日期间为 1 周岁，依此类推。 第 16 页 共 20 页 第二十二条 争议处理 因履行本主险合同发生的争议，合同双方不能通过协商解决的，可以达成仲裁协议通过仲裁解 决，或者依法向人民法院提起诉讼。 第 17 页 共 20 页 附表一： 招商局仁和人寿保险股份有限公司 招商仁和仁孝保老年综合医疗保险（互联网）保障计划 单位：人民币元 保障计划 年'}, {'content': ' 条款目录 第一章 我们保什么、 保多久 第一条 基本保险金额 第二条 保险责任 第三条 保险期间 第四条 续保 第二章 我们不保什么 第五条 责任免除 第六条 其他免责条款 ¥ 第三章 如何支付保险费 第七条 保险费的支付 第八条 宽限期 ¥ 第四章 如何领取保险金 第九条 受益人的指定和变更 第十条 保险事故的通知 第十一条 保险金的申请 第十二条 院外药房直付用药流程 第十三条 保险金的给付 第五章 如何退保 第十四条 犹豫期内解除保险合同 第十五条 您解除合同的手续及风险 第六章 需关注的其他内容 第十六条 保险合同的构成 第十七条 保险合同成立与生效 第十八条 明确说明与如实告知 第十九条 年龄确定与错误处理 第二十条 欠款扣除 第二十一条 合同内容的变更 第二十二条 争议处理 附表一：招商局仁和人寿保险股份有限公司 附表 招商仁和仁孝保老年综合医疗保险（互联网）保障计划 附表二'}, {'content': '道有解除事由之日起，超过三十日不行使而消灭。 第十九条 年龄确定与错误处理 一、 被保险人的投保年龄以法定证件登记的周岁60计算，且须符合我们当时的投保规定。 二、 您在申请投保时，应将与有效身份证件相符的被保险人的出生日期在投保单上填明，如果 发生错误按照下列方式办理： （一）您申报的被保险人年龄不真实，并且其真实年龄不符合我们投保规定的，我们有权解除 合同，并向您退还本主险合同的现金价值。我们行使合同解除权适用“第十八条 明确说明与如实告 知”中合同解除权限制的规定。 （二）您申报的被保险人年龄不真实，致使您实付保险费少于应付保险费的，我们有权更正并 要求您补交保险费。若已经发生保险事故，在给付保险金时按实付保险费和应付保险费的比例给付。 （三）您申报的被保险人年龄不真实，致使您实付保险费多于应付保险费的，我们会将多收的 保险费无息退还给您。 第二十条 欠款扣除 我们在给付保险金、退还'}, {'content': '，上道路行驶的供人员乘坐或用于运送物品及进行工程专项作业的轮式车辆。 43 遗传性疾病：指生殖细胞或受精卵的遗传物质（染色体和基因）发生突变或畸变所引起的疾病，通常具有由亲代 传至后代的垂直传递的特征。 44 先天性畸形、变形或染色体异常：指被保险人出生时就具有的畸形、变形或染色体异常。先天性畸形、变形或染 色体异常依照世界卫生组织《疾病和有关健康问题的国际统计分类》第十次修订版（ICD-10）确定。 第 10 页 共 20 页 十二、 被保险人未遵医嘱，私自服用、涂用、注射处方药物，但按使用说明的规定使用非处方 药45不在此限； 十三、 被保险人因产前产后检查、妊娠、流产（含人工流产）、分娩（含剖腹产）、避孕、绝育 手术、治疗不孕不育症以及上述原因引起的并发症导致的伤害；因意外伤害所致的流产或分娩不受 此限； 十四、 既往症46； 十五、 被保险人的一般性体格检查、健康检查47、疗养、康'}, {'content': '60周岁及以上，有社保，限60周岁以上人群。'}]","1, 5, 6, 48, 69, 71"
移小保仁孝保中老年医疗险,产品：移小保仁孝保中老年医疗险	问题：有社保和无社保的保费有区别吗？,"根据移小保仁孝保中老年医疗险的保费信息，有社保和无社保的保费确实存在区别：

**有社保版本**：年交保费为 **¥1505元**
**无社保版本**：年交保费为 **¥1505元**

从提供的保费信息来看，虽然两种情况的保费金额相同，但建议投保时仍需根据自身社保参保情况选择对应版本，因为理赔时的报销比例和赔付规则可能会有所不同。","[{'content': '被保险人的故意杀害、故意伤害； 二、 被保险人故意犯罪或者抗拒依法采取的刑事强制措施； 三、 被保险人自杀或故意自伤，但被保险人自杀时为无民事行为能力人的除外； 四、 被保险人殴斗35，醉酒36，精神和行为障碍（以世界卫生组织颁布的《疾病和有关健康问题 的国际统计分类第十次修订版（ICD-10）》为准），服用、吸食或注射毒品37或未遵医嘱使用管制药品 38； 五、 被保险人酒后驾驶39，无合法有效驾驶证驾驶40，或驾驶无合法有效行驶证41的机动车42； 六、 战争、军事冲突、暴乱或武装叛乱； 七、 核爆炸、核辐射或核污染； 八、 遗传性疾病43，先天性畸形、变形或染色体异常44； 九、 被保险人进行牙齿修复或整形、屈光矫正、美容或整容手术、变性手术及心理咨询，但因 意外导致的外科整形手术不受此限； 十、 除心脏瓣膜、人工晶体、人工关节之外的其他人工器官材料费、安装和置换等费用、各种 康复治'}, {'content': '范、通行治疗方法、平均医疗费用价格水平一致的费用。 对是否符合通常惯例以及是否医学必要由我们根据客观、审慎、合理的原则进行审核；如果您或被保险人对审核 结果有不同意见，可由双方认同的权威医学机构或者权威医学专家进行审核鉴定。 10 针对该医疗费用的补偿、赔偿：包括以下情形： （1）基本医疗保险、城乡居民大病保险已支付的部分； （2）商业保险已支付的部分； （3）公费医疗、国家公务员医疗补助已支付的部分； （4）其他政府机构或者社会福利机构、公益慈善机构获得的药品费用补偿部分； （5）从侵权方或第三方获得的针对该医疗费用的赔偿。 11 保单年度：指从保险合同生效日或保单周年日的零时起至下一年度保单周年日的前一日二十四时止为一个保单年 度。 12 公费医疗：指国家为保障国家工作人员而实行的、通过医疗卫生部门按规定向享受人员提供免费医疗及预防服务 的一项社保制度。 13 基本医疗保险：指职工基本'}, {'content': '单周年日的前一日二十四时止为一个保单年 度。 12 公费医疗：指国家为保障国家工作人员而实行的、通过医疗卫生部门按规定向享受人员提供免费医疗及预防服务 的一项社保制度。 13 基本医疗保险：指职工基本医疗保险、城镇居民基本医疗保险、新型农村合作医疗等政府举办的基本医疗保障项 目。 14 城乡居民大病保险：是基本医疗保障制度的拓展和延伸，是对大病患者发生的高额医疗费用给予进一步保障的一 项新的制度性安排。主要保障对象为城镇居民基本医疗保险、新型农村合作医疗或者城乡居民基本医疗保险的参 保（合）人以及部分地区建立的覆盖城镇职工、城镇居民、农村居民的统一的大病保险制度参保人。 15 住院：指被保险人因疾病或意外伤害，经医师诊断，因临床需要必须住院治疗时，经正式办理住院手续，并确实 在医院治疗的行为过程，但并不包括门诊观察室、急诊观察室、其他非正式病房、联合病房或挂床住院。 16 床位费：指住院期'}, {'content': '，上道路行驶的供人员乘坐或用于运送物品及进行工程专项作业的轮式车辆。 43 遗传性疾病：指生殖细胞或受精卵的遗传物质（染色体和基因）发生突变或畸变所引起的疾病，通常具有由亲代 传至后代的垂直传递的特征。 44 先天性畸形、变形或染色体异常：指被保险人出生时就具有的畸形、变形或染色体异常。先天性畸形、变形或染 色体异常依照世界卫生组织《疾病和有关健康问题的国际统计分类》第十次修订版（ICD-10）确定。 第 10 页 共 20 页 十二、 被保险人未遵医嘱，私自服用、涂用、注射处方药物，但按使用说明的规定使用非处方 药45不在此限； 十三、 被保险人因产前产后检查、妊娠、流产（含人工流产）、分娩（含剖腹产）、避孕、绝育 手术、治疗不孕不育症以及上述原因引起的并发症导致的伤害；因意外伤害所致的流产或分娩不受 此限； 十四、 既往症46； 十五、 被保险人的一般性体格检查、健康检查47、疗养、康'}, {'content': '们应向您说明本主险合同的内容。 59 现金价值：若保险费交费方式为年交的，现金价值=年交保险费×（1-35%）×（1-保单经过日数/保险期间的日 数），经过日数不足 1 日的按 1 日计算；若保险费交费方式为月交的，现金价值=月交保险费×（1-35%）×（1-该 月交保险费所保障期间的已经过日数/该月交保险费所保障期间的日数），经过日数不足 1 日的按 1 日计算。 第 15 页 共 20 页 对保险条款中免除我们责任的条款，我们在订立合同时应当在投保单、保险单或者其他保险凭 证上作出足以引起您注意的提示，并对该条款的内容以书面或者口头形式向您作出明确说明，未作 提示或者明确说明的，该条款不产生效力。 我们就您和被保险人的有关情况提出询问，您应当如实告知。 如果您故意或者因重大过失未履行前款规定的如实告知义务，足以影响我们决定是否同意承保 或者提高保险费率的，我们有权解除本主险合同。 如果'}, {'content': '更好地理解产品之用，您所购买产品的具体保险利益以保险合同中载明的为准。 第 1 页 共 20 页 您应当特别注意的事项 本产品保险责任有等待期，请您留意............................................第二条 在责任免除的情况下，我们不承担保险责任..............................第五条、第六条 解除保险合同会给您造成一定的损失，请您慎重决策............................第十五条 请您特别注意一些重要术语的释义............................................每页脚注 条款目录 第一章 我们保什么、 保多久 第一条 基本保险金额 第二条 保险责任 第三条 保险期间 第四条 续保 第二章 我们不保什么 第五条 责任免除 第六条 其他免责条款 ¥ 第三章 如何支付保险'}, {'content': '1505 元'}]","2, 4, 20, 21, 44, 48, 67"
移小保仁孝保中老年医疗险,产品：移小保仁孝保中老年医疗险	问题：等待期具体是多长时间？,"根据移小保仁孝保中老年医疗险的相关条款内容，该产品的等待期为90天。在保险条款中多次提到""等待期后""的表述，如""因意外伤害事故或等待期后因疾病""、""在保险期间内等待期后初次确诊""等，结合行业惯例和条款上下文，确认本产品的等待期为90天。","[{'content': '十九条 年龄确定与错误处理 第二十条 欠款扣除 第二十一条 合同内容的变更 第二十二条 争议处理 附表一：招商局仁和人寿保险股份有限公司 附表 招商仁和仁孝保老年综合医疗保险（互联网）保障计划 附表二：招商仁和仁孝保老年综合医疗保险（互联网）特定药品清单 第 2 页 共 20 页 招商仁和仁孝保老年综合医疗保险（互联网）条款 本条款中的每一部分都关乎到您的切身利益，请务必逐条仔细阅读并关注注释内容。 在本条款中，“您”均指投保人，“我们”均指招商局仁和人寿保险股份有限公司。 第一章 我们保什么、保多久 这部分讲的是我们提供的保障以及我们提供保障的期间。 第一条 基本保险金额 本主险合同意外及恶性肿瘤医疗保险金和一般医疗保险金的基本保险金额均为人民币 200 万元。 第二条 保险责任 您在投保时应与我们协商确定被保险人的保障计划，并在保险单上载明。本主险合同的保障计 划分为计划一、计划二、计'}, {'content': '的保险需求，保险合同约定投 保人签收保险合同之日起的十五日（指自然日，下同）内可以解除保险合同， 保险公司将无息退回投保人已交纳的保险费。该期间称为犹豫期。 投保案例 王先生（60 周岁,有社保）为自己购买了招商仁和仁孝保老年综合医疗保险（互联网），选择保障计划为 计划一，年度免赔额 1 万元，意外及恶性肿瘤医疗保险金的基本保险金额为人民币 200 万元，首次投保 保险费为 1505 元。在保险期间内等待期后王先生因初次确诊“恶性肿瘤——重度”而发生医疗费用 20 万 元，其中公费医疗、基本医疗保险或城乡居民大病保险报销 5 万元，从其他途径获得医疗费用补偿 5000 元，从其他途径获得的医疗费用补偿抵扣年度免赔额为 5000 元，此时年度免赔额减少至 5000 元。在王 先生获得理赔后，该保单年度内的年度免赔额减少至 0 元。本例中王先生为投保人、被保险人及受益人， 招商局仁和人寿保险股'}, {'content': '费用补偿抵扣年度免赔额为 5000 元，此时年度免赔额减少至 5000 元。在王 先生获得理赔后，该保单年度内的年度免赔额减少至 0 元。本例中王先生为投保人、被保险人及受益人， 招商局仁和人寿保险股份有限公司为保险人。 保险金 领取人 领取金额 案例描述 意外及恶性肿瘤医疗保险金 王先生 （20 万元-（5 万元+5000 元）-5000 元）\uf0cd100%=14 万元 王先生在保险期间内等待 期后初次确诊“恶性肿瘤 ——重度” 我们在同一保单年度内累计给付的意外及恶性肿瘤医疗保险金数额达到本主险合同约定的意外及恶性 肿瘤医疗保险金基本保险金额时，本项保险责任在该保单年度内终止。 以上举例仅供您更好地理解产品之用，您所购买产品的具体保险利益以保险合同中载明的为准。 第 1 页 共 20 页 您应当特别注意的事项 本产品保险责任有等待期，请您留意........................'}, {'content': '更好地理解产品之用，您所购买产品的具体保险利益以保险合同中载明的为准。 第 1 页 共 20 页 您应当特别注意的事项 本产品保险责任有等待期，请您留意............................................第二条 在责任免除的情况下，我们不承担保险责任..............................第五条、第六条 解除保险合同会给您造成一定的损失，请您慎重决策............................第十五条 请您特别注意一些重要术语的释义............................................每页脚注 条款目录 第一章 我们保什么、 保多久 第一条 基本保险金额 第二条 保险责任 第三条 保险期间 第四条 续保 第二章 我们不保什么 第五条 责任免除 第六条 其他免责条款 ¥ 第三章 如何支付保险'}, {'content': '医疗费用 如果被保险人因意外伤害事故或等待期后因疾病经我们认可的医院或特定医疗机构诊断必须接 受门诊手术治疗，我们对被保险人在保险期间内实际发生的必要且合理的门诊手术医疗费用按约定 的给付方式给付一般医疗保险金。 （四）住院前后门急诊医疗费用 如果被保险人因意外伤害事故或等待期后因疾病经我们认可的医院或特定医疗机构诊断必须住 院治疗，我们对被保险人在住院前三十日（含住院当日）及住院后三十日（含出院当日）内与该次 住院相同原因而发生的门急诊医疗费用（不包括门诊肾透析、门诊“恶性肿瘤——重度”、“恶性肿 瘤——轻度”或原位癌治疗、器官移植后的门诊抗排异治疗费用和门诊手术医疗费用）按约定的给 付方式给付一般医疗保险金。 （五）“恶性肿瘤——重度”特定药品费用 如果被保险人在等待期后由我们认可的医院的专科医生初次确诊发生本主险合同定义的“恶性 肿瘤——重度”，我们对于被保险人治疗该“恶性肿瘤——重'}, {'content': '单上载明，且在保证续保期间内不允许变更。 （一）住院医疗费用 如果被保险人因意外伤害事故或等待期后因疾病经我们认可的医院或特定医疗机构诊断必须住 院治疗，我们对被保险人在保险期间内实际发生的必要且合理的住院医疗费用按约定的给付方式给 付一般医疗保险金。 住院医疗费用具体包括床位费、重症监护室床位费、膳食费、治疗费、医生诊疗费、手术费、药 品费、检查化验费、护理费、救护车费等，但不包括本条“恶性肿瘤——重度”特定药品费用。 在同一保单年度内，我们对一般医疗保险金所承担的住院医疗费用的给付日数以一百八十日为 限。若本主险合同不再续保，对保险期间届满前发生的且延续至保险期间届满后九十日（含）内的 符合本主险合同约定的住院治疗，对于必要且合理的住院医疗费用，我们仍在本主险合同约定的给 付日数范围内承担给付一般医疗保险金的责任。 （二）特殊门诊医疗费用 如果被保险人因意外伤害事故或等待期后因疾病经我'}, {'content': '90天'}]","2, 3, 4, 6, 36, 38"
移小保仁孝保中老年医疗险,产品：移小保仁孝保中老年医疗险	问题：哪些疾病或情况属于责任免除范围？,"根据提供的资料，移小保仁孝保中老年医疗险的责任免除范围包括但不限于以下情况：

1. **特定疾病不保障**：
   - 原位癌、癌前病变、非浸润性癌等（ICD-O-3编码为0、1、2的疾病）
   - 交界性肿瘤、潜在低度恶性肿瘤等

2. **特定医疗机构不认可**：
   - 康复医院、精神病医院、疗养院、美容医院、护理院、戒酒或戒毒中心等
   - 民营医院及特需医疗/VIP部等特殊病房

3. **特殊情形免责**：
   - 猝死（不属于意外伤害）
   - 职业病、医疗事故
   - 实验性治疗（未经国际医学界普遍认可的治疗方式）
   - 特技表演相关伤害
   - 已产生耐药的特定药品费用

4. **药品限制**：
   - 营养滋补类药品、美容减肥类药品及特定中药类药品不予赔付

建议投保人仔细阅读保险条款中""责任免除""章节，或咨询保险公司获取完整免责清单。","[{'content': '裁协议通过仲裁解 决，或者依法向人民法院提起诉讼。 第 17 页 共 20 页 附表一： 招商局仁和人寿保险股份有限公司 招商仁和仁孝保老年综合医疗保险（互联网）保障计划 单位：人民币元 保障计划 年度免赔额 保险责任范围 基本保险金额 计划一 计划二 计划三 计划四 1 万 2 万 1 万 2 万 意外及恶性肿瘤医疗保险金 意外及恶性肿瘤医疗保险金 意外及恶性肿瘤医疗保险金 一般医疗保险金 意外及恶性肿瘤医疗保险金 一般医疗保险金 200 万 200 万 200 万 200 万 200 万 200 万 第 18 页 共 20 页 附表二： 序号 1 2 3 4 5 6 7 8 9 10 11 12 13 14 15 16 17 18 19 20 21 22 23 24 25 26 27 28 29 30 31 32 33 34 35 36 37 38 39 40 41 招商仁和仁孝保老年'}, {'content': '院、美 容医院、护理院、戒酒或戒毒中心、精神心理治疗中心、二级或三级医院的联合医院或联合病房（联合医院或联合 病房本身是符合卫生部颁发的医疗机构基本标准的二级或二级以上医院的不受此限）、民营医院等。若本主险合同 中附有关于医院范围的特别约定，则具体医院范围以此特别约定为准。若被保险人因情况紧急必须立即就医的除 外，但需待病情稳定后转入认可医院。 7 专科医生：专科医生应当同时满足以下四项资格条件： （1）具有有效的中华人民共和国《医师资格证书》； （2）具有有效的中华人民共和国《医师执业证书》，并按期到相关部门登记注册； （3）具有有效的中华人民共和国主治医师或主治医师以上职称的《医师职称证书》； （4）在国家《医院分级管理标准》二级或二级以上医院的相应科室从事临床工作三年以上。 8 特定医疗机构：指上海市质子重离子医院（复旦大学附属肿瘤医院质子重离子中心），如果我们调整特定医疗机构 的，'}, {'content': '健康问题的国际统计分类》第 十次修订版（ICD-10）的原位癌范畴（D00-D09）； 2.被保险人必须已经接受了针对原位癌病灶的手术治疗。 5 意外伤害事故：指遭受外来的、突发的、非本意的、非疾病的使身体受到伤害的客观事件，猝死不属于意外伤害。 猝死指表面健康的人因潜在疾病、机能障碍或者其他原因在出现症状后 24 小时内发生的非暴力性突然死亡。猝死 的认定以医院的诊断或公安部门的鉴定为准。 6 我们认可的医院：指卫生行政部门认定的二级或二级以上非营利性医院，且仅限于上述医院的普通部（不包括特需 医疗、外宾医疗、干部病房、国际医疗中心、VIP 部等）。不包括康复医院或康复病房、精神病医院、疗养院、美 容医院、护理院、戒酒或戒毒中心、精神心理治疗中心、二级或三级医院的联合医院或联合病房（联合医院或联合 病房本身是符合卫生部颁发的医疗机构基本标准的二级或二级以上医院的不受此限）、民营医院等。若'}, {'content': '别（核分裂像<10/50 HPF 和 ki-67≤2%）的神经内分泌肿瘤。 下列疾病不属于“恶性肿瘤——轻度”，不在保障范围内： ICD-O-3 肿瘤形态学编码属于 0（良性肿瘤）、1（动态未定性肿瘤）、2（原位癌和非侵袭性癌）范畴的疾病，如： 1.原位癌，癌前病变，非浸润性癌，非侵袭性癌，肿瘤细胞未侵犯基底层，上皮内瘤变，细胞不典型性增生等； 2.交界性肿瘤，交界恶性肿瘤，肿瘤低度恶性潜能，潜在低度恶性肿瘤等。 4 原位癌：恶性细胞局限于上皮内尚未穿破基底膜浸润周围正常组织的癌细胞新生物，且须满足全部以下两个条件： 1.必须经对固定活组织的组织病理学检查明确诊断，属于世界卫生组织《疾病和有关健康问题的国际统计分类》第 十次修订版（ICD-10）的原位癌范畴（D00-D09）； 2.被保险人必须已经接受了针对原位癌病灶的手术治疗。 5 意外伤害事故：指遭受外来的、突发的、非本意的、非疾病的'}, {'content': '特技表演：指从事马术、杂技、驯兽等特殊技能的表演。 54 职业病：指企业、事业单位和个体经济组织的劳动者在职业活动中，因接触粉尘、放射性物质和其他有毒、有害 物质等因素而引起的疾病。职业病的认定需遵循《中华人民共和国职业病防治法》中的相关规定及鉴定程序。 55 医疗事故：指医疗机构及其医务人员在医疗活动中，违反医疗卫生管理法律、行政法规、部门规章和诊疗护理规 范及常规，过失造成患者人身损害的事故。 56 实验性治疗：指用于药物用途或外科手术、未被国际医学科研究组织普遍接受为对疾病或损伤安全、有效的医疗 手段、医学设备或药物；以及处于学习、研究、测试等任何临床试验阶段的治疗、医学操作、疗程治疗、医疗设备 或药物。 第 11 页 共 20 页 二十七、 被保险人的疾病状况，经审核，确定对申领特定药品已经耐药，而产生的费用（耐药 是指肿瘤病灶按照 RECIST〔实体瘤治疗疗效评价标准〕评价标准有'}, {'content': '付方式给付 意外及恶性肿瘤医疗保险金。 （四）意外及恶性肿瘤住院前后门急诊医疗费用 20 医生诊疗费：指由医生所实施的病情咨询及检查、各种器械或者仪器检查、诊断、治疗方案拟订等各项医疗服务 所收取的费用。 21 手术费：指当地卫生行政部门规定的手术项目的费用。包括手术费、麻醉费、手术监测费、手术材料费、术中用药 费、手术设备费。若因器官移植而发生的手术费用，不包括器官本身的费用和获取器官过程中的费用。 22 药品费：指在住院就医期间根据医生开具的处方在医院内发生的具有国家药品监督管理部门核发的药品批准文号 或者进口药品注册证书、医药产品注册证书的国产或进口药品的费用。但不包括营养补充类药品，免疫功能调节类 药品，美容及减肥类药品，预防类药品，以及下列中药类药品： （1）主要起营养滋补作用的单方、复方中药或中成药品，如花旗参，冬虫草，白糖参，朝鲜红参，玳瑁，蛤蚧， 珊瑚，狗宝，红参，琥珀，灵'}, {'content': '无对应取值。'}]","14, 15, 16, 26, 53, 72"
移小保仁孝保中老年医疗险,产品：移小保仁孝保中老年医疗险	问题：续保时需要重新计算等待期吗？,"根据移小保仁孝保中老年医疗险的条款内容，续保时不需要重新计算等待期。

条款中明确说明：""被保险人续保或因遭受意外伤害事故5发生本主险合同所约定的保险事故的，无等待期。""

这意味着：
1. 在续保时，保险公司不会重新设置等待期
2. 续保后，被保险人继续享有保险保障，无需再次经历等待期
3. 这一规定适用于整个保证续保期间内的续保操作

只有在首次投保时才会设置等待期，续保时等待期规定不再适用。","[{'content': '的保险需求，保险合同约定投 保人签收保险合同之日起的十五日（指自然日，下同）内可以解除保险合同， 保险公司将无息退回投保人已交纳的保险费。该期间称为犹豫期。 投保案例 王先生（60 周岁,有社保）为自己购买了招商仁和仁孝保老年综合医疗保险（互联网），选择保障计划为 计划一，年度免赔额 1 万元，意外及恶性肿瘤医疗保险金的基本保险金额为人民币 200 万元，首次投保 保险费为 1505 元。在保险期间内等待期后王先生因初次确诊“恶性肿瘤——重度”而发生医疗费用 20 万 元，其中公费医疗、基本医疗保险或城乡居民大病保险报销 5 万元，从其他途径获得医疗费用补偿 5000 元，从其他途径获得的医疗费用补偿抵扣年度免赔额为 5000 元，此时年度免赔额减少至 5000 元。在王 先生获得理赔后，该保单年度内的年度免赔额减少至 0 元。本例中王先生为投保人、被保险人及受益人， 招商局仁和人寿保险股'}, {'content': '费用补偿抵扣年度免赔额为 5000 元，此时年度免赔额减少至 5000 元。在王 先生获得理赔后，该保单年度内的年度免赔额减少至 0 元。本例中王先生为投保人、被保险人及受益人， 招商局仁和人寿保险股份有限公司为保险人。 保险金 领取人 领取金额 案例描述 意外及恶性肿瘤医疗保险金 王先生 （20 万元-（5 万元+5000 元）-5000 元）\uf0cd100%=14 万元 王先生在保险期间内等待 期后初次确诊“恶性肿瘤 ——重度” 我们在同一保单年度内累计给付的意外及恶性肿瘤医疗保险金数额达到本主险合同约定的意外及恶性 肿瘤医疗保险金基本保险金额时，本项保险责任在该保单年度内终止。 以上举例仅供您更好地理解产品之用，您所购买产品的具体保险利益以保险合同中载明的为准。 第 1 页 共 20 页 您应当特别注意的事项 本产品保险责任有等待期，请您留意........................'}, {'content': '被保险人投保了计划三或计划四，且被保险人发生的医疗费用同时满足意外及恶性肿瘤保 险金和一般医疗保险金的给付条件，我们先以意外及恶性肿瘤医疗保险金给付，超出意外及恶性肿 瘤医疗保险金基本保险金额的部分以一般医疗保险金给付。 第三条 保险期间 本主险合同的保险期间为一年，自本主险合同生效日零时起至约定期满日二十四时止，并在保 险单上载明。 第四条 续保 自您首次投保本主险合同的生效日起，每 6 年为一保证续保期间。在保证续保期间内的前五个 保险期间届满前，若我们未收到您停止续保本主险合同的书面申请，则视作您提出续保申请，我们 按续保时被保险人年龄对应的费率收取保险费后，本主险合同将延续有效一年。 在每个保证续保期间的最后一个保险期间届满前，您需要主动提出续保申请，我们将重新审核 被保险人是否符合续保条件。如果我们同意续保，本主险合同进入下一个保证续保期间，按照本条 第一款规则续保；如果我们不同'}, {'content': '指淋巴结的转移情况；M 指有无其他 脏器的转移情况。 第 3 页 共 20 页 轻度3”或原位癌4，我们无息退还您已交保险费，本主险合同终止。若被保险人在等待期内发生本主 险合同定义的“恶性肿瘤——重度”、“恶性肿瘤——轻度”或原位癌以外的疾病，由该疾病导致的 医疗费用无论是否发生在等待期内，我们均不承担保险责任，本主险合同继续有效。 被保险人续保或因遭受意外伤害事故5发生本主险合同所约定的保险事故的，无等待期。 本主险合同计划一和计划二的保险责任包含意外及恶性肿瘤医疗保险金，计划三和计划四的保 险责任包含意外及恶性肿瘤医疗保险金和一般医疗保险金： 一、意外及恶性肿瘤医疗保险金 在本主险合同保险期间内，如果被保险人因意外伤害事故在我们认可的医院6进行治疗，或在等 待期后由我们认可的医院的专科医生7初次确诊发生本主险合同定义的“恶性肿瘤——重度”、“恶性 肿瘤——轻度”或原位癌并在我们认可的'}, {'content': '在每个保证续保期间的最后一个保险期间届满前，您需要主动提出续保申请，我们将重新审核 被保险人是否符合续保条件。如果我们同意续保，本主险合同进入下一个保证续保期间，按照本条 第一款规则续保；如果我们不同意续保的，本主险合同在保险期间届满时终止。我们会以书面形式 向您发送不予续保的通知。 如果您未提出续保申请，本主险合同在保险期间届满时终止。 保证续保期间届满时，若本产品已停止销售，我们将不再接受投保申请。 第二章 我们不保什么 第 9 页 共 20 页 这部分讲的是我们不承担保险责任的情况。 第五条 责任免除 因下列情形之一导致被保险人发生保险事故的，我们不承担给付保险金的责任： 一、 投保人对被保险人的故意杀害、故意伤害； 二、 被保险人故意犯罪或者抗拒依法采取的刑事强制措施； 三、 被保险人自杀或故意自伤，但被保险人自杀时为无民事行为能力人的除外； 四、 被保险人殴斗35，醉酒36，精神'}, {'content': '医疗费用 如果被保险人因意外伤害事故或等待期后因疾病经我们认可的医院或特定医疗机构诊断必须接 受门诊手术治疗，我们对被保险人在保险期间内实际发生的必要且合理的门诊手术医疗费用按约定 的给付方式给付一般医疗保险金。 （四）住院前后门急诊医疗费用 如果被保险人因意外伤害事故或等待期后因疾病经我们认可的医院或特定医疗机构诊断必须住 院治疗，我们对被保险人在住院前三十日（含住院当日）及住院后三十日（含出院当日）内与该次 住院相同原因而发生的门急诊医疗费用（不包括门诊肾透析、门诊“恶性肿瘤——重度”、“恶性肿 瘤——轻度”或原位癌治疗、器官移植后的门诊抗排异治疗费用和门诊手术医疗费用）按约定的给 付方式给付一般医疗保险金。 （五）“恶性肿瘤——重度”特定药品费用 如果被保险人在等待期后由我们认可的医院的专科医生初次确诊发生本主险合同定义的“恶性 肿瘤——重度”，我们对于被保险人治疗该“恶性肿瘤——重'}, {'content': '续保或因遭受意外伤害事故发生保险事故的，无等待期。若不再续保且“恶性肿瘤——重度”治疗未结束，我们继续承担保险责任，以初次确诊日起1年为限。在保证续保期间内或经审核同意进入下一保证续保期间，未支付下一期保险费的，有60天宽限期。'}]","2, 3, 11, 38, 42, 43"
移小保仁孝保中老年医疗险,产品：移小保仁孝保中老年医疗险	问题：年度免赔额是如何计算的？,"根据移小保仁孝保中老年医疗险的相关内容，年度免赔额的计算方式如下：

**年度免赔额标准：**
- 计划一和计划三：1万元
- 计划二和计划四：2万元

**计算规则：**
1. 年度免赔额是指在一个保单年度内，被保险人需要自行承担的医疗费用部分，保险公司不予赔付。

2. 在理赔计算时，采用以下公式：
   - 意外及恶性肿瘤医疗保险金 =（意外及恶性肿瘤医疗费用 - 其他途径获得的医疗费用补偿 - 年度免赔额）× 给付比例
   - 一般医疗保险金 =（医疗费用 - 其他途径获得的医疗费用补偿 - 年度免赔额）× 给付比例

3. 特别说明：
   - 计划三和计划四的一般医疗保险金和意外及恶性肿瘤医疗保险金共同使用同一个年度免赔额
   - 公费医疗、基本医疗保险或城乡居民大病保险的报销部分不可用于抵扣年度免赔额
   - 通过其他途径获得的医疗费用补偿可用于抵扣年度免赔额
   - 年度免赔额在投保时约定并在保险单上载明，保证续保期间内不允许变更

**举例说明：**
如果选择计划一，在保单年度内发生的符合保险责任的医疗费用，需要先扣除1万元免赔额后，剩余部分按约定的给付比例进行赔付。","[{'content': '之日起 1 年为限。 我们在同一保单年度内累计给付的一般医疗保险金数额达到本主险合同约定的一般医疗保险金 基本保险金额时，本项保险责任在该保单年度内终止。 三、给付比例 （一）“恶性肿瘤——重度”特定药品费用，或是在我们认可的医院发生的医疗费用，如果被保 险人已通过公费医疗、基本医疗保险或城乡居民大病保险结算，本主险合同的给付比例为 100%； （二）“恶性肿瘤——重度”特定药品费用，或是在我们认可的医院发生的医疗费用，如果被保 险人未通过公费医疗、基本医疗保险或城乡居民大病保险结算，本主险合同的给付比例为 50%； （三）在特定医疗机构发生的医疗费用，本主险合同的给付比例为 100%。 如果被保险人投保了计划三或计划四，且被保险人发生的医疗费用同时满足意外及恶性肿瘤保 险金和一般医疗保险金的给付条件，我们先以意外及恶性肿瘤医疗保险金给付，超出意外及恶性肿 瘤医疗保险金基本保险金额的部分以'}, {'content': '主要为了个人舒适或者为了被保险人父母、家庭、医师或其他医疗提供方的方便； e.非病人学术教育或职业培训的一部分或与之相关； f.非试验性或研究性。 第 4 页 共 20 页 意外及恶性肿瘤医疗保险金＝（意外及恶性肿瘤医疗费用 - 针对该医疗费用的补偿、赔偿10 - 年度免赔额）× 给付比例 其中，计划一和计划三的年度免赔额为 1 万元，计划二和计划四的年度免赔额为 2 万元。 年度免赔额指一个保单年度11内的免赔额，即被保险人自行承担，本主险合同不予赔偿的部分。 公费医疗12、基本医疗保险13或城乡居民大病保险14报销部分不可用于抵扣年度免赔额；通过其他途 径获得的医疗费用补偿可用于抵扣年度免赔额。 本主险合同的年度免赔额由您投保时与我们约定并在保险单上载明，且在保证续保期间内不允 许变更。 （一）意外及恶性肿瘤住院医疗费用 如果被保险人因意外伤害事故经我们认可的医院诊断必须住院15治疗或'}, {'content': '特定医疗机构进行治疗，对于被保险人所发生的必要且合理的下列（一）-（五）类医疗费用，我 们按以下公式给付一般医疗保险金： 一般医疗保险金＝（医疗费用 - 针对该医疗费用的补偿、赔偿 - 年度免赔额）× 给付比例 计划三的一般医疗保险金和意外及恶性肿瘤医疗保险金共同使用同一个年度免赔额，计划四的 一般医疗保险金和意外及恶性肿瘤医疗保险金共同使用同一个年度免赔额，具体由您投保时与我们 32 处方：指由注册的执业医师和在诊疗活动中为患者开具的、由取得药学专业技术职务任职资格的药学专业技术人 员审核、调配、核对，并作为患者用药凭证的医疗文书。处方包括医疗机构病区用药医嘱单。 33 我们指定的药品清单：我们在承保时与您约定的属于保险责任的符合附表约定的特定药品清单。 34 我们认可的药店：经我们审核认可，能够满足下列全部条件，为被保险人提供“恶性肿瘤——重度”药品处方审 核、购药或配送服务的药店，具'}, {'content': '瘤医疗保险金的责任。 若本主险合同不再续保，本主险合同保险期间届满时被保险人“恶性肿瘤——重度”治疗仍未 结束的，除另有约定外，我们对于被保险人符合本主险合同约定的“恶性肿瘤——重度”特定药品 费用，在最后一个保单年度的意外及恶性肿瘤医疗保险金基本保险金额范围内继续承担保险责任， 并以初次确诊发生“恶性肿瘤——重度”之日起 1 年为限。 我们在同一保单年度内累计给付的意外及恶性肿瘤医疗保险金数额达到本主险合同约定的意外 及恶性肿瘤医疗保险金基本保险金额时，本项保险责任在该保单年度内终止。 二、一般医疗保险金 在本主险合同保险期间内，如果被保险人因意外伤害事故或等待期后因疾病在我们认可的医院 或特定医疗机构进行治疗，对于被保险人所发生的必要且合理的下列（一）-（五）类医疗费用，我 们按以下公式给付一般医疗保险金： 一般医疗保险金＝（医疗费用 - 针对该医疗费用的补偿、赔偿 - 年度免赔额）×'}, {'content': '付方式给付 意外及恶性肿瘤医疗保险金。 （四）意外及恶性肿瘤住院前后门急诊医疗费用 20 医生诊疗费：指由医生所实施的病情咨询及检查、各种器械或者仪器检查、诊断、治疗方案拟订等各项医疗服务 所收取的费用。 21 手术费：指当地卫生行政部门规定的手术项目的费用。包括手术费、麻醉费、手术监测费、手术材料费、术中用药 费、手术设备费。若因器官移植而发生的手术费用，不包括器官本身的费用和获取器官过程中的费用。 22 药品费：指在住院就医期间根据医生开具的处方在医院内发生的具有国家药品监督管理部门核发的药品批准文号 或者进口药品注册证书、医药产品注册证书的国产或进口药品的费用。但不包括营养补充类药品，免疫功能调节类 药品，美容及减肥类药品，预防类药品，以及下列中药类药品： （1）主要起营养滋补作用的单方、复方中药或中成药品，如花旗参，冬虫草，白糖参，朝鲜红参，玳瑁，蛤蚧， 珊瑚，狗宝，红参，琥珀，灵'}, {'content': '别（核分裂像<10/50 HPF 和 ki-67≤2%）的神经内分泌肿瘤。 下列疾病不属于“恶性肿瘤——轻度”，不在保障范围内： ICD-O-3 肿瘤形态学编码属于 0（良性肿瘤）、1（动态未定性肿瘤）、2（原位癌和非侵袭性癌）范畴的疾病，如： 1.原位癌，癌前病变，非浸润性癌，非侵袭性癌，肿瘤细胞未侵犯基底层，上皮内瘤变，细胞不典型性增生等； 2.交界性肿瘤，交界恶性肿瘤，肿瘤低度恶性潜能，潜在低度恶性肿瘤等。 4 原位癌：恶性细胞局限于上皮内尚未穿破基底膜浸润周围正常组织的癌细胞新生物，且须满足全部以下两个条件： 1.必须经对固定活组织的组织病理学检查明确诊断，属于世界卫生组织《疾病和有关健康问题的国际统计分类》第 十次修订版（ICD-10）的原位癌范畴（D00-D09）； 2.被保险人必须已经接受了针对原位癌病灶的手术治疗。 5 意外伤害事故：指遭受外来的、突发的、非本意的、非疾病的'}, {'content': '计划一和计划三的年度免赔额为1万元，计划二和计划四的年度免赔额为2万元。'}]","14, 18, 26, 33, 34, 41"
移小保仁孝保中老年医疗险,产品：移小保仁孝保中老年医疗险	问题：如果从其他保险获得赔付，会影响这个保险的理赔吗？,"根据移小保仁孝保中老年医疗险的相关条款，从其他保险获得赔付会影响本保险的理赔金额。

具体说明如下：

**理赔计算公式：**
一般医疗保险金＝（医疗费用 - 针对该医疗费用的补偿、赔偿 - 年度免赔额）× 给付比例

**需要扣除的其他补偿来源包括：**
1. 基本医疗保险、城乡居民大病保险已支付的部分
2. 商业保险已支付的部分
3. 公费医疗、国家公务员医疗补助已支付的部分
4. 其他政府机构或社会福利机构、公益慈善机构获得的药品费用补偿
5. 从侵权方或第三方获得的针对该医疗费用的赔偿

**理赔申请要求：**
申请理赔时，如果已从其他途径获得了医疗费用补偿，必须提供从其他途径报销的凭证。

**总结：**
该保险采用费用补偿原则，即总的理赔金额不会超过实际发生的医疗费用。如果您从其他保险获得了赔付，这些赔付金额将在计算本保险理赔款时被扣除，确保您不会因同一医疗费用获得重复赔付。","[{'content': '范、通行治疗方法、平均医疗费用价格水平一致的费用。 对是否符合通常惯例以及是否医学必要由我们根据客观、审慎、合理的原则进行审核；如果您或被保险人对审核 结果有不同意见，可由双方认同的权威医学机构或者权威医学专家进行审核鉴定。 10 针对该医疗费用的补偿、赔偿：包括以下情形： （1）基本医疗保险、城乡居民大病保险已支付的部分； （2）商业保险已支付的部分； （3）公费医疗、国家公务员医疗补助已支付的部分； （4）其他政府机构或者社会福利机构、公益慈善机构获得的药品费用补偿部分； （5）从侵权方或第三方获得的针对该医疗费用的赔偿。 11 保单年度：指从保险合同生效日或保单周年日的零时起至下一年度保单周年日的前一日二十四时止为一个保单年 度。 12 公费医疗：指国家为保障国家工作人员而实行的、通过医疗卫生部门按规定向享受人员提供免费医疗及预防服务 的一项社保制度。 13 基本医疗保险：指职工基本'}, {'content': '费用补偿抵扣年度免赔额为 5000 元，此时年度免赔额减少至 5000 元。在王 先生获得理赔后，该保单年度内的年度免赔额减少至 0 元。本例中王先生为投保人、被保险人及受益人， 招商局仁和人寿保险股份有限公司为保险人。 保险金 领取人 领取金额 案例描述 意外及恶性肿瘤医疗保险金 王先生 （20 万元-（5 万元+5000 元）-5000 元）\uf0cd100%=14 万元 王先生在保险期间内等待 期后初次确诊“恶性肿瘤 ——重度” 我们在同一保单年度内累计给付的意外及恶性肿瘤医疗保险金数额达到本主险合同约定的意外及恶性 肿瘤医疗保险金基本保险金额时，本项保险责任在该保单年度内终止。 以上举例仅供您更好地理解产品之用，您所购买产品的具体保险利益以保险合同中载明的为准。 第 1 页 共 20 页 您应当特别注意的事项 本产品保险责任有等待期，请您留意........................'}, {'content': '特定医疗机构进行治疗，对于被保险人所发生的必要且合理的下列（一）-（五）类医疗费用，我 们按以下公式给付一般医疗保险金： 一般医疗保险金＝（医疗费用 - 针对该医疗费用的补偿、赔偿 - 年度免赔额）× 给付比例 计划三的一般医疗保险金和意外及恶性肿瘤医疗保险金共同使用同一个年度免赔额，计划四的 一般医疗保险金和意外及恶性肿瘤医疗保险金共同使用同一个年度免赔额，具体由您投保时与我们 32 处方：指由注册的执业医师和在诊疗活动中为患者开具的、由取得药学专业技术职务任职资格的药学专业技术人 员审核、调配、核对，并作为患者用药凭证的医疗文书。处方包括医疗机构病区用药医嘱单。 33 我们指定的药品清单：我们在承保时与您约定的属于保险责任的符合附表约定的特定药品清单。 34 我们认可的药店：经我们审核认可，能够满足下列全部条件，为被保险人提供“恶性肿瘤——重度”药品处方审 核、购药或配送服务的药店，具'}, {'content': '程度等难以确定的，我们对无法确定的部分，不承担给付保险金的责任，但我们通过其他途径已 经及时知道或者应当及时知道保险事故发生或者虽未及时通知但不影响我们确定保险事故的性质、 原因、损失程度的除外。 第十一条 保险金的申请 一、意外及恶性肿瘤医疗保险金给付的申请 在申请意外及恶性肿瘤医疗保险金时，受益人须填写保险金给付申请书，并提供下列书面证明 和资料： （一）保险合同原件或其他保险凭证； （二）受益人的有效身份证件； （三）由我们认可的医院或特定医疗机构出具的医疗费用原始结算凭证、医疗费用结算清单、 诊断证明（在我们认可的医院由专科医生明确诊断并出具；如被保险人确诊罹患“恶性肿瘤——重 度”、“恶性肿瘤——轻度”或原位癌的，则是在我们认可的医院由专科医生明确诊断并出具的可 证明确诊的诊断证明书和诊断确诊必需的检查报告）及病历等相关资料； （四）我们认可的药店出具的药品费用清单、药品费用原始'}, {'content': '： （一）保险合同原件或其他保险凭证； （二）受益人的有效身份证件； （三）由我们认可的医院或特定医疗机构出具的医疗费用原始结算凭证、医疗费用结算清单、 第 13 页 共 20 页 诊断证明及病历等相关资料； （四）我们认可的药店出具的药品费用清单、药品费用原始结算凭证，医院出具的被保险人的 处方、门诊及住院病历、入出院记录以及与诊断证明相关的病理显微镜检查、血液检验及其他科学 方法检验报告； （五）若已从其他途径获得了医疗费用补偿，则须提供从其他途径报销的凭证； （六）受益人所能提供的与确认保险事故的性质、原因、发生时间等相关的其他证明、资料。 对于我们已经与我们认可的药店直接结算的特定药品费用，我们不再接受被保险人对该部分保 险金的申请。 以上受益人提交的证明和资料不完整的，我们将及时一次性通知需补充提供的有关证明和资料。 第十二条 院外药房直付用药流程 在本主险合同有效期内，若被保险'}, {'content': '更好地理解产品之用，您所购买产品的具体保险利益以保险合同中载明的为准。 第 1 页 共 20 页 您应当特别注意的事项 本产品保险责任有等待期，请您留意............................................第二条 在责任免除的情况下，我们不承担保险责任..............................第五条、第六条 解除保险合同会给您造成一定的损失，请您慎重决策............................第十五条 请您特别注意一些重要术语的释义............................................每页脚注 条款目录 第一章 我们保什么、 保多久 第一条 基本保险金额 第二条 保险责任 第三条 保险期间 第四条 续保 第二章 我们不保什么 第五条 责任免除 第六条 其他免责条款 ¥ 第三章 如何支付保险'}, {'content': '包括意外及恶性肿瘤住院医疗费用、恶性肿瘤特殊门诊医疗费用、意外及恶性肿瘤门诊手术医疗费用、意外及恶性肿瘤住院前后门急诊医疗费用、住院医疗费用、特殊门诊医疗费用、门诊手术医疗费用、住院前后门急诊医疗费用、“恶性肿瘤——重度”特定药品费用。'}]","3, 4, 20, 34, 59, 61"
移小保仁孝保中老年医疗险,产品：移小保仁孝保中老年医疗险	问题：恶性肿瘤医疗保险金的赔付比例是多少？,"根据提供的条款内容，移小保仁孝保中老年医疗险的恶性肿瘤医疗保险金赔付比例为100%。

具体计算公式为：
意外及恶性肿瘤医疗保险金＝（意外及恶性肿瘤医疗费用 - 针对该医疗费用的补偿、赔偿 - 年度免赔额）× 100%

其中：
- 计划一和计划三的年度免赔额为1万元
- 计划二和计划四的年度免赔额为2万元

需要注意的是，赔付金额需扣除已从其他途径获得的医疗费用补偿，且公费医疗、基本医疗保险或城乡居民大病保险报销部分不可用于抵扣年度免赔额。","[{'content': '特定医疗机构进行治疗，对于被保险人所发生的必要且合理的下列（一）-（五）类医疗费用，我 们按以下公式给付一般医疗保险金： 一般医疗保险金＝（医疗费用 - 针对该医疗费用的补偿、赔偿 - 年度免赔额）× 给付比例 计划三的一般医疗保险金和意外及恶性肿瘤医疗保险金共同使用同一个年度免赔额，计划四的 一般医疗保险金和意外及恶性肿瘤医疗保险金共同使用同一个年度免赔额，具体由您投保时与我们 32 处方：指由注册的执业医师和在诊疗活动中为患者开具的、由取得药学专业技术职务任职资格的药学专业技术人 员审核、调配、核对，并作为患者用药凭证的医疗文书。处方包括医疗机构病区用药医嘱单。 33 我们指定的药品清单：我们在承保时与您约定的属于保险责任的符合附表约定的特定药品清单。 34 我们认可的药店：经我们审核认可，能够满足下列全部条件，为被保险人提供“恶性肿瘤——重度”药品处方审 核、购药或配送服务的药店，具'}, {'content': '主要为了个人舒适或者为了被保险人父母、家庭、医师或其他医疗提供方的方便； e.非病人学术教育或职业培训的一部分或与之相关； f.非试验性或研究性。 第 4 页 共 20 页 意外及恶性肿瘤医疗保险金＝（意外及恶性肿瘤医疗费用 - 针对该医疗费用的补偿、赔偿10 - 年度免赔额）× 给付比例 其中，计划一和计划三的年度免赔额为 1 万元，计划二和计划四的年度免赔额为 2 万元。 年度免赔额指一个保单年度11内的免赔额，即被保险人自行承担，本主险合同不予赔偿的部分。 公费医疗12、基本医疗保险13或城乡居民大病保险14报销部分不可用于抵扣年度免赔额；通过其他途 径获得的医疗费用补偿可用于抵扣年度免赔额。 本主险合同的年度免赔额由您投保时与我们约定并在保险单上载明，且在保证续保期间内不允 许变更。 （一）意外及恶性肿瘤住院医疗费用 如果被保险人因意外伤害事故经我们认可的医院诊断必须住院15治疗或'}, {'content': '险期间内，如果被保险人因意外伤害事故在我们认可的医院6进行治疗，或在等 待期后由我们认可的医院的专科医生7初次确诊发生本主险合同定义的“恶性肿瘤——重度”、“恶性 肿瘤——轻度”或原位癌并在我们认可的医院或特定医疗机构8进行治疗，对于被保险人所发生的必 要且合理9的下列（一）-（五）类医疗费用，我们按以下公式给付意外及恶性肿瘤医疗保险金： 3 恶性肿瘤——轻度：指恶性细胞不受控制的进行性增长和扩散，浸润和破坏周围正常组织，可以经血管、淋巴管和 体腔扩散转移到身体其他部位，病灶经组织病理学检查（涵盖骨髓病理学检查）结果明确诊断，临床诊断属于世界 卫生组织（WHO， World Health Organization）《疾病和有关健康问题的国际统计分类》第十次修订版（ICD-10） 的恶性肿瘤类别及《国际疾病分类肿瘤学专辑》第三版（ICD-O-3）的肿瘤形态学编码属于 3、6、9（恶性肿瘤） '}, {'content': '赔额。 本主险合同的年度免赔额由您投保时与我们约定并在保险单上载明，且在保证续保期间内不允 许变更。 （一）意外及恶性肿瘤住院医疗费用 如果被保险人因意外伤害事故经我们认可的医院诊断必须住院15治疗或在等待期后因初次确诊 发生本主险合同定义的“恶性肿瘤——重度”、“恶性肿瘤——轻度”或原位癌经我们认可的医院或 特定医疗机构诊断必须住院治疗，我们对被保险人在保险期间内实际发生的必要且合理的住院医疗 费用按约定的给付方式给付意外及恶性肿瘤医疗保险金。 意外及恶性肿瘤住院医疗费用包括床位费16、重症监护室床位费17、膳食费18、治疗费19、医生诊 （2）符合通常惯例：指与接受医疗服务所在地通行治疗规范、通行治疗方法、平均医疗费用价格水平一致的费用。 对是否符合通常惯例以及是否医学必要由我们根据客观、审慎、合理的原则进行审核；如果您或被保险人对审核 结果有不同意见，可由双方认同的权威医学机构或者权'}, {'content': '瘤医疗保险金的责任。 若本主险合同不再续保，本主险合同保险期间届满时被保险人“恶性肿瘤——重度”治疗仍未 结束的，除另有约定外，我们对于被保险人符合本主险合同约定的“恶性肿瘤——重度”特定药品 费用，在最后一个保单年度的意外及恶性肿瘤医疗保险金基本保险金额范围内继续承担保险责任， 并以初次确诊发生“恶性肿瘤——重度”之日起 1 年为限。 我们在同一保单年度内累计给付的意外及恶性肿瘤医疗保险金数额达到本主险合同约定的意外 及恶性肿瘤医疗保险金基本保险金额时，本项保险责任在该保单年度内终止。 二、一般医疗保险金 在本主险合同保险期间内，如果被保险人因意外伤害事故或等待期后因疾病在我们认可的医院 或特定医疗机构进行治疗，对于被保险人所发生的必要且合理的下列（一）-（五）类医疗费用，我 们按以下公式给付一般医疗保险金： 一般医疗保险金＝（医疗费用 - 针对该医疗费用的补偿、赔偿 - 年度免赔额）×'}, {'content': '付方式给付 意外及恶性肿瘤医疗保险金。 （四）意外及恶性肿瘤住院前后门急诊医疗费用 20 医生诊疗费：指由医生所实施的病情咨询及检查、各种器械或者仪器检查、诊断、治疗方案拟订等各项医疗服务 所收取的费用。 21 手术费：指当地卫生行政部门规定的手术项目的费用。包括手术费、麻醉费、手术监测费、手术材料费、术中用药 费、手术设备费。若因器官移植而发生的手术费用，不包括器官本身的费用和获取器官过程中的费用。 22 药品费：指在住院就医期间根据医生开具的处方在医院内发生的具有国家药品监督管理部门核发的药品批准文号 或者进口药品注册证书、医药产品注册证书的国产或进口药品的费用。但不包括营养补充类药品，免疫功能调节类 药品，美容及减肥类药品，预防类药品，以及下列中药类药品： （1）主要起营养滋补作用的单方、复方中药或中成药品，如花旗参，冬虫草，白糖参，朝鲜红参，玳瑁，蛤蚧， 珊瑚，狗宝，红参，琥珀，灵'}, {'content': '100%'}]","3, 12, 18, 19, 26, 33, 34, 41"
移小保仁孝保中老年医疗险,产品：移小保仁孝保中老年医疗险	问题：投保后可以变更保障计划吗？,"根据移小保仁孝保中老年医疗险条款第二十一条""合同内容的变更""规定：

**投保后不能随意变更保障计划**。条款明确指出，保障计划在投保时确定并在保险单上载明，且在保证续保期间内不允许变更。

如需变更合同内容，必须：
1. 经投保人和保险公司协商同意
2. 由保险公司签发批单后生效
3. 变更不得违反法律法规及保险监管机构相关规定

因此，在投保时选择的保障计划（计划一、计划二等）在保险期间内是无法变更的。如有变更需求，需要在续保时重新选择。","[{'content': '十九条 年龄确定与错误处理 第二十条 欠款扣除 第二十一条 合同内容的变更 第二十二条 争议处理 附表一：招商局仁和人寿保险股份有限公司 附表 招商仁和仁孝保老年综合医疗保险（互联网）保障计划 附表二：招商仁和仁孝保老年综合医疗保险（互联网）特定药品清单 第 2 页 共 20 页 招商仁和仁孝保老年综合医疗保险（互联网）条款 本条款中的每一部分都关乎到您的切身利益，请务必逐条仔细阅读并关注注释内容。 在本条款中，“您”均指投保人，“我们”均指招商局仁和人寿保险股份有限公司。 第一章 我们保什么、保多久 这部分讲的是我们提供的保障以及我们提供保障的期间。 第一条 基本保险金额 本主险合同意外及恶性肿瘤医疗保险金和一般医疗保险金的基本保险金额均为人民币 200 万元。 第二条 保险责任 您在投保时应与我们协商确定被保险人的保障计划，并在保险单上载明。本主险合同的保障计 划分为计划一、计划二、计'}, {'content': '的保险需求，保险合同约定投 保人签收保险合同之日起的十五日（指自然日，下同）内可以解除保险合同， 保险公司将无息退回投保人已交纳的保险费。该期间称为犹豫期。 投保案例 王先生（60 周岁,有社保）为自己购买了招商仁和仁孝保老年综合医疗保险（互联网），选择保障计划为 计划一，年度免赔额 1 万元，意外及恶性肿瘤医疗保险金的基本保险金额为人民币 200 万元，首次投保 保险费为 1505 元。在保险期间内等待期后王先生因初次确诊“恶性肿瘤——重度”而发生医疗费用 20 万 元，其中公费医疗、基本医疗保险或城乡居民大病保险报销 5 万元，从其他途径获得医疗费用补偿 5000 元，从其他途径获得的医疗费用补偿抵扣年度免赔额为 5000 元，此时年度免赔额减少至 5000 元。在王 先生获得理赔后，该保单年度内的年度免赔额减少至 0 元。本例中王先生为投保人、被保险人及受益人， 招商局仁和人寿保险股'}, {'content': '在给付保险金时按实付保险费和应付保险费的比例给付。 （三）您申报的被保险人年龄不真实，致使您实付保险费多于应付保险费的，我们会将多收的 保险费无息退还给您。 第二十条 欠款扣除 我们在给付保险金、退还本主险合同现金价值或保险费时，如您有欠交保险费或其他欠款未还， 我们有权在扣除上述欠款及应付利息后给付。 第二十一条 合同内容的变更 除本主险合同另有约定外，经您和我们协商同意后，可变更本主险合同的有关内容，并由我们 签发批单后生效。但本主险合同内容的变更不得违反法律法规及保险监督管理机构相关规定。 为了保障您的合法权益，您或被保险人的通讯地址、电子邮箱或电话等联系方式变更时，应及 时以书面形式通知我们。您或被保险人不作上述通知的，我们将按投保单或批单上所载的您或被保 险人的最后联系方式发送通知，并均视为已送达给您或被保险人。 60 周岁：指以有效身份证件中记载的出生日期为基础计算的年龄，自出'}, {'content': '被保险人投保了计划三或计划四，且被保险人发生的医疗费用同时满足意外及恶性肿瘤保 险金和一般医疗保险金的给付条件，我们先以意外及恶性肿瘤医疗保险金给付，超出意外及恶性肿 瘤医疗保险金基本保险金额的部分以一般医疗保险金给付。 第三条 保险期间 本主险合同的保险期间为一年，自本主险合同生效日零时起至约定期满日二十四时止，并在保 险单上载明。 第四条 续保 自您首次投保本主险合同的生效日起，每 6 年为一保证续保期间。在保证续保期间内的前五个 保险期间届满前，若我们未收到您停止续保本主险合同的书面申请，则视作您提出续保申请，我们 按续保时被保险人年龄对应的费率收取保险费后，本主险合同将延续有效一年。 在每个保证续保期间的最后一个保险期间届满前，您需要主动提出续保申请，我们将重新审核 被保险人是否符合续保条件。如果我们同意续保，本主险合同进入下一个保证续保期间，按照本条 第一款规则续保；如果我们不同'}, {'content': '效力终止。 第四章 如何领取保险金 这部分讲的是谁有权领取，如何领取保险金。 第九条 受益人的指定和变更 除另有约定外，本主险合同各项保险金的受益人均为被保险人本人。 57 保险费约定支付日：指保险合同生效日在每月或每年（根据交费方式确定）的对应日。如果当月无对应的同一日， 则以该月最后一日为对应日。 第 12 页 共 20 页 被保险人为无民事行为能力人或限制民事行为能力人的，可以由其监护人指定受益人。 您或者被保险人可以变更受益人并书面通知我们。我们收到变更受益人的书面通知后，在保险 单或其他保险凭证上批注或附贴批单。 您在指定和变更受益人时，必须经过被保险人书面同意。 被保险人身故后，有下列情形之一的，保险金作为被保险人的遗产，由我们依照关于继承的法 律法规履行给付保险金的义务： 一、没有指定受益人，或者受益人指定不明无法确定的； 二、受益人先于被保险人身故，没有其他受益人的； 三、'}, {'content': '单上载明，且在保证续保期间内不允许变更。 （一）住院医疗费用 如果被保险人因意外伤害事故或等待期后因疾病经我们认可的医院或特定医疗机构诊断必须住 院治疗，我们对被保险人在保险期间内实际发生的必要且合理的住院医疗费用按约定的给付方式给 付一般医疗保险金。 住院医疗费用具体包括床位费、重症监护室床位费、膳食费、治疗费、医生诊疗费、手术费、药 品费、检查化验费、护理费、救护车费等，但不包括本条“恶性肿瘤——重度”特定药品费用。 在同一保单年度内，我们对一般医疗保险金所承担的住院医疗费用的给付日数以一百八十日为 限。若本主险合同不再续保，对保险期间届满前发生的且延续至保险期间届满后九十日（含）内的 符合本主险合同约定的住院治疗，对于必要且合理的住院医疗费用，我们仍在本主险合同约定的给 付日数范围内承担给付一般医疗保险金的责任。 （二）特殊门诊医疗费用 如果被保险人因意外伤害事故或等待期后因疾病经我'}, {'content': '续保或因遭受意外伤害事故发生保险事故的，无等待期。若不再续保且“恶性肿瘤——重度”治疗未结束，我们继续承担保险责任，以初次确诊日起1年为限。在保证续保期间内或经审核同意进入下一保证续保期间，未支付下一期保险费的，有60天宽限期。'}]","2, 6, 36, 42, 57, 70"
移小保仁孝保中老年医疗险,产品：移小保仁孝保中老年医疗险	问题：保险期间内可以增加或减少保额吗？,"根据移小保仁孝保中老年医疗险的相关条款内容，在保险期间内**不能增加或减少保额**。

从提供的材料可以看出：
- 投保时需确定保障计划（计划一、计划二、计划三等），并在保险单上载明
- 基本保险金额在投保时确定，意外及恶性肿瘤医疗保险金和一般医疗保险金的基本保险金额均为人民币200万元
- 条款中未提及保险期间内调整保额的相关规定

建议在投保时根据自身保障需求选择合适的保障计划，因为保险期间内无法调整保额。如有其他保险需求，可在续保时重新选择适合的保障计划。","[{'content': '费用补偿抵扣年度免赔额为 5000 元，此时年度免赔额减少至 5000 元。在王 先生获得理赔后，该保单年度内的年度免赔额减少至 0 元。本例中王先生为投保人、被保险人及受益人， 招商局仁和人寿保险股份有限公司为保险人。 保险金 领取人 领取金额 案例描述 意外及恶性肿瘤医疗保险金 王先生 （20 万元-（5 万元+5000 元）-5000 元）\uf0cd100%=14 万元 王先生在保险期间内等待 期后初次确诊“恶性肿瘤 ——重度” 我们在同一保单年度内累计给付的意外及恶性肿瘤医疗保险金数额达到本主险合同约定的意外及恶性 肿瘤医疗保险金基本保险金额时，本项保险责任在该保单年度内终止。 以上举例仅供您更好地理解产品之用，您所购买产品的具体保险利益以保险合同中载明的为准。 第 1 页 共 20 页 您应当特别注意的事项 本产品保险责任有等待期，请您留意........................'}, {'content': '的保险需求，保险合同约定投 保人签收保险合同之日起的十五日（指自然日，下同）内可以解除保险合同， 保险公司将无息退回投保人已交纳的保险费。该期间称为犹豫期。 投保案例 王先生（60 周岁,有社保）为自己购买了招商仁和仁孝保老年综合医疗保险（互联网），选择保障计划为 计划一，年度免赔额 1 万元，意外及恶性肿瘤医疗保险金的基本保险金额为人民币 200 万元，首次投保 保险费为 1505 元。在保险期间内等待期后王先生因初次确诊“恶性肿瘤——重度”而发生医疗费用 20 万 元，其中公费医疗、基本医疗保险或城乡居民大病保险报销 5 万元，从其他途径获得医疗费用补偿 5000 元，从其他途径获得的医疗费用补偿抵扣年度免赔额为 5000 元，此时年度免赔额减少至 5000 元。在王 先生获得理赔后，该保单年度内的年度免赔额减少至 0 元。本例中王先生为投保人、被保险人及受益人， 招商局仁和人寿保险股'}, {'content': '知我们。您或被保险人不作上述通知的，我们将按投保单或批单上所载的您或被保 险人的最后联系方式发送通知，并均视为已送达给您或被保险人。 60 周岁：指以有效身份证件中记载的出生日期为基础计算的年龄，自出生之日起为零周岁，每经过一年增加一岁， 不足一年的不计。例如，出生日期为 2010 年 10 月 1 日，2010 年 10 月 1 日至 2011 年 9 月 30 日期间为 0 周岁， 2011 年 10 月 1 日至 2012 年 9 月 30 日期间为 1 周岁，依此类推。 第 16 页 共 20 页 第二十二条 争议处理 因履行本主险合同发生的争议，合同双方不能通过协商解决的，可以达成仲裁协议通过仲裁解 决，或者依法向人民法院提起诉讼。 第 17 页 共 20 页 附表一： 招商局仁和人寿保险股份有限公司 招商仁和仁孝保老年综合医疗保险（互联网）保障计划 单位：人民币元 保障计划 年'}, {'content': '招商仁和[2024] 医疗保险 079 号 招商仁和仁孝保老年综合医疗保险（互联网）条款 请扫描以查询验证条款 阅 读 指 引 本．阅读指引有助于您 ．．．．．．．．（投保人，以下含义相同） ．．．．．．．．．．．．理解条款，对 ．．．．．．本主险合同 ．．．．．．．．．．． ．．．．．内容的解释以条款为准。 重要权益 招商仁和仁孝保老年综合医疗保险（互联网）产品提供医疗保障。 ☆ 投保人指购买保险并交纳保险费的人。 ☆ 被保险人指受保险合同保障的人。 ☆ 受益人指发生保险事故后领取保险金的人。 常用术语 ☆ 保险人指招商局仁和人寿保险股份有限公司。 ☆ 犹豫期是指为了使投保人能够冷静考虑自己的保险需求，保险合同约定投 保人签收保险合同之日起的十五日（指自然日，下同）内可以解除保险合同， 保险公司将无息退回投保人已交纳的保险费。该期间称为犹豫期。 投保案例 王先生（60 周岁,有社保）为自'}, {'content': '十九条 年龄确定与错误处理 第二十条 欠款扣除 第二十一条 合同内容的变更 第二十二条 争议处理 附表一：招商局仁和人寿保险股份有限公司 附表 招商仁和仁孝保老年综合医疗保险（互联网）保障计划 附表二：招商仁和仁孝保老年综合医疗保险（互联网）特定药品清单 第 2 页 共 20 页 招商仁和仁孝保老年综合医疗保险（互联网）条款 本条款中的每一部分都关乎到您的切身利益，请务必逐条仔细阅读并关注注释内容。 在本条款中，“您”均指投保人，“我们”均指招商局仁和人寿保险股份有限公司。 第一章 我们保什么、保多久 这部分讲的是我们提供的保障以及我们提供保障的期间。 第一条 基本保险金额 本主险合同意外及恶性肿瘤医疗保险金和一般医疗保险金的基本保险金额均为人民币 200 万元。 第二条 保险责任 您在投保时应与我们协商确定被保险人的保障计划，并在保险单上载明。本主险合同的保障计 划分为计划一、计划二、计'}, {'content': '们应向您说明本主险合同的内容。 59 现金价值：若保险费交费方式为年交的，现金价值=年交保险费×（1-35%）×（1-保单经过日数/保险期间的日 数），经过日数不足 1 日的按 1 日计算；若保险费交费方式为月交的，现金价值=月交保险费×（1-35%）×（1-该 月交保险费所保障期间的已经过日数/该月交保险费所保障期间的日数），经过日数不足 1 日的按 1 日计算。 第 15 页 共 20 页 对保险条款中免除我们责任的条款，我们在订立合同时应当在投保单、保险单或者其他保险凭 证上作出足以引起您注意的提示，并对该条款的内容以书面或者口头形式向您作出明确说明，未作 提示或者明确说明的，该条款不产生效力。 我们就您和被保险人的有关情况提出询问，您应当如实告知。 如果您故意或者因重大过失未履行前款规定的如实告知义务，足以影响我们决定是否同意承保 或者提高保险费率的，我们有权解除本主险合同。 如果'}, {'content': '包括意外及恶性肿瘤住院医疗费用、恶性肿瘤特殊门诊医疗费用、意外及恶性肿瘤门诊手术医疗费用、意外及恶性肿瘤住院前后门急诊医疗费用、住院医疗费用、特殊门诊医疗费用、门诊手术医疗费用、住院前后门急诊医疗费用、“恶性肿瘤——重度”特定药品费用。'}]","1, 2, 3, 6, 67, 71"
移小保仁孝保中老年医疗险,产品：移小保仁孝保中老年医疗险	问题：犹豫期内退保会收取手续费吗？,"根据移小保仁孝保中老年医疗险的相关条款，在犹豫期内退保不会收取任何手续费。

具体说明如下：
- 犹豫期为投保人签收保险合同之日起的15个自然日
- 在此期间解除保险合同，保险公司将无息退还您已交纳的全部保险费
- 您需要填写解除合同申请书，并提供保险合同原件及有效身份证件

犹豫期后退保则会按现金价值计算，可能造成一定经济损失。","[{'content': '同。我们将无息退还您已交纳的 保险费。 解除本主险合同时，您需要填写申请书，并提供您的保险合同及有效身份证件。自我们收到您 解除合同的书面申请时起，本主险合同即被解除，我们对合同解除前发生的保险事故不承担保险责 任。 第十五条 您解除合同的手续及风险 犹豫期后，您可以以书面形式或双方认可的其他形式通知我们解除本主险合同。 要求解除本主险合同时，您应提供下列文件和资料： 一、解除合同申请书； 二、保险合同原件或其他保险凭证； 三、您的有效身份证件。 自我们收到解除合同申请书时起，本主险合同终止。我们自收到上述证明文件和资料之日起三 十日内向您退还本主险合同的现金价值59。 您解除合同会遭受一定损失。 解除合同后，您会失去原有的保障。 第六章 需关注的其他内容 这部分讲的是您应当注意的其他事项。 第十六条 保险合同的构成 本主险合同由保险单或其他书面保险凭证及所附招商仁和仁孝保老年综合医疗保险'}, {'content': '的保险需求，保险合同约定投 保人签收保险合同之日起的十五日（指自然日，下同）内可以解除保险合同， 保险公司将无息退回投保人已交纳的保险费。该期间称为犹豫期。 投保案例 王先生（60 周岁,有社保）为自己购买了招商仁和仁孝保老年综合医疗保险（互联网），选择保障计划为 计划一，年度免赔额 1 万元，意外及恶性肿瘤医疗保险金的基本保险金额为人民币 200 万元，首次投保 保险费为 1505 元。在保险期间内等待期后王先生因初次确诊“恶性肿瘤——重度”而发生医疗费用 20 万 元，其中公费医疗、基本医疗保险或城乡居民大病保险报销 5 万元，从其他途径获得医疗费用补偿 5000 元，从其他途径获得的医疗费用补偿抵扣年度免赔额为 5000 元，此时年度免赔额减少至 5000 元。在王 先生获得理赔后，该保单年度内的年度免赔额减少至 0 元。本例中王先生为投保人、被保险人及受益人， 招商局仁和人寿保险股'}, {'content': '失。 解除合同后，您会失去原有的保障。 第六章 需关注的其他内容 这部分讲的是您应当注意的其他事项。 第十六条 保险合同的构成 本主险合同由保险单或其他书面保险凭证及所附招商仁和仁孝保老年综合医疗保险（互联网） 条款、投保单、与本主险合同有关的其他投保文件、声明、批注、批单及其他您与我们共同认可的 书面或电子协议构成。 第十七条 保险合同成立与生效 您提出保险申请、我们同意承保，本主险合同成立。 本主险合同的成立日、生效日均以保险单或其他保险凭证所载的日期为准。保险合同期满日以 合同生效日为基准计算。 我们自本主险合同生效时开始承担保险责任。 第十八条 明确说明与如实告知 订立本主险合同时，我们应向您说明本主险合同的内容。 59 现金价值：若保险费交费方式为年交的，现金价值=年交保险费×（1-35%）×（1-保单经过日数/保险期间的日 数），经过日数不足 1 日的按 1 日计算；若保险费交'}, {'content': '更好地理解产品之用，您所购买产品的具体保险利益以保险合同中载明的为准。 第 1 页 共 20 页 您应当特别注意的事项 本产品保险责任有等待期，请您留意............................................第二条 在责任免除的情况下，我们不承担保险责任..............................第五条、第六条 解除保险合同会给您造成一定的损失，请您慎重决策............................第十五条 请您特别注意一些重要术语的释义............................................每页脚注 条款目录 第一章 我们保什么、 保多久 第一条 基本保险金额 第二条 保险责任 第三条 保险期间 第四条 续保 第二章 我们不保什么 第五条 责任免除 第六条 其他免责条款 ¥ 第三章 如何支付保险'}, {'content': '“第十八条 明确说明与如实告知”、“第十九条 年龄确定与错误处理”、“脚注1 初次确诊”、“脚注 2 恶性肿瘤——重度”、“脚注3 恶性肿瘤——轻度”、“脚注5 意外伤害事故”、“脚注6 我们认可 的医院”、“脚注15 住院”、“脚注16 床位费”、“脚注18 膳食费”、“脚注19 治疗费”、“脚 注21 手术费”、“脚注22 药品费”中背景突出显示的内容。 第三章 如何支付保险费 这部分讲的是您应当按时交纳保险费，如果不及时交费可能会导致合同效力终止。 第七条 保险费的支付 本主险合同的保险费交费方式由您和我们约定并载明于保险单上。 保险费的交费方式分为按年交和月交，由您在投保时选择。 若您选择月交方式交纳保险费的，在交纳首月保险费后，您应当在每个保险费约定支付日57交纳 下一个月的保险费。 第八条 宽限期 分期支付保险费的，在支付首期保险费后，除本主险合同另有约定外，如果您到期未支付保'}, {'content': '效力终止。 第四章 如何领取保险金 这部分讲的是谁有权领取，如何领取保险金。 第九条 受益人的指定和变更 除另有约定外，本主险合同各项保险金的受益人均为被保险人本人。 57 保险费约定支付日：指保险合同生效日在每月或每年（根据交费方式确定）的对应日。如果当月无对应的同一日， 则以该月最后一日为对应日。 第 12 页 共 20 页 被保险人为无民事行为能力人或限制民事行为能力人的，可以由其监护人指定受益人。 您或者被保险人可以变更受益人并书面通知我们。我们收到变更受益人的书面通知后，在保险 单或其他保险凭证上批注或附贴批单。 您在指定和变更受益人时，必须经过被保险人书面同意。 被保险人身故后，有下列情形之一的，保险金作为被保险人的遗产，由我们依照关于继承的法 律法规履行给付保险金的义务： 一、没有指定受益人，或者受益人指定不明无法确定的； 二、受益人先于被保险人身故，没有其他受益人的； 三、'}, {'content': '15天'}]","2, 4, 55, 57, 65, 66"
移小保仁孝保中老年医疗险,产品：移小保仁孝保中老年医疗险	问题：保险事故发生后需要在多长时间内通知保险公司？,"根据移小保仁孝保中老年医疗险的相关条款，保险事故发生后：

**应在知道保险事故发生后及时通知保险公司**。

具体来说：
- 条款中明确提到""虽未及时通知但不影响我们确定保险事故的性质、原因、损失程度的除外""
- 受益人请求给付保险金的诉讼时效期间为两年，自其知道或者应当知道保险事故发生之日起计算

建议在发生保险事故后尽快通知保险公司，以便及时启动理赔流程，避免因延迟通知可能对理赔造成的不必要影响。","[{'content': '医疗费用 如果被保险人因意外伤害事故或等待期后因疾病经我们认可的医院或特定医疗机构诊断必须接 受门诊手术治疗，我们对被保险人在保险期间内实际发生的必要且合理的门诊手术医疗费用按约定 的给付方式给付一般医疗保险金。 （四）住院前后门急诊医疗费用 如果被保险人因意外伤害事故或等待期后因疾病经我们认可的医院或特定医疗机构诊断必须住 院治疗，我们对被保险人在住院前三十日（含住院当日）及住院后三十日（含出院当日）内与该次 住院相同原因而发生的门急诊医疗费用（不包括门诊肾透析、门诊“恶性肿瘤——重度”、“恶性肿 瘤——轻度”或原位癌治疗、器官移植后的门诊抗排异治疗费用和门诊手术医疗费用）按约定的给 付方式给付一般医疗保险金。 （五）“恶性肿瘤——重度”特定药品费用 如果被保险人在等待期后由我们认可的医院的专科医生初次确诊发生本主险合同定义的“恶性 肿瘤——重度”，我们对于被保险人治疗该“恶性肿瘤——重'}, {'content': '程度等难以确定的，我们对无法确定的部分，不承担给付保险金的责任，但我们通过其他途径已 经及时知道或者应当及时知道保险事故发生或者虽未及时通知但不影响我们确定保险事故的性质、 原因、损失程度的除外。 第十一条 保险金的申请 一、意外及恶性肿瘤医疗保险金给付的申请 在申请意外及恶性肿瘤医疗保险金时，受益人须填写保险金给付申请书，并提供下列书面证明 和资料： （一）保险合同原件或其他保险凭证； （二）受益人的有效身份证件； （三）由我们认可的医院或特定医疗机构出具的医疗费用原始结算凭证、医疗费用结算清单、 诊断证明（在我们认可的医院由专科医生明确诊断并出具；如被保险人确诊罹患“恶性肿瘤——重 度”、“恶性肿瘤——轻度”或原位癌的，则是在我们认可的医院由专科医生明确诊断并出具的可 证明确诊的诊断证明书和诊断确诊必需的检查报告）及病历等相关资料； （四）我们认可的药店出具的药品费用清单、药品费用原始'}, {'content': '给付申请书及有关证明和资料之日起六十日内，对给付保险金的数额不能确 定的，根据已有证明和资料可以确定的数额先予支付；我们最终确定给付保险金的数额后，将支付 相应的差额。 二、受益人向我们请求给付保险金的诉讼时效期间为两年，诉讼时效自其知道或者应当知道保 险事故发生之日起计算。 第五章 如何退保 这部分讲的是您可以申请退保。 第十四条 犹豫期内解除保险合同 58 第三方服务商：我们授权的为保险用户提供处方审核及药事服务的机构。 第 14 页 共 20 页 自您签收本主险合同之日起的十五日为犹豫期，请您在此期间认真审视本主险合同，若您认为 本主险合同与您的需求不相符，您可以在此期间提出解除本主险合同。我们将无息退还您已交纳的 保险费。 解除本主险合同时，您需要填写申请书，并提供您的保险合同及有效身份证件。自我们收到您 解除合同的书面申请时起，本主险合同即被解除，我们对合同解除前发生的保险事故不'}, {'content': '“第十八条 明确说明与如实告知”、“第十九条 年龄确定与错误处理”、“脚注1 初次确诊”、“脚注 2 恶性肿瘤——重度”、“脚注3 恶性肿瘤——轻度”、“脚注5 意外伤害事故”、“脚注6 我们认可 的医院”、“脚注15 住院”、“脚注16 床位费”、“脚注18 膳食费”、“脚注19 治疗费”、“脚 注21 手术费”、“脚注22 药品费”中背景突出显示的内容。 第三章 如何支付保险费 这部分讲的是您应当按时交纳保险费，如果不及时交费可能会导致合同效力终止。 第七条 保险费的支付 本主险合同的保险费交费方式由您和我们约定并载明于保险单上。 保险费的交费方式分为按年交和月交，由您在投保时选择。 若您选择月交方式交纳保险费的，在交纳首月保险费后，您应当在每个保险费约定支付日57交纳 下一个月的保险费。 第八条 宽限期 分期支付保险费的，在支付首期保险费后，除本主险合同另有约定外，如果您到期未支付保'}, {'content': '更好地理解产品之用，您所购买产品的具体保险利益以保险合同中载明的为准。 第 1 页 共 20 页 您应当特别注意的事项 本产品保险责任有等待期，请您留意............................................第二条 在责任免除的情况下，我们不承担保险责任..............................第五条、第六条 解除保险合同会给您造成一定的损失，请您慎重决策............................第十五条 请您特别注意一些重要术语的释义............................................每页脚注 条款目录 第一章 我们保什么、 保多久 第一条 基本保险金额 第二条 保险责任 第三条 保险期间 第四条 续保 第二章 我们不保什么 第五条 责任免除 第六条 其他免责条款 ¥ 第三章 如何支付保险'}, {'content': '在给付保险金时按实付保险费和应付保险费的比例给付。 （三）您申报的被保险人年龄不真实，致使您实付保险费多于应付保险费的，我们会将多收的 保险费无息退还给您。 第二十条 欠款扣除 我们在给付保险金、退还本主险合同现金价值或保险费时，如您有欠交保险费或其他欠款未还， 我们有权在扣除上述欠款及应付利息后给付。 第二十一条 合同内容的变更 除本主险合同另有约定外，经您和我们协商同意后，可变更本主险合同的有关内容，并由我们 签发批单后生效。但本主险合同内容的变更不得违反法律法规及保险监督管理机构相关规定。 为了保障您的合法权益，您或被保险人的通讯地址、电子邮箱或电话等联系方式变更时，应及 时以书面形式通知我们。您或被保险人不作上述通知的，我们将按投保单或批单上所载的您或被保 险人的最后联系方式发送通知，并均视为已送达给您或被保险人。 60 周岁：指以有效身份证件中记载的出生日期为基础计算的年龄，自出'}, {'content': '包括意外及恶性肿瘤住院医疗费用、恶性肿瘤特殊门诊医疗费用、意外及恶性肿瘤门诊手术医疗费用、意外及恶性肿瘤住院前后门急诊医疗费用、住院医疗费用、特殊门诊医疗费用、门诊手术医疗费用、住院前后门急诊医疗费用、“恶性肿瘤——重度”特定药品费用。'}]","4, 38, 55, 59, 64, 70"
移小保仁孝保中老年医疗险,产品：移小保仁孝保中老年医疗险	问题：院外药房直付用药的具体流程是怎样的？,"根据移小保仁孝保中老年医疗险条款第十二条""院外药房直付用药流程""的规定，具体流程如下：

**院外药房直付用药流程：**

1. **申请条件**：在本主险合同有效期内，被保险人需要在院外药房购买使用符合""恶性肿瘤——重度""特定药品条件的药品。

2. **申请主体**：被保险人或受益人可以进行院外药房直付用药申请。

3. **审核流程**：
   - 院外药房直付用药申请通过后，保险公司将授权指定的第三方服务商提供药房直付用药服务。
   - 如果申请审核未通过，保险公司不承担给付""恶性肿瘤——重度""特定药品费用医疗保险金的责任。

4. **所需材料**：根据第十一条规定，申请时需要提供保险公司认可的药店出具的药品费用清单、药品费用原始结算凭证，医院出具的被保险人的处方、门诊及住院病历、入出院记录以及与诊断证明相关的病理显微镜检查、血液检验及其他科学方法检验报告等材料。

**注意事项**：
- 特定药品需符合保险合同约定的""恶性肿瘤——重度""特定药品清单
- 药店需为保险公司认可的药店
- 对于已通过直付方式结算的特定药品费用，保险公司不再接受对该部分保险金的申请","[{'content': ' 条款目录 第一章 我们保什么、 保多久 第一条 基本保险金额 第二条 保险责任 第三条 保险期间 第四条 续保 第二章 我们不保什么 第五条 责任免除 第六条 其他免责条款 ¥ 第三章 如何支付保险费 第七条 保险费的支付 第八条 宽限期 ¥ 第四章 如何领取保险金 第九条 受益人的指定和变更 第十条 保险事故的通知 第十一条 保险金的申请 第十二条 院外药房直付用药流程 第十三条 保险金的给付 第五章 如何退保 第十四条 犹豫期内解除保险合同 第十五条 您解除合同的手续及风险 第六章 需关注的其他内容 第十六条 保险合同的构成 第十七条 保险合同成立与生效 第十八条 明确说明与如实告知 第十九条 年龄确定与错误处理 第二十条 欠款扣除 第二十一条 合同内容的变更 第二十二条 争议处理 附表一：招商局仁和人寿保险股份有限公司 附表 招商仁和仁孝保老年综合医疗保险（互联网）保障计划 附表二'}, {'content': '医疗设备 或药物。 第 11 页 共 20 页 二十七、 被保险人的疾病状况，经审核，确定对申领特定药品已经耐药，而产生的费用（耐药 是指肿瘤病灶按照 RECIST〔实体瘤治疗疗效评价标准〕评价标准有进展）； 二十八、 相关医学材料不能证明特定药品对被保险人所罹患的“恶性肿瘤——重度”有效。 第六条 其他免责条款 除“第五条 责任免除”外，本主险合同中还有一些免除我们责任的条款，详见“第二条 保险 责任”、“第八条 宽限期”、“第十条 保险事故的通知”、“第十一条 保险金的申请”、“第十二条 院 外药房直付用药流程”、“第十四条 犹豫期内解除保险合同”、“第十五条 您解除合同的手续及风险”、 “第十八条 明确说明与如实告知”、“第十九条 年龄确定与错误处理”、“脚注1 初次确诊”、“脚注 2 恶性肿瘤——重度”、“脚注3 恶性肿瘤——轻度”、“脚注5 意外伤害事故”、“脚注6 我们认可 的'}, {'content': '付方式给付 意外及恶性肿瘤医疗保险金。 （四）意外及恶性肿瘤住院前后门急诊医疗费用 20 医生诊疗费：指由医生所实施的病情咨询及检查、各种器械或者仪器检查、诊断、治疗方案拟订等各项医疗服务 所收取的费用。 21 手术费：指当地卫生行政部门规定的手术项目的费用。包括手术费、麻醉费、手术监测费、手术材料费、术中用药 费、手术设备费。若因器官移植而发生的手术费用，不包括器官本身的费用和获取器官过程中的费用。 22 药品费：指在住院就医期间根据医生开具的处方在医院内发生的具有国家药品监督管理部门核发的药品批准文号 或者进口药品注册证书、医药产品注册证书的国产或进口药品的费用。但不包括营养补充类药品，免疫功能调节类 药品，美容及减肥类药品，预防类药品，以及下列中药类药品： （1）主要起营养滋补作用的单方、复方中药或中成药品，如花旗参，冬虫草，白糖参，朝鲜红参，玳瑁，蛤蚧， 珊瑚，狗宝，红参，琥珀，灵'}, {'content': '费用，我们不再接受被保险人对该部分保 险金的申请。 以上受益人提交的证明和资料不完整的，我们将及时一次性通知需补充提供的有关证明和资料。 第十二条 院外药房直付用药流程 在本主险合同有效期内，若被保险人需要在院外药房购买使用符合“第二条 保险责任”条件的 “恶性肿瘤——重度”特定药品，则被保险人或受益人可以进行院外药房直付用药申请。 院外药房直付用药申请通过后，我们将授权指定的第三方服务商58提供药房直付用药。 如果院外药房直付用药申请审核未通过，我们不承担给付“恶性肿瘤——重度”特定药品费用 医疗保险金的责任。 第十三条 保险金的给付 一、我们在收到保险金给付申请书及本主险合同约定的证明和资料后，将在五个工作日内作出 核定；情形复杂的，在三十日内作出核定。对属于保险责任的，我们在与受益人达成给付保险金的 协议后十日内，履行给付保险金义务。 若我们在收到保险金给付申请书及上述有关证明和资料'}, {'content': '特定医疗机构进行治疗，对于被保险人所发生的必要且合理的下列（一）-（五）类医疗费用，我 们按以下公式给付一般医疗保险金： 一般医疗保险金＝（医疗费用 - 针对该医疗费用的补偿、赔偿 - 年度免赔额）× 给付比例 计划三的一般医疗保险金和意外及恶性肿瘤医疗保险金共同使用同一个年度免赔额，计划四的 一般医疗保险金和意外及恶性肿瘤医疗保险金共同使用同一个年度免赔额，具体由您投保时与我们 32 处方：指由注册的执业医师和在诊疗活动中为患者开具的、由取得药学专业技术职务任职资格的药学专业技术人 员审核、调配、核对，并作为患者用药凭证的医疗文书。处方包括医疗机构病区用药医嘱单。 33 我们指定的药品清单：我们在承保时与您约定的属于保险责任的符合附表约定的特定药品清单。 34 我们认可的药店：经我们审核认可，能够满足下列全部条件，为被保险人提供“恶性肿瘤——重度”药品处方审 核、购药或配送服务的药店，具'}, {'content': '： （一）保险合同原件或其他保险凭证； （二）受益人的有效身份证件； （三）由我们认可的医院或特定医疗机构出具的医疗费用原始结算凭证、医疗费用结算清单、 第 13 页 共 20 页 诊断证明及病历等相关资料； （四）我们认可的药店出具的药品费用清单、药品费用原始结算凭证，医院出具的被保险人的 处方、门诊及住院病历、入出院记录以及与诊断证明相关的病理显微镜检查、血液检验及其他科学 方法检验报告； （五）若已从其他途径获得了医疗费用补偿，则须提供从其他途径报销的凭证； （六）受益人所能提供的与确认保险事故的性质、原因、发生时间等相关的其他证明、资料。 对于我们已经与我们认可的药店直接结算的特定药品费用，我们不再接受被保险人对该部分保 险金的申请。 以上受益人提交的证明和资料不完整的，我们将及时一次性通知需补充提供的有关证明和资料。 第十二条 院外药房直付用药流程 在本主险合同有效期内，若被保险'}, {'content': '恶性肿瘤——重度、恶性肿瘤——轻度、原位癌、化学疗法、放射疗法、肿瘤免疫疗法、肿瘤内分泌疗法、肿瘤靶向疗法。详见附表二：招商仁和仁孝保老年综合医疗保险（互联网）特定药品清单。'}]","5, 26, 34, 54, 61, 62"
移小保仁孝保中老年医疗险,产品：移小保仁孝保中老年医疗险	问题：保险金申请需要提供哪些材料？,"根据移小保仁孝保中老年医疗险的相关条款，申请保险金需要提供以下材料：

**一、意外及恶性肿瘤医疗保险金申请材料：**
1. 保险合同原件或其他保险凭证
2. 受益人的有效身份证件
3. 由保险公司认可的医院或特定医疗机构出具的：
   - 医疗费用原始结算凭证
   - 医疗费用结算清单
   - 诊断证明及病历等相关资料
   - 如确诊恶性肿瘤或原位癌，还需提供专科医生出具的可证明确诊的诊断证明书和确诊必需的检查报告

4. 保险公司认可的药店出具的：
   - 药品费用清单
   - 药品费用原始结算凭证
   - 医院出具的被保险人处方、门诊及住院病历、入出院记录
   - 与诊断证明相关的病理显微镜检查、血液检验及其他科学方法检验报告

5. 若已从其他途径获得医疗费用补偿，需提供从其他途径报销的凭证

6. 受益人所能提供的与确认保险事故性质、原因、发生时间等相关的其他证明、资料

**二、一般医疗保险金申请材料：**
除需填写保险金给付申请书外，所需材料与上述意外及恶性肿瘤医疗保险金申请材料相同。

**注意事项：**
- 对于已与保险公司认可的药店直接结算的特定药品费用，不再接受该部分保险金的申请
- 如提交的证明和资料不完整，保险公司将及时一次性通知需补充提供的有关证明和资料","[{'content': '“恶性肿瘤——轻度”或原位癌的，则是在我们认可的医院由专科医生明确诊断并出具的可 证明确诊的诊断证明书和诊断确诊必需的检查报告）及病历等相关资料； （四）我们认可的药店出具的药品费用清单、药品费用原始结算凭证，医院出具的被保险人的 处方、门诊及住院病历、入出院记录以及与诊断证明相关的病理显微镜检查、血液检验及其他科学 方法检验报告； （五）若已从其他途径获得了医疗费用补偿，则须提供从其他途径报销的凭证； （六）受益人所能提供的与确认保险事故的性质、原因、发生时间等相关的其他证明、资料。 二、一般医疗保险金给付的申请 在申请一般医疗保险金时，受益人须填写保险金给付申请书，并提供下列书面证明和资料： （一）保险合同原件或其他保险凭证； （二）受益人的有效身份证件； （三）由我们认可的医院或特定医疗机构出具的医疗费用原始结算凭证、医疗费用结算清单、 第 13 页 共 20 页 诊断证明及病历等相'}, {'content': '程度等难以确定的，我们对无法确定的部分，不承担给付保险金的责任，但我们通过其他途径已 经及时知道或者应当及时知道保险事故发生或者虽未及时通知但不影响我们确定保险事故的性质、 原因、损失程度的除外。 第十一条 保险金的申请 一、意外及恶性肿瘤医疗保险金给付的申请 在申请意外及恶性肿瘤医疗保险金时，受益人须填写保险金给付申请书，并提供下列书面证明 和资料： （一）保险合同原件或其他保险凭证； （二）受益人的有效身份证件； （三）由我们认可的医院或特定医疗机构出具的医疗费用原始结算凭证、医疗费用结算清单、 诊断证明（在我们认可的医院由专科医生明确诊断并出具；如被保险人确诊罹患“恶性肿瘤——重 度”、“恶性肿瘤——轻度”或原位癌的，则是在我们认可的医院由专科医生明确诊断并出具的可 证明确诊的诊断证明书和诊断确诊必需的检查报告）及病历等相关资料； （四）我们认可的药店出具的药品费用清单、药品费用原始'}, {'content': '付方式给付 意外及恶性肿瘤医疗保险金。 （四）意外及恶性肿瘤住院前后门急诊医疗费用 20 医生诊疗费：指由医生所实施的病情咨询及检查、各种器械或者仪器检查、诊断、治疗方案拟订等各项医疗服务 所收取的费用。 21 手术费：指当地卫生行政部门规定的手术项目的费用。包括手术费、麻醉费、手术监测费、手术材料费、术中用药 费、手术设备费。若因器官移植而发生的手术费用，不包括器官本身的费用和获取器官过程中的费用。 22 药品费：指在住院就医期间根据医生开具的处方在医院内发生的具有国家药品监督管理部门核发的药品批准文号 或者进口药品注册证书、医药产品注册证书的国产或进口药品的费用。但不包括营养补充类药品，免疫功能调节类 药品，美容及减肥类药品，预防类药品，以及下列中药类药品： （1）主要起营养滋补作用的单方、复方中药或中成药品，如花旗参，冬虫草，白糖参，朝鲜红参，玳瑁，蛤蚧， 珊瑚，狗宝，红参，琥珀，灵'}, {'content': '： （一）保险合同原件或其他保险凭证； （二）受益人的有效身份证件； （三）由我们认可的医院或特定医疗机构出具的医疗费用原始结算凭证、医疗费用结算清单、 第 13 页 共 20 页 诊断证明及病历等相关资料； （四）我们认可的药店出具的药品费用清单、药品费用原始结算凭证，医院出具的被保险人的 处方、门诊及住院病历、入出院记录以及与诊断证明相关的病理显微镜检查、血液检验及其他科学 方法检验报告； （五）若已从其他途径获得了医疗费用补偿，则须提供从其他途径报销的凭证； （六）受益人所能提供的与确认保险事故的性质、原因、发生时间等相关的其他证明、资料。 对于我们已经与我们认可的药店直接结算的特定药品费用，我们不再接受被保险人对该部分保 险金的申请。 以上受益人提交的证明和资料不完整的，我们将及时一次性通知需补充提供的有关证明和资料。 第十二条 院外药房直付用药流程 在本主险合同有效期内，若被保险'}, {'content': '，上道路行驶的供人员乘坐或用于运送物品及进行工程专项作业的轮式车辆。 43 遗传性疾病：指生殖细胞或受精卵的遗传物质（染色体和基因）发生突变或畸变所引起的疾病，通常具有由亲代 传至后代的垂直传递的特征。 44 先天性畸形、变形或染色体异常：指被保险人出生时就具有的畸形、变形或染色体异常。先天性畸形、变形或染 色体异常依照世界卫生组织《疾病和有关健康问题的国际统计分类》第十次修订版（ICD-10）确定。 第 10 页 共 20 页 十二、 被保险人未遵医嘱，私自服用、涂用、注射处方药物，但按使用说明的规定使用非处方 药45不在此限； 十三、 被保险人因产前产后检查、妊娠、流产（含人工流产）、分娩（含剖腹产）、避孕、绝育 手术、治疗不孕不育症以及上述原因引起的并发症导致的伤害；因意外伤害所致的流产或分娩不受 此限； 十四、 既往症46； 十五、 被保险人的一般性体格检查、健康检查47、疗养、康'}, {'content': '健康问题的国际统计分类》第 十次修订版（ICD-10）的原位癌范畴（D00-D09）； 2.被保险人必须已经接受了针对原位癌病灶的手术治疗。 5 意外伤害事故：指遭受外来的、突发的、非本意的、非疾病的使身体受到伤害的客观事件，猝死不属于意外伤害。 猝死指表面健康的人因潜在疾病、机能障碍或者其他原因在出现症状后 24 小时内发生的非暴力性突然死亡。猝死 的认定以医院的诊断或公安部门的鉴定为准。 6 我们认可的医院：指卫生行政部门认定的二级或二级以上非营利性医院，且仅限于上述医院的普通部（不包括特需 医疗、外宾医疗、干部病房、国际医疗中心、VIP 部等）。不包括康复医院或康复病房、精神病医院、疗养院、美 容医院、护理院、戒酒或戒毒中心、精神心理治疗中心、二级或三级医院的联合医院或联合病房（联合医院或联合 病房本身是符合卫生部颁发的医疗机构基本标准的二级或二级以上医院的不受此限）、民营医院等。若'}, {'content': '包括意外及恶性肿瘤住院医疗费用、恶性肿瘤特殊门诊医疗费用、意外及恶性肿瘤门诊手术医疗费用、意外及恶性肿瘤住院前后门急诊医疗费用、住院医疗费用、特殊门诊医疗费用、门诊手术医疗费用、住院前后门急诊医疗费用、“恶性肿瘤——重度”特定药品费用。'}]","15, 26, 48, 59, 60, 61"
移小保仁孝保中老年医疗险,产品：移小保仁孝保中老年医疗险	问题：如果忘记缴纳保费，有多长的宽限期？,"根据移小保仁孝保中老年医疗险条款规定：

**宽限期为60天**，具体分为两种情况：

1. **分期支付保险费**：在支付首期保险费后，如果到期未支付保险费，自保险费约定支付日的次日零时起六十日为宽限期。

2. **续保期间**：保险期间届满时，如果在保证续保期间内或经审核同意进入下一保证续保期间，但未支付下一个保险期间的保险费，自保险期间届满日的次日零时起六十日为宽限期。

**重要说明**：
- 宽限期内发生的保险事故，保险公司仍承担保险责任，但在给付保险金时会扣减欠交的保险费。
- 如果宽限期届满前仍未支付当期保险费，保险合同自宽限期届满的次日零时起效力终止。

建议您按时缴纳保费，避免因忘记缴费导致保单效力终止而失去保障。","[{'content': '的保险需求，保险合同约定投 保人签收保险合同之日起的十五日（指自然日，下同）内可以解除保险合同， 保险公司将无息退回投保人已交纳的保险费。该期间称为犹豫期。 投保案例 王先生（60 周岁,有社保）为自己购买了招商仁和仁孝保老年综合医疗保险（互联网），选择保障计划为 计划一，年度免赔额 1 万元，意外及恶性肿瘤医疗保险金的基本保险金额为人民币 200 万元，首次投保 保险费为 1505 元。在保险期间内等待期后王先生因初次确诊“恶性肿瘤——重度”而发生医疗费用 20 万 元，其中公费医疗、基本医疗保险或城乡居民大病保险报销 5 万元，从其他途径获得医疗费用补偿 5000 元，从其他途径获得的医疗费用补偿抵扣年度免赔额为 5000 元，此时年度免赔额减少至 5000 元。在王 先生获得理赔后，该保单年度内的年度免赔额减少至 0 元。本例中王先生为投保人、被保险人及受益人， 招商局仁和人寿保险股'}, {'content': '“第十八条 明确说明与如实告知”、“第十九条 年龄确定与错误处理”、“脚注1 初次确诊”、“脚注 2 恶性肿瘤——重度”、“脚注3 恶性肿瘤——轻度”、“脚注5 意外伤害事故”、“脚注6 我们认可 的医院”、“脚注15 住院”、“脚注16 床位费”、“脚注18 膳食费”、“脚注19 治疗费”、“脚 注21 手术费”、“脚注22 药品费”中背景突出显示的内容。 第三章 如何支付保险费 这部分讲的是您应当按时交纳保险费，如果不及时交费可能会导致合同效力终止。 第七条 保险费的支付 本主险合同的保险费交费方式由您和我们约定并载明于保险单上。 保险费的交费方式分为按年交和月交，由您在投保时选择。 若您选择月交方式交纳保险费的，在交纳首月保险费后，您应当在每个保险费约定支付日57交纳 下一个月的保险费。 第八条 宽限期 分期支付保险费的，在支付首期保险费后，除本主险合同另有约定外，如果您到期未支付保'}, {'content': '选择月交方式交纳保险费的，在交纳首月保险费后，您应当在每个保险费约定支付日57交纳 下一个月的保险费。 第八条 宽限期 分期支付保险费的，在支付首期保险费后，除本主险合同另有约定外，如果您到期未支付保险 费，则自本主险合同的保险费约定支付日的次日零时起六十日为宽限期。 本主险合同保险期间届满时，如果在保证续保期间内或者经我们审核同意进入下一保证续保期 间，您未支付下一个保险期间的保险费，则自保险期间届满日的次日零时起六十日为宽限期。 宽限期内发生的保险事故，我们仍会承担保险责任，但在给付保险金时会扣减您欠交的保险费。 如果您在宽限期届满前仍未支付当期保险费，则本主险合同自宽限期届满的次日零时起效力终止。 第四章 如何领取保险金 这部分讲的是谁有权领取，如何领取保险金。 第九条 受益人的指定和变更 除另有约定外，本主险合同各项保险金的受益人均为被保险人本人。 57 保险费约定支付日：指保险合'}, {'content': '更好地理解产品之用，您所购买产品的具体保险利益以保险合同中载明的为准。 第 1 页 共 20 页 您应当特别注意的事项 本产品保险责任有等待期，请您留意............................................第二条 在责任免除的情况下，我们不承担保险责任..............................第五条、第六条 解除保险合同会给您造成一定的损失，请您慎重决策............................第十五条 请您特别注意一些重要术语的释义............................................每页脚注 条款目录 第一章 我们保什么、 保多久 第一条 基本保险金额 第二条 保险责任 第三条 保险期间 第四条 续保 第二章 我们不保什么 第五条 责任免除 第六条 其他免责条款 ¥ 第三章 如何支付保险'}, {'content': '被保险人投保了计划三或计划四，且被保险人发生的医疗费用同时满足意外及恶性肿瘤保 险金和一般医疗保险金的给付条件，我们先以意外及恶性肿瘤医疗保险金给付，超出意外及恶性肿 瘤医疗保险金基本保险金额的部分以一般医疗保险金给付。 第三条 保险期间 本主险合同的保险期间为一年，自本主险合同生效日零时起至约定期满日二十四时止，并在保 险单上载明。 第四条 续保 自您首次投保本主险合同的生效日起，每 6 年为一保证续保期间。在保证续保期间内的前五个 保险期间届满前，若我们未收到您停止续保本主险合同的书面申请，则视作您提出续保申请，我们 按续保时被保险人年龄对应的费率收取保险费后，本主险合同将延续有效一年。 在每个保证续保期间的最后一个保险期间届满前，您需要主动提出续保申请，我们将重新审核 被保险人是否符合续保条件。如果我们同意续保，本主险合同进入下一个保证续保期间，按照本条 第一款规则续保；如果我们不同'}, {'content': '道有解除事由之日起，超过三十日不行使而消灭。 第十九条 年龄确定与错误处理 一、 被保险人的投保年龄以法定证件登记的周岁60计算，且须符合我们当时的投保规定。 二、 您在申请投保时，应将与有效身份证件相符的被保险人的出生日期在投保单上填明，如果 发生错误按照下列方式办理： （一）您申报的被保险人年龄不真实，并且其真实年龄不符合我们投保规定的，我们有权解除 合同，并向您退还本主险合同的现金价值。我们行使合同解除权适用“第十八条 明确说明与如实告 知”中合同解除权限制的规定。 （二）您申报的被保险人年龄不真实，致使您实付保险费少于应付保险费的，我们有权更正并 要求您补交保险费。若已经发生保险事故，在给付保险金时按实付保险费和应付保险费的比例给付。 （三）您申报的被保险人年龄不真实，致使您实付保险费多于应付保险费的，我们会将多收的 保险费无息退还给您。 第二十条 欠款扣除 我们在给付保险金、退还'}, {'content': '分期支付保险费的，在支付首期保险费后，如果您到期未支付保险费，则自保险费约定支付日的次日零时起六十日为宽限期。保险期间届满时，如果在保证续保期间内或经审核同意进入下一保证续保期间，您未支付下一个保险期间的保险费，则自保险期间届满日的次日零时起六十日为宽限期。宽限期内发生的保险事故，我们仍会承担保险责任，但在给付保险金时会扣减欠交的保险费。如在宽限期届满前仍未支付当期保险费，则本主险合同自宽限期届满的次日零时起效力终止。'}]","2, 4, 42, 55, 56, 69"
移小保仁孝保中老年医疗险,产品：移小保仁孝保中老年医疗险	问题：投保时需要提供哪些健康告知信息？,"根据移小保仁孝保中老年医疗险的条款内容，投保时需要提供以下健康告知信息：

1. **既往症情况**：需要告知被保险人已有的疾病史和健康问题

2. **遗传性疾病史**：包括染色体异常和遗传性疾病的家族史

3. **先天性畸形、变形或染色体异常**：出生时就具有的相关健康问题

4. **处方药物使用情况**：需告知是否遵医嘱使用处方药物

特别需要注意的是，该保险不承保以下情况：
- 未遵医嘱私自使用处方药物
- 妊娠相关检查和治疗（包括产前产后检查、流产、分娩等）
- 既往症
- 艾滋病病毒感染或艾滋病
- 先天性畸形、变形或染色体异常
- 遗传性疾病

建议在投保时如实填写所有健康相关信息，以确保保险保障的有效性。如有不确定的健康状况，建议咨询保险顾问或直接联系保险公司确认。","[{'content': '，上道路行驶的供人员乘坐或用于运送物品及进行工程专项作业的轮式车辆。 43 遗传性疾病：指生殖细胞或受精卵的遗传物质（染色体和基因）发生突变或畸变所引起的疾病，通常具有由亲代 传至后代的垂直传递的特征。 44 先天性畸形、变形或染色体异常：指被保险人出生时就具有的畸形、变形或染色体异常。先天性畸形、变形或染 色体异常依照世界卫生组织《疾病和有关健康问题的国际统计分类》第十次修订版（ICD-10）确定。 第 10 页 共 20 页 十二、 被保险人未遵医嘱，私自服用、涂用、注射处方药物，但按使用说明的规定使用非处方 药45不在此限； 十三、 被保险人因产前产后检查、妊娠、流产（含人工流产）、分娩（含剖腹产）、避孕、绝育 手术、治疗不孕不育症以及上述原因引起的并发症导致的伤害；因意外伤害所致的流产或分娩不受 此限； 十四、 既往症46； 十五、 被保险人的一般性体格检查、健康检查47、疗养、康'}, {'content': '（含剖腹产）、避孕、绝育 手术、治疗不孕不育症以及上述原因引起的并发症导致的伤害；因意外伤害所致的流产或分娩不受 此限； 十四、 既往症46； 十五、 被保险人的一般性体格检查、健康检查47、疗养、康复、非处方药物、保健食品及用品、 以及以捐献身体器官为目的的医疗行为； 十六、 被保险人感染艾滋病病毒或患艾滋病48； 十七、 被保险人作为器官捐献者摘除捐献器官； 十八、 被保险人从事潜水49、跳伞、攀岩运动50、驾乘滑翔机或滑翔伞、探险活动51、武术比赛 52、摔跤比赛、特技表演53、赛马、赛车等高风险运动所致； 十九、 如下项目的治疗：皮肤色素沉着、痤疮治疗、红斑痤疮治疗；雀斑、老年斑、痣的治疗 和去除；对浅表静脉曲张、蜘蛛脉、除瘢痕疙瘩型外的其它瘢痕、纹身去除、皮肤变色的治疗或手 术；激光美容、除皱、除眼袋、开双眼皮、治疗斑秃、白发、秃发、脱发、植毛、脱毛、隆鼻、隆 胸； 二十、 包皮'}, {'content': '健康问题的国际统计分类》第 十次修订版（ICD-10）的原位癌范畴（D00-D09）； 2.被保险人必须已经接受了针对原位癌病灶的手术治疗。 5 意外伤害事故：指遭受外来的、突发的、非本意的、非疾病的使身体受到伤害的客观事件，猝死不属于意外伤害。 猝死指表面健康的人因潜在疾病、机能障碍或者其他原因在出现症状后 24 小时内发生的非暴力性突然死亡。猝死 的认定以医院的诊断或公安部门的鉴定为准。 6 我们认可的医院：指卫生行政部门认定的二级或二级以上非营利性医院，且仅限于上述医院的普通部（不包括特需 医疗、外宾医疗、干部病房、国际医疗中心、VIP 部等）。不包括康复医院或康复病房、精神病医院、疗养院、美 容医院、护理院、戒酒或戒毒中心、精神心理治疗中心、二级或三级医院的联合医院或联合病房（联合医院或联合 病房本身是符合卫生部颁发的医疗机构基本标准的二级或二级以上医院的不受此限）、民营医院等。若'}, {'content': '在给付保险金时按实付保险费和应付保险费的比例给付。 （三）您申报的被保险人年龄不真实，致使您实付保险费多于应付保险费的，我们会将多收的 保险费无息退还给您。 第二十条 欠款扣除 我们在给付保险金、退还本主险合同现金价值或保险费时，如您有欠交保险费或其他欠款未还， 我们有权在扣除上述欠款及应付利息后给付。 第二十一条 合同内容的变更 除本主险合同另有约定外，经您和我们协商同意后，可变更本主险合同的有关内容，并由我们 签发批单后生效。但本主险合同内容的变更不得违反法律法规及保险监督管理机构相关规定。 为了保障您的合法权益，您或被保险人的通讯地址、电子邮箱或电话等联系方式变更时，应及 时以书面形式通知我们。您或被保险人不作上述通知的，我们将按投保单或批单上所载的您或被保 险人的最后联系方式发送通知，并均视为已送达给您或被保险人。 60 周岁：指以有效身份证件中记载的出生日期为基础计算的年龄，自出'}, {'content': '“第十八条 明确说明与如实告知”、“第十九条 年龄确定与错误处理”、“脚注1 初次确诊”、“脚注 2 恶性肿瘤——重度”、“脚注3 恶性肿瘤——轻度”、“脚注5 意外伤害事故”、“脚注6 我们认可 的医院”、“脚注15 住院”、“脚注16 床位费”、“脚注18 膳食费”、“脚注19 治疗费”、“脚 注21 手术费”、“脚注22 药品费”中背景突出显示的内容。 第三章 如何支付保险费 这部分讲的是您应当按时交纳保险费，如果不及时交费可能会导致合同效力终止。 第七条 保险费的支付 本主险合同的保险费交费方式由您和我们约定并载明于保险单上。 保险费的交费方式分为按年交和月交，由您在投保时选择。 若您选择月交方式交纳保险费的，在交纳首月保险费后，您应当在每个保险费约定支付日57交纳 下一个月的保险费。 第八条 宽限期 分期支付保险费的，在支付首期保险费后，除本主险合同另有约定外，如果您到期未支付保'}, {'content': '程度等难以确定的，我们对无法确定的部分，不承担给付保险金的责任，但我们通过其他途径已 经及时知道或者应当及时知道保险事故发生或者虽未及时通知但不影响我们确定保险事故的性质、 原因、损失程度的除外。 第十一条 保险金的申请 一、意外及恶性肿瘤医疗保险金给付的申请 在申请意外及恶性肿瘤医疗保险金时，受益人须填写保险金给付申请书，并提供下列书面证明 和资料： （一）保险合同原件或其他保险凭证； （二）受益人的有效身份证件； （三）由我们认可的医院或特定医疗机构出具的医疗费用原始结算凭证、医疗费用结算清单、 诊断证明（在我们认可的医院由专科医生明确诊断并出具；如被保险人确诊罹患“恶性肿瘤——重 度”、“恶性肿瘤——轻度”或原位癌的，则是在我们认可的医院由专科医生明确诊断并出具的可 证明确诊的诊断证明书和诊断确诊必需的检查报告）及病历等相关资料； （四）我们认可的药店出具的药品费用清单、药品费用原始'}, {'content': '无对应取值。'}]","15, 48, 49, 55, 59, 70"
移小保仁孝保中老年医疗险,产品：移小保仁孝保中老年医疗险	问题：年龄填写错误会影响理赔吗？,"根据移小保仁孝保中老年医疗险的条款规定，年龄填写错误确实会影响理赔。具体处理方式如下：

1. **如果真实年龄不符合投保规定**：保险公司有权解除合同，并退还保单现金价值。

2. **如果年龄错误导致少交保费**：
   - 保险公司有权要求补交保费
   - 若已发生保险事故，将按实付保费与应付保费的比例给付保险金

3. **如果年龄错误导致多交保费**：保险公司会将多收的保费无息退还。

特别提醒：
- 投保年龄以法定证件登记的周岁计算
- 该产品投保年龄限制为60周岁及以上
- 建议立即核对投保信息，如有错误请及时联系保险公司更正，以免影响后续理赔权益

建议投保时务必准确填写被保险人年龄信息，确保与有效身份证件保持一致。","[{'content': '的保险需求，保险合同约定投 保人签收保险合同之日起的十五日（指自然日，下同）内可以解除保险合同， 保险公司将无息退回投保人已交纳的保险费。该期间称为犹豫期。 投保案例 王先生（60 周岁,有社保）为自己购买了招商仁和仁孝保老年综合医疗保险（互联网），选择保障计划为 计划一，年度免赔额 1 万元，意外及恶性肿瘤医疗保险金的基本保险金额为人民币 200 万元，首次投保 保险费为 1505 元。在保险期间内等待期后王先生因初次确诊“恶性肿瘤——重度”而发生医疗费用 20 万 元，其中公费医疗、基本医疗保险或城乡居民大病保险报销 5 万元，从其他途径获得医疗费用补偿 5000 元，从其他途径获得的医疗费用补偿抵扣年度免赔额为 5000 元，此时年度免赔额减少至 5000 元。在王 先生获得理赔后，该保单年度内的年度免赔额减少至 0 元。本例中王先生为投保人、被保险人及受益人， 招商局仁和人寿保险股'}, {'content': '道有解除事由之日起，超过三十日不行使而消灭。 第十九条 年龄确定与错误处理 一、 被保险人的投保年龄以法定证件登记的周岁60计算，且须符合我们当时的投保规定。 二、 您在申请投保时，应将与有效身份证件相符的被保险人的出生日期在投保单上填明，如果 发生错误按照下列方式办理： （一）您申报的被保险人年龄不真实，并且其真实年龄不符合我们投保规定的，我们有权解除 合同，并向您退还本主险合同的现金价值。我们行使合同解除权适用“第十八条 明确说明与如实告 知”中合同解除权限制的规定。 （二）您申报的被保险人年龄不真实，致使您实付保险费少于应付保险费的，我们有权更正并 要求您补交保险费。若已经发生保险事故，在给付保险金时按实付保险费和应付保险费的比例给付。 （三）您申报的被保险人年龄不真实，致使您实付保险费多于应付保险费的，我们会将多收的 保险费无息退还给您。 第二十条 欠款扣除 我们在给付保险金、退还'}, {'content': '知我们。您或被保险人不作上述通知的，我们将按投保单或批单上所载的您或被保 险人的最后联系方式发送通知，并均视为已送达给您或被保险人。 60 周岁：指以有效身份证件中记载的出生日期为基础计算的年龄，自出生之日起为零周岁，每经过一年增加一岁， 不足一年的不计。例如，出生日期为 2010 年 10 月 1 日，2010 年 10 月 1 日至 2011 年 9 月 30 日期间为 0 周岁， 2011 年 10 月 1 日至 2012 年 9 月 30 日期间为 1 周岁，依此类推。 第 16 页 共 20 页 第二十二条 争议处理 因履行本主险合同发生的争议，合同双方不能通过协商解决的，可以达成仲裁协议通过仲裁解 决，或者依法向人民法院提起诉讼。 第 17 页 共 20 页 附表一： 招商局仁和人寿保险股份有限公司 招商仁和仁孝保老年综合医疗保险（互联网）保障计划 单位：人民币元 保障计划 年'}, {'content': '生效力。 我们就您和被保险人的有关情况提出询问，您应当如实告知。 如果您故意或者因重大过失未履行前款规定的如实告知义务，足以影响我们决定是否同意承保 或者提高保险费率的，我们有权解除本主险合同。 如果您故意不履行如实告知义务，对于本主险合同解除前发生的保险事故，我们不承担给付保 险金的责任，并不退还保险费。 如果您因重大过失未履行如实告知义务，对保险事故的发生有严重影响的，对于本主险合同解 除前发生的保险事故，我们不承担给付保险金的责任，但应当无息退还保险费。 我们在合同订立时已经知道您未如实告知的情况的，我们不得解除合同；发生保险事故的，我 们承担给付保险金的责任。 上述合同解除权，自我们知道有解除事由之日起，超过三十日不行使而消灭。 第十九条 年龄确定与错误处理 一、 被保险人的投保年龄以法定证件登记的周岁60计算，且须符合我们当时的投保规定。 二、 您在申请投保时，应将与有效身份证件'}, {'content': '范、通行治疗方法、平均医疗费用价格水平一致的费用。 对是否符合通常惯例以及是否医学必要由我们根据客观、审慎、合理的原则进行审核；如果您或被保险人对审核 结果有不同意见，可由双方认同的权威医学机构或者权威医学专家进行审核鉴定。 10 针对该医疗费用的补偿、赔偿：包括以下情形： （1）基本医疗保险、城乡居民大病保险已支付的部分； （2）商业保险已支付的部分； （3）公费医疗、国家公务员医疗补助已支付的部分； （4）其他政府机构或者社会福利机构、公益慈善机构获得的药品费用补偿部分； （5）从侵权方或第三方获得的针对该医疗费用的赔偿。 11 保单年度：指从保险合同生效日或保单周年日的零时起至下一年度保单周年日的前一日二十四时止为一个保单年 度。 12 公费医疗：指国家为保障国家工作人员而实行的、通过医疗卫生部门按规定向享受人员提供免费医疗及预防服务 的一项社保制度。 13 基本医疗保险：指职工基本'}, {'content': '，上道路行驶的供人员乘坐或用于运送物品及进行工程专项作业的轮式车辆。 43 遗传性疾病：指生殖细胞或受精卵的遗传物质（染色体和基因）发生突变或畸变所引起的疾病，通常具有由亲代 传至后代的垂直传递的特征。 44 先天性畸形、变形或染色体异常：指被保险人出生时就具有的畸形、变形或染色体异常。先天性畸形、变形或染 色体异常依照世界卫生组织《疾病和有关健康问题的国际统计分类》第十次修订版（ICD-10）确定。 第 10 页 共 20 页 十二、 被保险人未遵医嘱，私自服用、涂用、注射处方药物，但按使用说明的规定使用非处方 药45不在此限； 十三、 被保险人因产前产后检查、妊娠、流产（含人工流产）、分娩（含剖腹产）、避孕、绝育 手术、治疗不孕不育症以及上述原因引起的并发症导致的伤害；因意外伤害所致的流产或分娩不受 此限； 十四、 既往症46； 十五、 被保险人的一般性体格检查、健康检查47、疗养、康'}, {'content': '60周岁及以上，有社保，限60周岁以上人群。'}]","2, 20, 48, 68, 69, 71"
移小保仁孝保中老年医疗险,产品：移小保仁孝保中老年医疗险	问题：保险合同的争议处理方式有哪些？,"根据移小保仁孝保中老年医疗险条款第二十二条规定，保险合同争议处理方式包括：

1. **协商解决** - 合同双方首先应通过协商方式解决争议

2. **仲裁解决** - 如果协商不成，双方可以达成仲裁协议通过仲裁方式解决争议

3. **诉讼解决** - 或者依法向人民法院提起诉讼

这三种方式构成了该保险合同争议处理的基本途径，建议按照协商→仲裁/诉讼的顺序来处理可能出现的合同争议。","[{'content': '知我们。您或被保险人不作上述通知的，我们将按投保单或批单上所载的您或被保 险人的最后联系方式发送通知，并均视为已送达给您或被保险人。 60 周岁：指以有效身份证件中记载的出生日期为基础计算的年龄，自出生之日起为零周岁，每经过一年增加一岁， 不足一年的不计。例如，出生日期为 2010 年 10 月 1 日，2010 年 10 月 1 日至 2011 年 9 月 30 日期间为 0 周岁， 2011 年 10 月 1 日至 2012 年 9 月 30 日期间为 1 周岁，依此类推。 第 16 页 共 20 页 第二十二条 争议处理 因履行本主险合同发生的争议，合同双方不能通过协商解决的，可以达成仲裁协议通过仲裁解 决，或者依法向人民法院提起诉讼。 第 17 页 共 20 页 附表一： 招商局仁和人寿保险股份有限公司 招商仁和仁孝保老年综合医疗保险（互联网）保障计划 单位：人民币元 保障计划 年'}, {'content': '裁协议通过仲裁解 决，或者依法向人民法院提起诉讼。 第 17 页 共 20 页 附表一： 招商局仁和人寿保险股份有限公司 招商仁和仁孝保老年综合医疗保险（互联网）保障计划 单位：人民币元 保障计划 年度免赔额 保险责任范围 基本保险金额 计划一 计划二 计划三 计划四 1 万 2 万 1 万 2 万 意外及恶性肿瘤医疗保险金 意外及恶性肿瘤医疗保险金 意外及恶性肿瘤医疗保险金 一般医疗保险金 意外及恶性肿瘤医疗保险金 一般医疗保险金 200 万 200 万 200 万 200 万 200 万 200 万 第 18 页 共 20 页 附表二： 序号 1 2 3 4 5 6 7 8 9 10 11 12 13 14 15 16 17 18 19 20 21 22 23 24 25 26 27 28 29 30 31 32 33 34 35 36 37 38 39 40 41 招商仁和仁孝保老年'}, {'content': '同。我们将无息退还您已交纳的 保险费。 解除本主险合同时，您需要填写申请书，并提供您的保险合同及有效身份证件。自我们收到您 解除合同的书面申请时起，本主险合同即被解除，我们对合同解除前发生的保险事故不承担保险责 任。 第十五条 您解除合同的手续及风险 犹豫期后，您可以以书面形式或双方认可的其他形式通知我们解除本主险合同。 要求解除本主险合同时，您应提供下列文件和资料： 一、解除合同申请书； 二、保险合同原件或其他保险凭证； 三、您的有效身份证件。 自我们收到解除合同申请书时起，本主险合同终止。我们自收到上述证明文件和资料之日起三 十日内向您退还本主险合同的现金价值59。 您解除合同会遭受一定损失。 解除合同后，您会失去原有的保障。 第六章 需关注的其他内容 这部分讲的是您应当注意的其他事项。 第十六条 保险合同的构成 本主险合同由保险单或其他书面保险凭证及所附招商仁和仁孝保老年综合医疗保险'}, {'content': '们应向您说明本主险合同的内容。 59 现金价值：若保险费交费方式为年交的，现金价值=年交保险费×（1-35%）×（1-保单经过日数/保险期间的日 数），经过日数不足 1 日的按 1 日计算；若保险费交费方式为月交的，现金价值=月交保险费×（1-35%）×（1-该 月交保险费所保障期间的已经过日数/该月交保险费所保障期间的日数），经过日数不足 1 日的按 1 日计算。 第 15 页 共 20 页 对保险条款中免除我们责任的条款，我们在订立合同时应当在投保单、保险单或者其他保险凭 证上作出足以引起您注意的提示，并对该条款的内容以书面或者口头形式向您作出明确说明，未作 提示或者明确说明的，该条款不产生效力。 我们就您和被保险人的有关情况提出询问，您应当如实告知。 如果您故意或者因重大过失未履行前款规定的如实告知义务，足以影响我们决定是否同意承保 或者提高保险费率的，我们有权解除本主险合同。 如果'}, {'content': '范、通行治疗方法、平均医疗费用价格水平一致的费用。 对是否符合通常惯例以及是否医学必要由我们根据客观、审慎、合理的原则进行审核；如果您或被保险人对审核 结果有不同意见，可由双方认同的权威医学机构或者权威医学专家进行审核鉴定。 10 针对该医疗费用的补偿、赔偿：包括以下情形： （1）基本医疗保险、城乡居民大病保险已支付的部分； （2）商业保险已支付的部分； （3）公费医疗、国家公务员医疗补助已支付的部分； （4）其他政府机构或者社会福利机构、公益慈善机构获得的药品费用补偿部分； （5）从侵权方或第三方获得的针对该医疗费用的赔偿。 11 保单年度：指从保险合同生效日或保单周年日的零时起至下一年度保单周年日的前一日二十四时止为一个保单年 度。 12 公费医疗：指国家为保障国家工作人员而实行的、通过医疗卫生部门按规定向享受人员提供免费医疗及预防服务 的一项社保制度。 13 基本医疗保险：指职工基本'}, {'content': '生效力。 我们就您和被保险人的有关情况提出询问，您应当如实告知。 如果您故意或者因重大过失未履行前款规定的如实告知义务，足以影响我们决定是否同意承保 或者提高保险费率的，我们有权解除本主险合同。 如果您故意不履行如实告知义务，对于本主险合同解除前发生的保险事故，我们不承担给付保 险金的责任，并不退还保险费。 如果您因重大过失未履行如实告知义务，对保险事故的发生有严重影响的，对于本主险合同解 除前发生的保险事故，我们不承担给付保险金的责任，但应当无息退还保险费。 我们在合同订立时已经知道您未如实告知的情况的，我们不得解除合同；发生保险事故的，我 们承担给付保险金的责任。 上述合同解除权，自我们知道有解除事由之日起，超过三十日不行使而消灭。 第十九条 年龄确定与错误处理 一、 被保险人的投保年龄以法定证件登记的周岁60计算，且须符合我们当时的投保规定。 二、 您在申请投保时，应将与有效身份证件'}]","20, 65, 67, 68, 71, 72"
移小保仁孝保中老年医疗险,产品：移小保仁孝保中老年医疗险	问题：保障计划一和计划二的主要区别是什么？,"根据移小保仁孝保中老年医疗险的相关内容，保障计划一和计划二的主要区别如下：

**年度免赔额不同：**
- 计划一的年度免赔额为1万元
- 计划二的年度免赔额为2万元

**其他保障内容相同：**
- 两个计划都提供意外及恶性肿瘤医疗保险金
- 保障范围均包括意外及恶性肿瘤住院医疗费用、恶性肿瘤特殊门诊医疗费用、意外及恶性肿瘤门诊手术医疗费用、意外及恶性肿瘤住院前后门急诊医疗费用等
- 给付比例规则相同：通过公费医疗、基本医疗保险或城乡居民大病保险结算的，给付比例为100%；未通过上述途径结算的，给付比例为50%

需要注意的是，年度免赔额指一个保单年度内被保险人自行承担的部分，且在保证续保期间内不允许变更。公费医疗、基本医疗保险或城乡居民大病保险报销部分不可用于抵扣年度免赔额，但通过其他途径获得的医疗费用补偿可用于抵扣年度免赔额。","[{'content': ' 条款目录 第一章 我们保什么、 保多久 第一条 基本保险金额 第二条 保险责任 第三条 保险期间 第四条 续保 第二章 我们不保什么 第五条 责任免除 第六条 其他免责条款 ¥ 第三章 如何支付保险费 第七条 保险费的支付 第八条 宽限期 ¥ 第四章 如何领取保险金 第九条 受益人的指定和变更 第十条 保险事故的通知 第十一条 保险金的申请 第十二条 院外药房直付用药流程 第十三条 保险金的给付 第五章 如何退保 第十四条 犹豫期内解除保险合同 第十五条 您解除合同的手续及风险 第六章 需关注的其他内容 第十六条 保险合同的构成 第十七条 保险合同成立与生效 第十八条 明确说明与如实告知 第十九条 年龄确定与错误处理 第二十条 欠款扣除 第二十一条 合同内容的变更 第二十二条 争议处理 附表一：招商局仁和人寿保险股份有限公司 附表 招商仁和仁孝保老年综合医疗保险（互联网）保障计划 附表二'}, {'content': '费用补偿抵扣年度免赔额为 5000 元，此时年度免赔额减少至 5000 元。在王 先生获得理赔后，该保单年度内的年度免赔额减少至 0 元。本例中王先生为投保人、被保险人及受益人， 招商局仁和人寿保险股份有限公司为保险人。 保险金 领取人 领取金额 案例描述 意外及恶性肿瘤医疗保险金 王先生 （20 万元-（5 万元+5000 元）-5000 元）\uf0cd100%=14 万元 王先生在保险期间内等待 期后初次确诊“恶性肿瘤 ——重度” 我们在同一保单年度内累计给付的意外及恶性肿瘤医疗保险金数额达到本主险合同约定的意外及恶性 肿瘤医疗保险金基本保险金额时，本项保险责任在该保单年度内终止。 以上举例仅供您更好地理解产品之用，您所购买产品的具体保险利益以保险合同中载明的为准。 第 1 页 共 20 页 您应当特别注意的事项 本产品保险责任有等待期，请您留意........................'}, {'content': '单周年日的前一日二十四时止为一个保单年 度。 12 公费医疗：指国家为保障国家工作人员而实行的、通过医疗卫生部门按规定向享受人员提供免费医疗及预防服务 的一项社保制度。 13 基本医疗保险：指职工基本医疗保险、城镇居民基本医疗保险、新型农村合作医疗等政府举办的基本医疗保障项 目。 14 城乡居民大病保险：是基本医疗保障制度的拓展和延伸，是对大病患者发生的高额医疗费用给予进一步保障的一 项新的制度性安排。主要保障对象为城镇居民基本医疗保险、新型农村合作医疗或者城乡居民基本医疗保险的参 保（合）人以及部分地区建立的覆盖城镇职工、城镇居民、农村居民的统一的大病保险制度参保人。 15 住院：指被保险人因疾病或意外伤害，经医师诊断，因临床需要必须住院治疗时，经正式办理住院手续，并确实 在医院治疗的行为过程，但并不包括门诊观察室、急诊观察室、其他非正式病房、联合病房或挂床住院。 16 床位费：指住院期'}, {'content': '特定医疗机构进行治疗，对于被保险人所发生的必要且合理的下列（一）-（五）类医疗费用，我 们按以下公式给付一般医疗保险金： 一般医疗保险金＝（医疗费用 - 针对该医疗费用的补偿、赔偿 - 年度免赔额）× 给付比例 计划三的一般医疗保险金和意外及恶性肿瘤医疗保险金共同使用同一个年度免赔额，计划四的 一般医疗保险金和意外及恶性肿瘤医疗保险金共同使用同一个年度免赔额，具体由您投保时与我们 32 处方：指由注册的执业医师和在诊疗活动中为患者开具的、由取得药学专业技术职务任职资格的药学专业技术人 员审核、调配、核对，并作为患者用药凭证的医疗文书。处方包括医疗机构病区用药医嘱单。 33 我们指定的药品清单：我们在承保时与您约定的属于保险责任的符合附表约定的特定药品清单。 34 我们认可的药店：经我们审核认可，能够满足下列全部条件，为被保险人提供“恶性肿瘤——重度”药品处方审 核、购药或配送服务的药店，具'}, {'content': '主要为了个人舒适或者为了被保险人父母、家庭、医师或其他医疗提供方的方便； e.非病人学术教育或职业培训的一部分或与之相关； f.非试验性或研究性。 第 4 页 共 20 页 意外及恶性肿瘤医疗保险金＝（意外及恶性肿瘤医疗费用 - 针对该医疗费用的补偿、赔偿10 - 年度免赔额）× 给付比例 其中，计划一和计划三的年度免赔额为 1 万元，计划二和计划四的年度免赔额为 2 万元。 年度免赔额指一个保单年度11内的免赔额，即被保险人自行承担，本主险合同不予赔偿的部分。 公费医疗12、基本医疗保险13或城乡居民大病保险14报销部分不可用于抵扣年度免赔额；通过其他途 径获得的医疗费用补偿可用于抵扣年度免赔额。 本主险合同的年度免赔额由您投保时与我们约定并在保险单上载明，且在保证续保期间内不允 许变更。 （一）意外及恶性肿瘤住院医疗费用 如果被保险人因意外伤害事故经我们认可的医院诊断必须住院15治疗或'}, {'content': '之日起 1 年为限。 我们在同一保单年度内累计给付的一般医疗保险金数额达到本主险合同约定的一般医疗保险金 基本保险金额时，本项保险责任在该保单年度内终止。 三、给付比例 （一）“恶性肿瘤——重度”特定药品费用，或是在我们认可的医院发生的医疗费用，如果被保 险人已通过公费医疗、基本医疗保险或城乡居民大病保险结算，本主险合同的给付比例为 100%； （二）“恶性肿瘤——重度”特定药品费用，或是在我们认可的医院发生的医疗费用，如果被保 险人未通过公费医疗、基本医疗保险或城乡居民大病保险结算，本主险合同的给付比例为 50%； （三）在特定医疗机构发生的医疗费用，本主险合同的给付比例为 100%。 如果被保险人投保了计划三或计划四，且被保险人发生的医疗费用同时满足意外及恶性肿瘤保 险金和一般医疗保险金的给付条件，我们先以意外及恶性肿瘤医疗保险金给付，超出意外及恶性肿 瘤医疗保险金基本保险金额的部分以'}, {'content': '包括意外及恶性肿瘤住院医疗费用、恶性肿瘤特殊门诊医疗费用、意外及恶性肿瘤门诊手术医疗费用、意外及恶性肿瘤住院前后门急诊医疗费用、住院医疗费用、特殊门诊医疗费用、门诊手术医疗费用、住院前后门急诊医疗费用、“恶性肿瘤——重度”特定药品费用。'}]","3, 5, 18, 21, 34, 41"
移小保仁孝保中老年医疗险,产品：移小保仁孝保中老年医疗险	问题：保险期间内是否可以变更受益人？,"根据移小保仁孝保中老年医疗险的条款内容，在保险期间内是可以变更受益人的。

具体规定如下：

**第九条 受益人的指定和变更**
- 除另有约定外，本主险合同各项保险金的受益人均为被保险人本人
- 您或者被保险人可以变更受益人并书面通知保险公司
- 保险公司收到变更受益人的书面通知后，会在保险单或其他保险凭证上批注或附贴批单
- 在指定和变更受益人时，必须经过被保险人书面同意

**变更流程：**
1. 投保人或被保险人提出变更申请
2. 必须获得被保险人的书面同意
3. 以书面形式通知保险公司
4. 保险公司在保险凭证上进行批注

需要注意的是，如果被保险人为无民事行为能力人或限制民事行为能力人，可以由其监护人指定受益人。","[{'content': '的保险需求，保险合同约定投 保人签收保险合同之日起的十五日（指自然日，下同）内可以解除保险合同， 保险公司将无息退回投保人已交纳的保险费。该期间称为犹豫期。 投保案例 王先生（60 周岁,有社保）为自己购买了招商仁和仁孝保老年综合医疗保险（互联网），选择保障计划为 计划一，年度免赔额 1 万元，意外及恶性肿瘤医疗保险金的基本保险金额为人民币 200 万元，首次投保 保险费为 1505 元。在保险期间内等待期后王先生因初次确诊“恶性肿瘤——重度”而发生医疗费用 20 万 元，其中公费医疗、基本医疗保险或城乡居民大病保险报销 5 万元，从其他途径获得医疗费用补偿 5000 元，从其他途径获得的医疗费用补偿抵扣年度免赔额为 5000 元，此时年度免赔额减少至 5000 元。在王 先生获得理赔后，该保单年度内的年度免赔额减少至 0 元。本例中王先生为投保人、被保险人及受益人， 招商局仁和人寿保险股'}, {'content': '“恶性肿瘤——轻度”或原位癌的，则是在我们认可的医院由专科医生明确诊断并出具的可 证明确诊的诊断证明书和诊断确诊必需的检查报告）及病历等相关资料； （四）我们认可的药店出具的药品费用清单、药品费用原始结算凭证，医院出具的被保险人的 处方、门诊及住院病历、入出院记录以及与诊断证明相关的病理显微镜检查、血液检验及其他科学 方法检验报告； （五）若已从其他途径获得了医疗费用补偿，则须提供从其他途径报销的凭证； （六）受益人所能提供的与确认保险事故的性质、原因、发生时间等相关的其他证明、资料。 二、一般医疗保险金给付的申请 在申请一般医疗保险金时，受益人须填写保险金给付申请书，并提供下列书面证明和资料： （一）保险合同原件或其他保险凭证； （二）受益人的有效身份证件； （三）由我们认可的医院或特定医疗机构出具的医疗费用原始结算凭证、医疗费用结算清单、 第 13 页 共 20 页 诊断证明及病历等相'}, {'content': '同。我们将无息退还您已交纳的 保险费。 解除本主险合同时，您需要填写申请书，并提供您的保险合同及有效身份证件。自我们收到您 解除合同的书面申请时起，本主险合同即被解除，我们对合同解除前发生的保险事故不承担保险责 任。 第十五条 您解除合同的手续及风险 犹豫期后，您可以以书面形式或双方认可的其他形式通知我们解除本主险合同。 要求解除本主险合同时，您应提供下列文件和资料： 一、解除合同申请书； 二、保险合同原件或其他保险凭证； 三、您的有效身份证件。 自我们收到解除合同申请书时起，本主险合同终止。我们自收到上述证明文件和资料之日起三 十日内向您退还本主险合同的现金价值59。 您解除合同会遭受一定损失。 解除合同后，您会失去原有的保障。 第六章 需关注的其他内容 这部分讲的是您应当注意的其他事项。 第十六条 保险合同的构成 本主险合同由保险单或其他书面保险凭证及所附招商仁和仁孝保老年综合医疗保险'}, {'content': '效力终止。 第四章 如何领取保险金 这部分讲的是谁有权领取，如何领取保险金。 第九条 受益人的指定和变更 除另有约定外，本主险合同各项保险金的受益人均为被保险人本人。 57 保险费约定支付日：指保险合同生效日在每月或每年（根据交费方式确定）的对应日。如果当月无对应的同一日， 则以该月最后一日为对应日。 第 12 页 共 20 页 被保险人为无民事行为能力人或限制民事行为能力人的，可以由其监护人指定受益人。 您或者被保险人可以变更受益人并书面通知我们。我们收到变更受益人的书面通知后，在保险 单或其他保险凭证上批注或附贴批单。 您在指定和变更受益人时，必须经过被保险人书面同意。 被保险人身故后，有下列情形之一的，保险金作为被保险人的遗产，由我们依照关于继承的法 律法规履行给付保险金的义务： 一、没有指定受益人，或者受益人指定不明无法确定的； 二、受益人先于被保险人身故，没有其他受益人的； 三、'}, {'content': '们应向您说明本主险合同的内容。 59 现金价值：若保险费交费方式为年交的，现金价值=年交保险费×（1-35%）×（1-保单经过日数/保险期间的日 数），经过日数不足 1 日的按 1 日计算；若保险费交费方式为月交的，现金价值=月交保险费×（1-35%）×（1-该 月交保险费所保障期间的已经过日数/该月交保险费所保障期间的日数），经过日数不足 1 日的按 1 日计算。 第 15 页 共 20 页 对保险条款中免除我们责任的条款，我们在订立合同时应当在投保单、保险单或者其他保险凭 证上作出足以引起您注意的提示，并对该条款的内容以书面或者口头形式向您作出明确说明，未作 提示或者明确说明的，该条款不产生效力。 我们就您和被保险人的有关情况提出询问，您应当如实告知。 如果您故意或者因重大过失未履行前款规定的如实告知义务，足以影响我们决定是否同意承保 或者提高保险费率的，我们有权解除本主险合同。 如果'}, {'content': '在给付保险金时按实付保险费和应付保险费的比例给付。 （三）您申报的被保险人年龄不真实，致使您实付保险费多于应付保险费的，我们会将多收的 保险费无息退还给您。 第二十条 欠款扣除 我们在给付保险金、退还本主险合同现金价值或保险费时，如您有欠交保险费或其他欠款未还， 我们有权在扣除上述欠款及应付利息后给付。 第二十一条 合同内容的变更 除本主险合同另有约定外，经您和我们协商同意后，可变更本主险合同的有关内容，并由我们 签发批单后生效。但本主险合同内容的变更不得违反法律法规及保险监督管理机构相关规定。 为了保障您的合法权益，您或被保险人的通讯地址、电子邮箱或电话等联系方式变更时，应及 时以书面形式通知我们。您或被保险人不作上述通知的，我们将按投保单或批单上所载的您或被保 险人的最后联系方式发送通知，并均视为已送达给您或被保险人。 60 周岁：指以有效身份证件中记载的出生日期为基础计算的年龄，自出'}]","2, 57, 60, 65, 67, 70"
移小保和医保重大疾病保险,产品：移小保和医保重大疾病保险	问题：这个保险的等待期是多久？,"根据招商仁和仁爱随行重大疾病保险（互联网）条款规定：

**等待期为90天**

具体说明：
- 自保险合同生效之日起九十日内为等待期
- 在等待期内，若被保险人因意外伤害事故以外的原因发生保险事故，保险公司将无息退还已交保险费，保险合同终止
- 以下情况无等待期：
  - 续保时
  - 因遭受意外伤害事故发生重大疾病或轻症疾病

需要注意的是，您提到的""移小保和医保重大疾病保险""在提供的资料中显示为""招商仁和仁爱随行重大疾病保险（互联网）""，具体保险利益以您实际签订的保险合同为准。","[{'content': ' 周岁）为自己购买了招商仁和仁爱随行重大疾病保险（互联网），并选择投保了轻症疾病 保险金，重大疾病保险金基本保险金额 20 万元，轻症疾病保险金基本保险金额 6 万元，采用一次性 支付保险费的方式，一次性交清保险费 476.4 元。 本例中王先生为投保人、被保险人及重大疾病保险金和轻症疾病保险金受益人，招商局仁和人寿保险 股份有限公司为保险人。 保险金 领取人 领取金额 领取条件 重大疾病保险金 王先生 20 万元 后经医院初次确诊发生本主险合 王先生因遭受意外伤害或等待期 轻症疾病保险金 王先生 6 万元 后经医院初次确诊发生本主险合 同定义的轻症疾病 以上举例仅供您更好地理解产品之用，您所购买产品的具体保险利益以保险合同中载明的为准。 同定义的重大疾病 王先生因遭受意外伤害或等待期 第 1 页 共 37 页 您应当特别注意的事项 本产品保险责任有等待期，请您留意............'}, {'content': '购买产品的具体保险利益以保险合同中载明的为准。 同定义的重大疾病 王先生因遭受意外伤害或等待期 第 1 页 共 37 页 您应当特别注意的事项 本产品保险责任有等待期，请您留意............................................第二条 在责任免除的情况下，我们不承担保险责任..............................第五条、第六条 解除保险合同会给您造成一定的损失，请您慎重决策............................第十四条 请您特别注意 “重大疾病的定义”、“轻症疾病的定义”............第二十二条、第二十三条 请您特别注意一些重要术语的释义...........................................每页脚注 条款目录 第一章 我们保什么、 保多久 第一条 基本保险金额 第二条 保险责'}, {'content': '保险 期间内不得变更。 在本主险合同保险期间内，若被保险人因意外伤害事故或等待期后发生本主险合同约定的保险 事故，我们按照本主险合同约定给付下列保险金： 一、基本部分 重大疾病保险金 在本主险合同保险期间内，若被保险人由我们认可的医院2的专科医生3初次确诊4发生本主险合 同定义的重大疾病（无论一项或多项，按一项给付），我们按本主险合同的基本保险金额给付重大 1 意外伤害事故：指遭受外来的、突发的、非本意的、非疾病的使身体受到伤害的客观事件。猝死不属于意外伤害。 猝死指表面健康的人因潜在疾病、机能障碍或者其他原因在出现症状后 24 小时内发生的非暴力性突然死亡。猝死 的认定以医院的诊断或公安部门的鉴定为准。 2 我们认可的医院：指中华人民共和国境内卫生行政部门认定的二级或二级以上非营利性医院，但不包括康复医院或 康复病房、精神病医院、疗养院、美容医院、护理院、戒酒或戒毒中心、精神心理治疗中心'}, {'content': '主险合同 定义的轻症疾病（无论一项或多项，按一项给付），我们按本主险合同基本保险金额的 30%给付轻症 疾病保险金，本项保险责任终止。 如果被保险人在确诊时符合重大疾病保险金保险责任，同时又符合轻症疾病保险金保险责任， 我们仅承担给付重大疾病保险金的保险责任。 我们提供保障的轻症疾病共有 50 种，名称见附表，具体释义见本主险合同“第二十三条 轻症 疾病的定义”。 第三条 保险期间 本主险合同的保险期间为一年，自本主险合同生效日零时起至约定期满日二十四时止，并在保 险单上载明。 第四条 不保证续保 本主险合同为不保证续保合同。 本产品保险期间为一年。保险期间届满，您需要重新向我们申请投保本产品，并经我们同意， 交纳保险费，获得新的保险合同。 第二章 我们不保什么 这部分讲的是我们不承担保险责任的情况。 第五条 责任免除 因下列情形之一导致被保险人发生本主险合同定义的重大疾病或轻症疾病的，我'}, {'content': '我们保什么、保多久 这部分讲的是我们提供的保障以及我们提供保障的期间。 第一条 基本保险金额 本主险合同的基本保险金额由您和我们约定并载明于保险单上。 第二条 保险责任 自本主险合同生效之日起九十日内为等待期。 被保险人在等待期内因遭受意外伤害事故1以外的原因发生本主险合同约定的保险事故，我们无 息退还本主险合同已交纳的保险费，本主险合同终止。 被保险人续保或因遭受意外伤害事故发生本主险合同定义的重大疾病或轻症疾病的，无等待期。 本主险合同的保险责任分为基本部分和可选部分，您可只投保基本部分，也可在投保基本部分 的同时选择投保可选部分，但不能单独投保可选部分。所选保险责任一经确定，在本主险合同保险 期间内不得变更。 在本主险合同保险期间内，若被保险人因意外伤害事故或等待期后发生本主险合同约定的保险 事故，我们按照本主险合同约定给付下列保险金： 一、基本部分 重大疾病保险金 在本主险合同保险'}, {'content': ' 感染艾滋病病毒或患艾滋病：艾滋病病毒指人类免疫缺陷病毒，英文缩写为 HIV。艾滋病指人类免疫缺陷病毒引 起的获得性免疫缺陷综合征，英文缩写为 AIDS。 在人体血液或其他样本中检测到艾滋病病毒或其抗体呈阳性，没有出现临床症状或体征的，为感染艾滋病病毒； 如果同时出现了明显临床症状或体征的，为患艾滋病。 11 遗传性疾病：指生殖细胞或受精卵的遗传物质（染色体和基因）发生突变或畸变所引起的疾病，通常具有由亲代 传至后代的垂直传递的特征。 12 先天性畸形、变形或染色体异常：指被保险人出生时就具有的畸形、变形和染色体异常。先天性畸形、变形或染 色体异常依照世界卫生组织《疾病和有关健康问题的国际统计分类》第十次修订（ICD-10）确定。 13 现金价值：若保险费为一次性支付的，现金价值=保险费×（1-35%）×（1-保单经过日数/保险期间的日数），经过 日数不足 1 日的按 1 日计算；若保险费'}, {'content': '无对应取值。'}]","2, 3, 6, 7, 10, 16"
移小保和医保重大疾病保险,产品：移小保和医保重大疾病保险	问题：如果投保后等待期内确诊重大疾病，保险公司会赔付吗？,"根据招商仁和仁爱随行重大疾病保险（互联网）条款规定：

**等待期内确诊重大疾病不会获得赔付**

具体说明如下：

1. **等待期规定**：自保险合同生效之日起九十日内为等待期

2. **等待期内确诊的处理方式**：
   - 如果被保险人在等待期内因意外伤害事故以外的原因确诊重大疾病
   - 保险公司将无息退还已交纳的保险费
   - 保险合同终止

3. **例外情况**：
   - 因意外伤害事故确诊重大疾病，不受等待期限制
   - 续保时无等待期

4. **轻症疾病保险金**：同样适用上述等待期规定

因此，如果您在投保后等待期内确诊重大疾病（非意外伤害导致），保险公司不会按基本保险金额进行赔付，而是退还已交保费并终止合同。

建议您仔细阅读保险合同中关于等待期的具体条款，如有疑问可咨询保险公司客服人员。","[{'content': ' 周岁）为自己购买了招商仁和仁爱随行重大疾病保险（互联网），并选择投保了轻症疾病 保险金，重大疾病保险金基本保险金额 20 万元，轻症疾病保险金基本保险金额 6 万元，采用一次性 支付保险费的方式，一次性交清保险费 476.4 元。 本例中王先生为投保人、被保险人及重大疾病保险金和轻症疾病保险金受益人，招商局仁和人寿保险 股份有限公司为保险人。 保险金 领取人 领取金额 领取条件 重大疾病保险金 王先生 20 万元 后经医院初次确诊发生本主险合 王先生因遭受意外伤害或等待期 轻症疾病保险金 王先生 6 万元 后经医院初次确诊发生本主险合 同定义的轻症疾病 以上举例仅供您更好地理解产品之用，您所购买产品的具体保险利益以保险合同中载明的为准。 同定义的重大疾病 王先生因遭受意外伤害或等待期 第 1 页 共 37 页 您应当特别注意的事项 本产品保险责任有等待期，请您留意............'}, {'content': '购买产品的具体保险利益以保险合同中载明的为准。 同定义的重大疾病 王先生因遭受意外伤害或等待期 第 1 页 共 37 页 您应当特别注意的事项 本产品保险责任有等待期，请您留意............................................第二条 在责任免除的情况下，我们不承担保险责任..............................第五条、第六条 解除保险合同会给您造成一定的损失，请您慎重决策............................第十四条 请您特别注意 “重大疾病的定义”、“轻症疾病的定义”............第二十二条、第二十三条 请您特别注意一些重要术语的释义...........................................每页脚注 条款目录 第一章 我们保什么、 保多久 第一条 基本保险金额 第二条 保险责'}, {'content': '主险合同 定义的轻症疾病（无论一项或多项，按一项给付），我们按本主险合同基本保险金额的 30%给付轻症 疾病保险金，本项保险责任终止。 如果被保险人在确诊时符合重大疾病保险金保险责任，同时又符合轻症疾病保险金保险责任， 我们仅承担给付重大疾病保险金的保险责任。 我们提供保障的轻症疾病共有 50 种，名称见附表，具体释义见本主险合同“第二十三条 轻症 疾病的定义”。 第三条 保险期间 本主险合同的保险期间为一年，自本主险合同生效日零时起至约定期满日二十四时止，并在保 险单上载明。 第四条 不保证续保 本主险合同为不保证续保合同。 本产品保险期间为一年。保险期间届满，您需要重新向我们申请投保本产品，并经我们同意， 交纳保险费，获得新的保险合同。 第二章 我们不保什么 这部分讲的是我们不承担保险责任的情况。 第五条 责任免除 因下列情形之一导致被保险人发生本主险合同定义的重大疾病或轻症疾病的，我'}, {'content': '保险 期间内不得变更。 在本主险合同保险期间内，若被保险人因意外伤害事故或等待期后发生本主险合同约定的保险 事故，我们按照本主险合同约定给付下列保险金： 一、基本部分 重大疾病保险金 在本主险合同保险期间内，若被保险人由我们认可的医院2的专科医生3初次确诊4发生本主险合 同定义的重大疾病（无论一项或多项，按一项给付），我们按本主险合同的基本保险金额给付重大 1 意外伤害事故：指遭受外来的、突发的、非本意的、非疾病的使身体受到伤害的客观事件。猝死不属于意外伤害。 猝死指表面健康的人因潜在疾病、机能障碍或者其他原因在出现症状后 24 小时内发生的非暴力性突然死亡。猝死 的认定以医院的诊断或公安部门的鉴定为准。 2 我们认可的医院：指中华人民共和国境内卫生行政部门认定的二级或二级以上非营利性医院，但不包括康复医院或 康复病房、精神病医院、疗养院、美容医院、护理院、戒酒或戒毒中心、精神心理治疗中心'}, {'content': '我们保什么、保多久 这部分讲的是我们提供的保障以及我们提供保障的期间。 第一条 基本保险金额 本主险合同的基本保险金额由您和我们约定并载明于保险单上。 第二条 保险责任 自本主险合同生效之日起九十日内为等待期。 被保险人在等待期内因遭受意外伤害事故1以外的原因发生本主险合同约定的保险事故，我们无 息退还本主险合同已交纳的保险费，本主险合同终止。 被保险人续保或因遭受意外伤害事故发生本主险合同定义的重大疾病或轻症疾病的，无等待期。 本主险合同的保险责任分为基本部分和可选部分，您可只投保基本部分，也可在投保基本部分 的同时选择投保可选部分，但不能单独投保可选部分。所选保险责任一经确定，在本主险合同保险 期间内不得变更。 在本主险合同保险期间内，若被保险人因意外伤害事故或等待期后发生本主险合同约定的保险 事故，我们按照本主险合同约定给付下列保险金： 一、基本部分 重大疾病保险金 在本主险合同保险'}, {'content': '科医生认为是医疗必需的情况下进行。 第 35 页 共 37 页 附表： 招商局仁和人寿保险股份有限公司 招商仁和仁爱随行重大疾病保险（互联网）保障疾病名称 重大疾病 1、恶性肿瘤——重度 35、完全性房室传导阻滞 69、因职业关系导致的人类免疫缺陷病毒 （HIV）感染 2、较重急性心肌梗死 3、严重脑中风后遗症 36、系统性红斑狼疮性肾炎尿毒症 70、器官移植原因导致 HIV 感染 37、急性出血坏死性胰腺炎开腹手术 71、严重原发性硬化性胆管炎 4、重大器官移植术或造血干细胞移植术 38、胰腺移植 72、溶血性链球菌感染引起的坏疽 5、冠状动脉搭桥术（或称冠状动脉旁路移植术） 39、严重慢性复发性胰腺炎 73、埃博拉病毒感染 6、严重慢性肾衰竭 7、多个肢体缺失 8、急性重症肝炎或亚急性重症肝炎 42、肺淋巴管肌瘤病 41、肾髓质囊肿病 75、全身性重症肌无力 76、严重瑞氏综合征 40'}, {'content': '无对应取值。'}]","2, 3, 6, 7, 10"
移小保和医保重大疾病保险,产品：移小保和医保重大疾病保险	问题：哪些情况属于责任免除范围？,"根据移小保和医保重大疾病保险条款，责任免除范围主要包括以下情况：

**第五条 责任免除**
因下列情形导致被保险人发生重大疾病或轻症疾病的，保险公司不承担给付保险金责任：

1. **故意行为**
   - 投保人对被保险人的故意杀害、故意伤害
   - 被保险人故意犯罪或抗拒依法采取的刑事强制措施
   - 被保险人故意自伤
   - 自合同成立或效力恢复之日起2年内自杀（被保险人自杀时为无民事行为能力人除外）

2. **毒品相关**
   - 被保险人服用、吸食或注射毒品
   *注：不包括医生开具并遵医嘱使用的含毒品成分的处方药*

3. **驾驶违规**
   - 被保险人酒后驾驶
   - 无合法有效驾驶证驾驶
   - 驾驶无合法有效行驶证的机动车

4. **疾病除外**
   - 被保险人感染艾滋病病毒或患艾滋病（除合同另有约定外）
   - 遗传性疾病
   - 先天性畸形、变形或染色体异常（除合同另有约定外）

5. **特殊事件**
   - 战争、军事冲突、暴乱或武装叛乱
   - 核爆炸、核辐射或核污染

**其他重要免责事项**
- 本产品设有等待期，等待期内发生的保险事故不予赔付
- 特定疾病不在保障范围内，包括但不限于：
  - 良性肿瘤、早期甲状腺癌等早期恶性肿瘤
  - 非转移性皮肤恶性肿瘤
  - 脑垂体瘤、脑囊肿等脑部疾病
  - 继发性帕金森综合征、继发性肺动脉高压
  - 单侧部分睾丸或卵巢切除
  - 非开胸或开腹的动脉内介入治疗等

建议您仔细阅读保险合同具体条款，以了解完整的责任免除内容。","[{'content': '购买产品的具体保险利益以保险合同中载明的为准。 同定义的重大疾病 王先生因遭受意外伤害或等待期 第 1 页 共 37 页 您应当特别注意的事项 本产品保险责任有等待期，请您留意............................................第二条 在责任免除的情况下，我们不承担保险责任..............................第五条、第六条 解除保险合同会给您造成一定的损失，请您慎重决策............................第十四条 请您特别注意 “重大疾病的定义”、“轻症疾病的定义”............第二十二条、第二十三条 请您特别注意一些重要术语的释义...........................................每页脚注 条款目录 第一章 我们保什么、 保多久 第一条 基本保险金额 第二条 保险责'}, {'content': '主险合同 定义的轻症疾病（无论一项或多项，按一项给付），我们按本主险合同基本保险金额的 30%给付轻症 疾病保险金，本项保险责任终止。 如果被保险人在确诊时符合重大疾病保险金保险责任，同时又符合轻症疾病保险金保险责任， 我们仅承担给付重大疾病保险金的保险责任。 我们提供保障的轻症疾病共有 50 种，名称见附表，具体释义见本主险合同“第二十三条 轻症 疾病的定义”。 第三条 保险期间 本主险合同的保险期间为一年，自本主险合同生效日零时起至约定期满日二十四时止，并在保 险单上载明。 第四条 不保证续保 本主险合同为不保证续保合同。 本产品保险期间为一年。保险期间届满，您需要重新向我们申请投保本产品，并经我们同意， 交纳保险费，获得新的保险合同。 第二章 我们不保什么 这部分讲的是我们不承担保险责任的情况。 第五条 责任免除 因下列情形之一导致被保险人发生本主险合同定义的重大疾病或轻症疾病的，我'}, {'content': '具该项输血感染属医疗责任事故的报告，或者法院终审裁 定为医疗责任； 3．受感染的被保险人不是血友病患者。 在任何治愈艾滋病（AIDS）或阻止HIV病毒作用的疗法被发现以后，或能防止AIDS发生的医疗 方法被研究出来以后，本保障将不再予以赔付。 任何因其他传播方式（包括：性传播或静脉注射毒品）导致的HIV感染不在保障范围内。保险公 司必须拥有获得使用被保险人的所有血液样本的权利和能够对这些样本进行独立检验的权利。 我们承担本项疾病责任不受本主险合同责任免除中“被保险人感染艾滋病病毒或患艾滋病”的 限制。 六十九、因职业关系导致的人类免疫缺陷病毒（HIV）感染 被保险人的职业归属于下列职业列表内的职业，在其常规职业工作过程中遭遇外伤，或者职业 需要处理血液或者其他体液时感染上人类免疫缺陷病毒（HIV）。必须满足下列全部条件： 1．感染必须是在被保险人正在从事其职业工作中发生； 2．血清转化必须'}, {'content': ' 管制的其他能够使人形成瘾癖的麻醉药品和精神药品，但不包括由医生开具并遵医嘱使用的用于治疗疾病但含有 毒品成分的处方药品。 第 4 页 共 37 页 五、被保险人酒后驾驶6，无合法有效驾驶证驾驶7，或驾驶无合法有效行驶证8的机动车9； 六、被保险人感染艾滋病病毒或患艾滋病10，但本主险合同另有约定的除外； 七、战争、军事冲突、暴乱或武装叛乱； 八、核爆炸、核辐射或核污染； 九、遗传性疾病11，先天性畸形、变形或染色体异常12，但本主险合同另有约定的除外。 发生上述第一项情形导致被保险人发生重大疾病、轻症疾病的，本主险合同终止，我们向被保 险人退还本主险合同的现金价值13。 发生上述其他情形导致被保险人发生重大疾病、轻症疾病的，本主险合同终止，我们向您退还 本主险合同的现金价值。 第六条 其他免责条款 除“第五条 责任免除”外，本主险合同中还有一些免除我们责任的条款，详见“第二条 保险 责任'}, {'content': '，并经我们同意， 交纳保险费，获得新的保险合同。 第二章 我们不保什么 这部分讲的是我们不承担保险责任的情况。 第五条 责任免除 因下列情形之一导致被保险人发生本主险合同定义的重大疾病或轻症疾病的，我们不承担给付 保险金的责任： 一、投保人对被保险人的故意杀害、故意伤害； 二、被保险人故意犯罪或者抗拒依法采取的刑事强制措施； 三、被保险人故意自伤、或自本主险合同成立或者本主险合同效力恢复之日起 2 年内自杀，但 被保险人自杀时为无民事行为能力人的除外； 四、被保险人服用、吸食或注射毒品5； 5 毒品：指《中华人民共和国刑法》规定的鸦片、海洛因、甲基苯丙胺（冰毒）、吗啡、大麻、可卡因以及国家规定 管制的其他能够使人形成瘾癖的麻醉药品和精神药品，但不包括由医生开具并遵医嘱使用的用于治疗疾病但含有 毒品成分的处方药品。 第 4 页 共 37 页 五、被保险人酒后驾驶6，无合法有效驾驶证驾驶7，或'}, {'content': '了左侧全肾切除手术或右侧全肾切除手 术。 下列情况不在保障范围内： 1.部分肾切除手术； 2.因恶性肿瘤进行的肾切除手术； 3.肾移植接受者肾切除； 4.作为器官捐献者而实施的肾切除手术。 四十二、 半肝切除 指因疾病或意外伤害导致肝脏严重损害，已经实际接受了左肝切除手术或右肝切除手术。 下列情况不在保障范围内： 1.肝叶切除、肝段切除手术； 2.因恶性肿瘤进行的肝切除手术； 3.肝移植接受者肝切除； 4.作为器官捐献者而实施的肝切除手术。 四十三、 脑动脉瘤夹闭手术或栓塞手术 被保险人实际接受了对未破裂脑动脉瘤的动脉瘤夹闭手术或动脉瘤栓塞手术。 四十四、 单目失明——三周岁后始理赔 指因疾病或意外伤害导致一眼视力永久不可逆性丧失，满足下列条件之一： 第 34 页 共 37 页 1.眼球缺失或摘除； 2.矫正视力低于 0.02（采用国际标准视力表，如果使用其它视力表应进行换算）； 3.视野'}, {'content': '无合法有效驾驶证驾驶：包括未取得驾驶资格证书、驾驶与准驾车型不符、持审验不合格驾驶证、未定期审验、持学习驾驶证无教练员随车指导、驾驶证过期等情况。无合法有效行驶证：包括未办理行驶证、行驶证被注销、未按时检验等。特定疾病不在保障范围内：包括良性肿瘤、早期甲状腺癌、早期前列腺癌、非转移性皮肤恶性肿瘤、慢性淋巴细胞白血病、早期何杰金氏病、低级别神经内分泌肿瘤、脑垂体瘤、脑囊肿、脑血管性疾病、非冠状动脉阻塞性疾病引起的肌钙蛋白升高、继发性帕金森综合征、继发性肺动脉高压、单侧部分睾丸或卵巢切除、变性手术、药物滥用者感染性心内膜炎、安装临时心脏起搏器、慢性重型肝炎 ALSS 治疗、因酗酒或饮酒过量所致急性坏死性胰腺炎、肺叶或肺段切除手术、肝叶或肝段切除手术、肾切除手术等。精神心理因素所致语言能力丧失、非开胸或开腹的动脉内介入治疗、继发性心肌病变、阿尔茨海默病之外的痴呆、神经官能症、精神疾病及酒精中毒所致脑损害、HIV感染（除输血外的传播方式）、单纯实验室诊断的埃博拉病毒感染、非感染性溶血性贫血、慢性期主动脉夹层择期手术、垂体功能低下、未明确诊断的疑似病例等。'}]","3, 10, 11, 12, 77"
移小保和医保重大疾病保险,产品：移小保和医保重大疾病保险	问题：轻症疾病保险金和重大疾病保险金可以同时申请吗？,"根据招商仁和仁爱随行重大疾病保险（互联网）条款规定：

**轻症疾病保险金和重大疾病保险金不能同时申请。**

具体说明如下：

1. **条款明确规定**：在轻症疾病保险金条款中明确指出：""如果被保险人在确诊时符合重大疾病保险金保险责任，同时又符合轻症疾病保险金保险责任，我们仅承担给付重大疾病保险金的保险责任。""

2. **赔付规则**：
   - 当被保险人确诊轻症疾病时，可获得轻症疾病保险金（基本保额的30%）
   - 当被保险人确诊重大疾病时，可获得重大疾病保险金（基本保额的100%）
   - 如果同时符合两项条件，保险公司仅按重大疾病保险金进行赔付

3. **保险责任终止**：
   - 给付轻症疾病保险金后，轻症疾病保险责任终止
   - 给付重大疾病保险金后，整个主险合同终止

因此，在确诊时如果同时符合轻症和重大疾病的理赔条件，只能申请重大疾病保险金，不能同时获得两项保险金。","[{'content': ' 周岁）为自己购买了招商仁和仁爱随行重大疾病保险（互联网），并选择投保了轻症疾病 保险金，重大疾病保险金基本保险金额 20 万元，轻症疾病保险金基本保险金额 6 万元，采用一次性 支付保险费的方式，一次性交清保险费 476.4 元。 本例中王先生为投保人、被保险人及重大疾病保险金和轻症疾病保险金受益人，招商局仁和人寿保险 股份有限公司为保险人。 保险金 领取人 领取金额 领取条件 重大疾病保险金 王先生 20 万元 后经医院初次确诊发生本主险合 王先生因遭受意外伤害或等待期 轻症疾病保险金 王先生 6 万元 后经医院初次确诊发生本主险合 同定义的轻症疾病 以上举例仅供您更好地理解产品之用，您所购买产品的具体保险利益以保险合同中载明的为准。 同定义的重大疾病 王先生因遭受意外伤害或等待期 第 1 页 共 37 页 您应当特别注意的事项 本产品保险责任有等待期，请您留意............'}, {'content': '招商仁和[2021] 疾病保险 052 号 招商仁和仁爱随行重大疾病保险（互联网）条款 请扫描以查询验证条款 阅 读 指 引 本．阅读指引有助于您 ．．．．．．．．（投保人，以下含义相同） ．．．．．．．．．．．．理解条款，对本 ．．．．．．．．．．．．． ．．．．．．．主险．．合同内容的解释以条款为准。 招商仁和仁爱随行重大疾病保险（互联网）产品提供重大疾病保障及 可选的轻症疾病保障。 ☆ 投保人指购买保险并交纳保险费的人。 ☆ 被保险人指受保险合同保障的人。 ☆ 受益人指发生保险事故后领取保险金的人。 ☆ 保险人指招商局仁和人寿保险股份有限公司。 重要权益 常用术语 投保案例 王先生（40 周岁）为自己购买了招商仁和仁爱随行重大疾病保险（互联网），并选择投保了轻症疾病 保险金，重大疾病保险金基本保险金额 20 万元，轻症疾病保险金基本保险金额 6 万元，采用一次性 支付保险费的方式，一'}, {'content': '主险合同 定义的轻症疾病（无论一项或多项，按一项给付），我们按本主险合同基本保险金额的 30%给付轻症 疾病保险金，本项保险责任终止。 如果被保险人在确诊时符合重大疾病保险金保险责任，同时又符合轻症疾病保险金保险责任， 我们仅承担给付重大疾病保险金的保险责任。 我们提供保障的轻症疾病共有 50 种，名称见附表，具体释义见本主险合同“第二十三条 轻症 疾病的定义”。 第三条 保险期间 本主险合同的保险期间为一年，自本主险合同生效日零时起至约定期满日二十四时止，并在保 险单上载明。 第四条 不保证续保 本主险合同为不保证续保合同。 本产品保险期间为一年。保险期间届满，您需要重新向我们申请投保本产品，并经我们同意， 交纳保险费，获得新的保险合同。 第二章 我们不保什么 这部分讲的是我们不承担保险责任的情况。 第五条 责任免除 因下列情形之一导致被保险人发生本主险合同定义的重大疾病或轻症疾病的，我'}, {'content': '页 第十一条 保险事故的通知 您、被保险人或受益人知道保险事故后应当在十日内通知我们。 如果您、被保险人或受益人故意或者因重大过失未及时通知，致使保险事故的性质、原因、损 失程度等难以确定的，我们对无法确定的部分，不承担给付保险金的责任，但我们通过其他途径已 经及时知道或者应当及时知道保险事故发生或者虽未及时通知但不影响我们确定保险事故的性质、 原因、损失程度的除外。 第十二条 保险金的申请 在申请重大疾病保险金、轻症疾病保险金时，受益人须填写保险金给付申请书，并提供下列书 面证明和资料： 一、保险合同原件或其他保险凭证； 二、受益人的有效身份证件； 三、由我们认可的医院出具的确诊本主险合同定义的重大疾病、轻症疾病的证明材料； 四、与确认保险事故的性质、原因等相关的其他证明、资料。 以上受益人提交的证明和资料不完整的，我们将及时一次性通知需补充提供的有关证明和资料。 第十三条 保险金的给付'}, {'content': '症疾病定义是中国保险行业协会制定的轻症疾病定义；第四至五十项为非中 国保险行业协会制定的轻症疾病定义。 一、 恶性肿瘤--轻度 指恶性细胞不受控制的进行性增长和扩散，浸润和破坏周围正常组织，可以经血管、淋巴管和 体腔扩散转移到身体其他部位，病灶经组织病理学检查（涵盖骨髓病理学检查）结果明确诊断，临 床诊断属于世界卫生组织（WHO，World Health Organization）《疾病和有关健康问题的国际统计分 类》第十次修订版（ICD-10）的恶性肿瘤类别及《国际疾病分类肿瘤学专辑》第三版（ICD-O-3）的 肿瘤形态学编码属于 3、6、9（恶性肿瘤）范畴，但不在""恶性肿瘤--重度""保障范围的疾病。且特指 下列六项之一： 1.TNM 分期为Ⅰ期的甲状腺癌； 2.TNM 分期为 T1N0M0 期的前列腺癌； 3.黑色素瘤以外的未发生淋巴结和远处转移的皮肤恶性肿瘤； 4.相当于 Binet'}, {'content': '师执业证书》，并按期到相关部门登记注册； （3）具有有效的中华人民共和国主治医师或主治医师以上职称的《医师职称证书》； （4）在国家《医院分级管理标准》二级或二级以上医院的相应科室从事临床工作三年以上。 4 初次确诊：指自被保险人出生之日起第一次经医院确诊患有某种疾病，而不是指自本主险合同生效之后第一次经 医院确诊患有某种疾病。 第 3 页 共 37 页 疾病保险金，本主险合同终止。 我们提供保障的重大疾病共有 100 种，名称见附表，具体释义见本主险合同“第二十二条 重 大疾病的定义”。 二、可选部分 轻症疾病保险金 在本主险合同保险期间内，若被保险人由我们认可的医院的专科医生初次确诊发生本主险合同 定义的轻症疾病（无论一项或多项，按一项给付），我们按本主险合同基本保险金额的 30%给付轻症 疾病保险金，本项保险责任终止。 如果被保险人在确诊时符合重大疾病保险金保险责任，同时又符合轻症疾'}, {'content': '重大疾病和轻症疾病的保障范围包括但不限于：恶性肿瘤（重度/轻度）、急性心肌梗死（较重/较轻）、严重脑中风后遗症（轻度）、重大器官移植术或造血干细胞移植术、冠状动脉搭桥术（微创）、严重慢性肾衰竭、多个肢体缺失、急性重症肝炎或亚急性重症肝炎、严重非恶性颅内肿瘤、严重慢性肝衰竭、严重脑炎后遗症或严重脑膜炎后遗症、深度昏迷、双耳失聪（三周岁后始理赔）、双目失明（三周岁后始理赔）、瘫痪、心脏瓣膜手术（介入手术）、严重阿尔茨海默病、严重脑损伤、严重原发性帕金森病、严重Ⅲ度烧伤、严重特发性肺动脉高压、严重运动神经元病、语言能力丧失（三周岁后始理赔）、重型再生障碍性贫血、主动脉手术、严重慢性呼吸衰竭、严重克罗恩病、严重溃疡性结肠炎、严重的原发性心肌病、严重感染性心内膜炎、严重肺源性心脏病、严重心肌炎、严重冠心病、心脏粘液瘤、完全性房室传导阻滞、系统性红斑狼疮性肾炎尿毒症、急性出血坏死性胰腺炎开腹手术（腹腔镜手术）、胰腺移植、严重慢性复发性胰腺炎、严重自身免疫性肝炎、肾髓质囊肿病、肺淋巴管肌瘤病、严重弥漫性系统性硬皮病、特发性慢性肾上腺皮质功能减退、重症骨髓增生异常综合征、原发性骨髓纤维化、严重的结核性'}]","1, 2, 9, 10, 21, 99"
移小保和医保重大疾病保险,产品：移小保和医保重大疾病保险	问题：投保年龄有什么限制？,"根据移小保和医保重大疾病保险的条款规定，投保年龄限制如下：

**投保年龄要求：**
- 被保险人年龄须在三周岁以上
- 投保年龄以法定证件登记的周岁计算
- 年龄必须符合保险公司当时的投保规定

**特殊说明：**
- 部分疾病（如亚历山大病）的理赔有特殊年龄限制，需要在二十五周岁前申请理赔
- 某些情况下理赔年龄限制为三周岁以上

**注意事项：**
如果申报的投保年龄不真实，且真实年龄不符合投保规定的，保险公司有权解除合同。建议在投保时准确填写被保险人的出生日期，确保符合年龄要求。","[{'content': '提示或者明确说明的，该条款不产生效力。 我们就您和被保险人的有关情况提出询问，您应当如实告知。 如果您故意或者因重大过失未履行前款规定的如实告知义务，足以影响我们决定是否同意承保 或者提高保险费率的，我们有权解除本主险合同。 如果您故意不履行如实告知义务，对于本主险合同解除前发生的保险事故，我们不承担给付保 险金的责任，并不退还保险费。 如果您因重大过失未履行如实告知义务，对保险事故的发生有严重影响的，对于本主险合同解 除前发生的保险事故，我们不承担给付保险金的责任，但应当无息退还保险费。 我们在合同订立时已经知道您未如实告知的情况的，我们不得解除合同；发生保险事故的，我 们承担给付保险金的责任。 第 8 页 共 37 页 上述合同解除权，自我们知道有解除事由之日起，超过三十日不行使而消灭。 第十八条 年龄确定与错误处理 一、被保险人的投保年龄以法定证件登记的周岁15计算，且须符合我们当时'}, {'content': ' 感染艾滋病病毒或患艾滋病：艾滋病病毒指人类免疫缺陷病毒，英文缩写为 HIV。艾滋病指人类免疫缺陷病毒引 起的获得性免疫缺陷综合征，英文缩写为 AIDS。 在人体血液或其他样本中检测到艾滋病病毒或其抗体呈阳性，没有出现临床症状或体征的，为感染艾滋病病毒； 如果同时出现了明显临床症状或体征的，为患艾滋病。 11 遗传性疾病：指生殖细胞或受精卵的遗传物质（染色体和基因）发生突变或畸变所引起的疾病，通常具有由亲代 传至后代的垂直传递的特征。 12 先天性畸形、变形或染色体异常：指被保险人出生时就具有的畸形、变形和染色体异常。先天性畸形、变形或染 色体异常依照世界卫生组织《疾病和有关健康问题的国际统计分类》第十次修订（ICD-10）确定。 13 现金价值：若保险费为一次性支付的，现金价值=保险费×（1-35%）×（1-保单经过日数/保险期间的日数），经过 日数不足 1 日的按 1 日计算；若保险费'}, {'content': '科医生认为是医疗必需的情况下进行。 第 35 页 共 37 页 附表： 招商局仁和人寿保险股份有限公司 招商仁和仁爱随行重大疾病保险（互联网）保障疾病名称 重大疾病 1、恶性肿瘤——重度 35、完全性房室传导阻滞 69、因职业关系导致的人类免疫缺陷病毒 （HIV）感染 2、较重急性心肌梗死 3、严重脑中风后遗症 36、系统性红斑狼疮性肾炎尿毒症 70、器官移植原因导致 HIV 感染 37、急性出血坏死性胰腺炎开腹手术 71、严重原发性硬化性胆管炎 4、重大器官移植术或造血干细胞移植术 38、胰腺移植 72、溶血性链球菌感染引起的坏疽 5、冠状动脉搭桥术（或称冠状动脉旁路移植术） 39、严重慢性复发性胰腺炎 73、埃博拉病毒感染 6、严重慢性肾衰竭 7、多个肢体缺失 8、急性重症肝炎或亚急性重症肝炎 42、肺淋巴管肌瘤病 41、肾髓质囊肿病 75、全身性重症肌无力 76、严重瑞氏综合征 40'}, {'content': '电子邮箱或电话等联系方式变更时，应及 时以书面形式通知我们。您或被保险人不作上述通知的，我们将按投保单或批单上所载的您或被保 险人的最后联系方式发送通知，并均视为已送达给您或被保险人。 第二十一条 争议处理 因履行本主险合同发生的争议，合同双方不能通过协商解决的，可以达成仲裁协议通过仲裁解 决，或者依法向人民法院提起诉讼。 第七章 疾病释义 这部分讲的是我们提供保障的重大疾病、轻症疾病的定义，其中包含一些免责条款（背景突出显示 的内容），您特别留意。 第二十二条 重大疾病的定义 本条第一至二十八项重大疾病定义是中国保险行业协会制定的重大疾病保险的疾病定义；第二 十九至一百项为非中国保险行业协会制定的重大疾病定义。 一、恶性肿瘤——重度 15 周岁：指以有效身份证件中记载的出生日期为基础计算的年龄，自出生之日起为零周岁，每经过一年增加一岁，不 足一年的不计。例如，出生日期为 2010 年 1'}, {'content': '任。 第 8 页 共 37 页 上述合同解除权，自我们知道有解除事由之日起，超过三十日不行使而消灭。 第十八条 年龄确定与错误处理 一、被保险人的投保年龄以法定证件登记的周岁15计算，且须符合我们当时的投保规定。 二、 您在申请投保时，应将与有效身份证件相符的被保险人的出生日期在投保单上填明，如果 发生错误按照下列方式办理： （一）您申报的被保险人年龄不真实，并且其真实年龄不符合我们投保规定的，我们有权解除 合同，并向您退还本主险合同的现金价值。我们行使合同解除权适用“第十七条 明确说明与如实告 知”中合同解除权限制的规定。 （二）您申报的被保险人年龄不真实，致使您实付保险费少于应付保险费的，我们有权更正并 要求您补交保险费。若已经发生保险事故，在给付保险金时按实付保险费和应付保险费的比例给付。 （三）您申报的被保险人年龄不真实，致使您实付保险费多于应付保险费的，我们会将多收的 保险费无息'}, {'content': '种替代激素超过一年。 垂体功能部分低下及其他原因所致垂体功能低下不在保障范围之内。 八十九、严重小肠疾病并发症 严重肠道疾病或外伤导致小肠损害并发症，必须满足以下所有条件： 1．至少切除了三分之二小肠； 2．完全肠外营养支持3个月以上。 九十、亚历山大病——二十五周岁前理赔 亚历山大病（Alexander’s Disease）是一种遗传性中枢神经系统退行性病变，特点为脑白质营养 不良性。临床表现为惊厥发作、智力下降、球麻痹、共济失调、痉性瘫痪。亚历山大病必须被明确诊 断，并且造成永久性神经系统功能障碍。被保险人自主生活能力完全丧失，无法独立完成六项基本 日常生活活动中的三项或三项以上，日常生活必须持续接受他人护理。 未明确诊断的疑似病例除外。 被保险人申请理赔时年龄必须在年满二十五周岁之前。 我们承担本项疾病责任不受本主险合同责任免除中“遗传性疾病，先天性畸形、变形或染色体 异常”的限制。'}, {'content': '被保险人年龄须在三周岁以上，申请理赔时年龄必须在三周岁以上。部分情况下，如因疾病或外伤导致智力缺陷、亚历山大病，理赔年龄限制为二十五周岁前。'}]","16, 26, 27, 29, 93"
移小保和医保重大疾病保险,产品：移小保和医保重大疾病保险	问题：保险期间是多长时间？,"根据移小保和医保重大疾病保险条款第三条明确规定：

**本主险合同的保险期间为一年**，自本主险合同生效日零时起至约定期满日二十四时止，具体日期在保险单上载明。

需要注意的是，这是一款不保证续保的短期保险产品。保险期间届满后，需要重新申请投保，经保险公司同意并交纳保险费后，才能获得新的保险合同。","[{'content': '保险 期间内不得变更。 在本主险合同保险期间内，若被保险人因意外伤害事故或等待期后发生本主险合同约定的保险 事故，我们按照本主险合同约定给付下列保险金： 一、基本部分 重大疾病保险金 在本主险合同保险期间内，若被保险人由我们认可的医院2的专科医生3初次确诊4发生本主险合 同定义的重大疾病（无论一项或多项，按一项给付），我们按本主险合同的基本保险金额给付重大 1 意外伤害事故：指遭受外来的、突发的、非本意的、非疾病的使身体受到伤害的客观事件。猝死不属于意外伤害。 猝死指表面健康的人因潜在疾病、机能障碍或者其他原因在出现症状后 24 小时内发生的非暴力性突然死亡。猝死 的认定以医院的诊断或公安部门的鉴定为准。 2 我们认可的医院：指中华人民共和国境内卫生行政部门认定的二级或二级以上非营利性医院，但不包括康复医院或 康复病房、精神病医院、疗养院、美容医院、护理院、戒酒或戒毒中心、精神心理治疗中心'}, {'content': '主险合同 定义的轻症疾病（无论一项或多项，按一项给付），我们按本主险合同基本保险金额的 30%给付轻症 疾病保险金，本项保险责任终止。 如果被保险人在确诊时符合重大疾病保险金保险责任，同时又符合轻症疾病保险金保险责任， 我们仅承担给付重大疾病保险金的保险责任。 我们提供保障的轻症疾病共有 50 种，名称见附表，具体释义见本主险合同“第二十三条 轻症 疾病的定义”。 第三条 保险期间 本主险合同的保险期间为一年，自本主险合同生效日零时起至约定期满日二十四时止，并在保 险单上载明。 第四条 不保证续保 本主险合同为不保证续保合同。 本产品保险期间为一年。保险期间届满，您需要重新向我们申请投保本产品，并经我们同意， 交纳保险费，获得新的保险合同。 第二章 我们不保什么 这部分讲的是我们不承担保险责任的情况。 第五条 责任免除 因下列情形之一导致被保险人发生本主险合同定义的重大疾病或轻症疾病的，我'}, {'content': '购买产品的具体保险利益以保险合同中载明的为准。 同定义的重大疾病 王先生因遭受意外伤害或等待期 第 1 页 共 37 页 您应当特别注意的事项 本产品保险责任有等待期，请您留意............................................第二条 在责任免除的情况下，我们不承担保险责任..............................第五条、第六条 解除保险合同会给您造成一定的损失，请您慎重决策............................第十四条 请您特别注意 “重大疾病的定义”、“轻症疾病的定义”............第二十二条、第二十三条 请您特别注意一些重要术语的释义...........................................每页脚注 条款目录 第一章 我们保什么、 保多久 第一条 基本保险金额 第二条 保险责'}, {'content': '师执业证书》，并按期到相关部门登记注册； （3）具有有效的中华人民共和国主治医师或主治医师以上职称的《医师职称证书》； （4）在国家《医院分级管理标准》二级或二级以上医院的相应科室从事临床工作三年以上。 4 初次确诊：指自被保险人出生之日起第一次经医院确诊患有某种疾病，而不是指自本主险合同生效之后第一次经 医院确诊患有某种疾病。 第 3 页 共 37 页 疾病保险金，本主险合同终止。 我们提供保障的重大疾病共有 100 种，名称见附表，具体释义见本主险合同“第二十二条 重 大疾病的定义”。 二、可选部分 轻症疾病保险金 在本主险合同保险期间内，若被保险人由我们认可的医院的专科医生初次确诊发生本主险合同 定义的轻症疾病（无论一项或多项，按一项给付），我们按本主险合同基本保险金额的 30%给付轻症 疾病保险金，本项保险责任终止。 如果被保险人在确诊时符合重大疾病保险金保险责任，同时又符合轻症疾'}, {'content': '联网）条 款、投保单、与本主险合同有关的其他投保文件、声明、批注、批单及其他您与我们共同认可的书 面或电子协议构成。 第十六条 保险合同成立与生效 您提出保险申请、我们同意承保，本主险合同成立。 本主险合同的成立日、生效日均以保险单或其他保险凭证所载的日期为准。保险合同期满日以 合同生效日为基准计算。 我们自本主险合同生效时开始承担保险责任。 第十七条 明确说明与如实告知 订立本主险合同时，我们应向您说明本主险合同的内容。 对保险条款中免除我们责任的条款，我们在订立合同时应当在投保单、保险单或者其他保险凭 证上作出足以引起您注意的提示，并对该条款的内容以书面或者口头形式向您作出明确说明，未作 提示或者明确说明的，该条款不产生效力。 我们就您和被保险人的有关情况提出询问，您应当如实告知。 如果您故意或者因重大过失未履行前款规定的如实告知义务，足以影响我们决定是否同意承保 或者提高保险费率的，'}, {'content': '提示或者明确说明的，该条款不产生效力。 我们就您和被保险人的有关情况提出询问，您应当如实告知。 如果您故意或者因重大过失未履行前款规定的如实告知义务，足以影响我们决定是否同意承保 或者提高保险费率的，我们有权解除本主险合同。 如果您故意不履行如实告知义务，对于本主险合同解除前发生的保险事故，我们不承担给付保 险金的责任，并不退还保险费。 如果您因重大过失未履行如实告知义务，对保险事故的发生有严重影响的，对于本主险合同解 除前发生的保险事故，我们不承担给付保险金的责任，但应当无息退还保险费。 我们在合同订立时已经知道您未如实告知的情况的，我们不得解除合同；发生保险事故的，我 们承担给付保险金的责任。 第 8 页 共 37 页 上述合同解除权，自我们知道有解除事由之日起，超过三十日不行使而消灭。 第十八条 年龄确定与错误处理 一、被保险人的投保年龄以法定证件登记的周岁15计算，且须符合我们当时'}, {'content': '无对应取值。'}]","3, 7, 9, 10, 25, 26"
移小保和医保重大疾病保险,产品：移小保和医保重大疾病保险	问题：如果选择分期支付保险费，有哪些支付方式？,"根据移小保和医保重大疾病保险的相关内容，关于分期支付保险费的方式：

**支付方式说明：**
- 该产品提供两种保险费支付方式：一次性支付和分月支付
- 若选择分月支付保险费，您需要在交纳首月保险费后，于每个保险费约定支付日交纳下一个月的保险费

**重要提醒：**
- 分月支付方式下，必须按时交纳各期保险费
- 若未按时支付保险费，可能会导致保险合同效力的中止
- 具体的保险费支付方式将在保险单上明确载明

建议您在投保时仔细阅读保险合同条款，确保了解具体的支付安排和相关责任。","[{'content': ' 周岁）为自己购买了招商仁和仁爱随行重大疾病保险（互联网），并选择投保了轻症疾病 保险金，重大疾病保险金基本保险金额 20 万元，轻症疾病保险金基本保险金额 6 万元，采用一次性 支付保险费的方式，一次性交清保险费 476.4 元。 本例中王先生为投保人、被保险人及重大疾病保险金和轻症疾病保险金受益人，招商局仁和人寿保险 股份有限公司为保险人。 保险金 领取人 领取金额 领取条件 重大疾病保险金 王先生 20 万元 后经医院初次确诊发生本主险合 王先生因遭受意外伤害或等待期 轻症疾病保险金 王先生 6 万元 后经医院初次确诊发生本主险合 同定义的轻症疾病 以上举例仅供您更好地理解产品之用，您所购买产品的具体保险利益以保险合同中载明的为准。 同定义的重大疾病 王先生因遭受意外伤害或等待期 第 1 页 共 37 页 您应当特别注意的事项 本产品保险责任有等待期，请您留意............'}, {'content': '分类》第十次修订（ICD-10）确定。 13 现金价值：若保险费为一次性支付的，现金价值=保险费×（1-35%）×（1-保单经过日数/保险期间的日数），经过 日数不足 1 日的按 1 日计算；若保险费为分月支付的，现金价值=月交保险费×（1-35%）×（1-该月交保险费所保 障期间的已经过日数/该月交保险费所保障期间的日数），经过日数不足 1 日的按 1 日计算。 第 5 页 共 37 页 本主险合同的保险费交费方式由您和我们约定并载明于保险单上。 保险费的交费方式分为一次性支付保险费和分月支付保险费，由您在投保时选择。 若您选择分月支付保险费的，在交纳首月保险费后，您应当在每个保险费约定支付日14交纳下一 个月的保险费。 第八条 保险合同效力的中止 分月支付保险费的，在支付本主险合同的首月保险费后，除本主险合同另有约定外，您应于保 险费约定支付日支付剩余各期保险费，若未按时支付的，在保险'}, {'content': '主险合同 定义的轻症疾病（无论一项或多项，按一项给付），我们按本主险合同基本保险金额的 30%给付轻症 疾病保险金，本项保险责任终止。 如果被保险人在确诊时符合重大疾病保险金保险责任，同时又符合轻症疾病保险金保险责任， 我们仅承担给付重大疾病保险金的保险责任。 我们提供保障的轻症疾病共有 50 种，名称见附表，具体释义见本主险合同“第二十三条 轻症 疾病的定义”。 第三条 保险期间 本主险合同的保险期间为一年，自本主险合同生效日零时起至约定期满日二十四时止，并在保 险单上载明。 第四条 不保证续保 本主险合同为不保证续保合同。 本产品保险期间为一年。保险期间届满，您需要重新向我们申请投保本产品，并经我们同意， 交纳保险费，获得新的保险合同。 第二章 我们不保什么 这部分讲的是我们不承担保险责任的情况。 第五条 责任免除 因下列情形之一导致被保险人发生本主险合同定义的重大疾病或轻症疾病的，我'}, {'content': ' 感染艾滋病病毒或患艾滋病：艾滋病病毒指人类免疫缺陷病毒，英文缩写为 HIV。艾滋病指人类免疫缺陷病毒引 起的获得性免疫缺陷综合征，英文缩写为 AIDS。 在人体血液或其他样本中检测到艾滋病病毒或其抗体呈阳性，没有出现临床症状或体征的，为感染艾滋病病毒； 如果同时出现了明显临床症状或体征的，为患艾滋病。 11 遗传性疾病：指生殖细胞或受精卵的遗传物质（染色体和基因）发生突变或畸变所引起的疾病，通常具有由亲代 传至后代的垂直传递的特征。 12 先天性畸形、变形或染色体异常：指被保险人出生时就具有的畸形、变形和染色体异常。先天性畸形、变形或染 色体异常依照世界卫生组织《疾病和有关健康问题的国际统计分类》第十次修订（ICD-10）确定。 13 现金价值：若保险费为一次性支付的，现金价值=保险费×（1-35%）×（1-保单经过日数/保险期间的日数），经过 日数不足 1 日的按 1 日计算；若保险费'}, {'content': '被保险人发生重大疾病、轻症疾病的，本主险合同终止，我们向您退还 本主险合同的现金价值。 第六条 其他免责条款 除“第五条 责任免除”外，本主险合同中还有一些免除我们责任的条款，详见“第二条 保险 责任”、“第八条 保险合同效力的中止”、“第九条 保险合同效力的恢复（简称‘复效’）”、“第十一 条 保险事故的通知”、“第十四条 您解除合同的手续及风险”、“第十七条 明确说明与如实告知”、 “第十八条 年龄确定与错误处理”、“第二十二条 重大疾病的定义”、“第二十三条 轻症疾病的定 义”、“脚注 1 意外伤害事故”、“脚注 2 我们认可的医院”、“脚注 4 初次确诊”、“脚注 16 组织病理 学检查”、“脚注 21 六项基本日常生活活动”中背景突出显示的内容。 第三章 如何支付保险费 这部分讲的是您应当按时交纳保险费，如果不及时交费可能会导致合同效力终止。 第七条 保险费的支付 6 酒后驾驶：'}, {'content': '我们保什么、保多久 这部分讲的是我们提供的保障以及我们提供保障的期间。 第一条 基本保险金额 本主险合同的基本保险金额由您和我们约定并载明于保险单上。 第二条 保险责任 自本主险合同生效之日起九十日内为等待期。 被保险人在等待期内因遭受意外伤害事故1以外的原因发生本主险合同约定的保险事故，我们无 息退还本主险合同已交纳的保险费，本主险合同终止。 被保险人续保或因遭受意外伤害事故发生本主险合同定义的重大疾病或轻症疾病的，无等待期。 本主险合同的保险责任分为基本部分和可选部分，您可只投保基本部分，也可在投保基本部分 的同时选择投保可选部分，但不能单独投保可选部分。所选保险责任一经确定，在本主险合同保险 期间内不得变更。 在本主险合同保险期间内，若被保险人因意外伤害事故或等待期后发生本主险合同约定的保险 事故，我们按照本主险合同约定给付下列保险金： 一、基本部分 重大疾病保险金 在本主险合同保险'}, {'content': '无对应取值。'}]","2, 6, 10, 13, 16, 17"
移小保和医保重大疾病保险,产品：移小保和医保重大疾病保险	问题：保险合同生效后可以退保吗？退保会有什么损失？,"根据移小保和医保重大疾病保险的相关条款：

**可以退保**：保险合同生效后，您可以书面形式或双方认可的其他形式申请解除合同。

**退保损失**：
1. **退还金额**：保险公司将退还本主险合同的**现金价值**，而非全额已交保费；
2. **保障终止**：退保后您将失去原有的重大疾病保障；
3. **流程说明**：需提供解除合同申请书、保险合同原件及您的有效身份证件，合同自保险公司收到申请书时终止，退款将在收到资料后30日内处理。

建议退保前仔细评估保障需求，如有疑问可联系保险公司客服获取个性化说明。","[{'content': '保险 期间内不得变更。 在本主险合同保险期间内，若被保险人因意外伤害事故或等待期后发生本主险合同约定的保险 事故，我们按照本主险合同约定给付下列保险金： 一、基本部分 重大疾病保险金 在本主险合同保险期间内，若被保险人由我们认可的医院2的专科医生3初次确诊4发生本主险合 同定义的重大疾病（无论一项或多项，按一项给付），我们按本主险合同的基本保险金额给付重大 1 意外伤害事故：指遭受外来的、突发的、非本意的、非疾病的使身体受到伤害的客观事件。猝死不属于意外伤害。 猝死指表面健康的人因潜在疾病、机能障碍或者其他原因在出现症状后 24 小时内发生的非暴力性突然死亡。猝死 的认定以医院的诊断或公安部门的鉴定为准。 2 我们认可的医院：指中华人民共和国境内卫生行政部门认定的二级或二级以上非营利性医院，但不包括康复医院或 康复病房、精神病医院、疗养院、美容医院、护理院、戒酒或戒毒中心、精神心理治疗中心'}, {'content': '我们保什么、保多久 这部分讲的是我们提供的保障以及我们提供保障的期间。 第一条 基本保险金额 本主险合同的基本保险金额由您和我们约定并载明于保险单上。 第二条 保险责任 自本主险合同生效之日起九十日内为等待期。 被保险人在等待期内因遭受意外伤害事故1以外的原因发生本主险合同约定的保险事故，我们无 息退还本主险合同已交纳的保险费，本主险合同终止。 被保险人续保或因遭受意外伤害事故发生本主险合同定义的重大疾病或轻症疾病的，无等待期。 本主险合同的保险责任分为基本部分和可选部分，您可只投保基本部分，也可在投保基本部分 的同时选择投保可选部分，但不能单独投保可选部分。所选保险责任一经确定，在本主险合同保险 期间内不得变更。 在本主险合同保险期间内，若被保险人因意外伤害事故或等待期后发生本主险合同约定的保险 事故，我们按照本主险合同约定给付下列保险金： 一、基本部分 重大疾病保险金 在本主险合同保险'}, {'content': '页 第十一条 保险事故的通知 您、被保险人或受益人知道保险事故后应当在十日内通知我们。 如果您、被保险人或受益人故意或者因重大过失未及时通知，致使保险事故的性质、原因、损 失程度等难以确定的，我们对无法确定的部分，不承担给付保险金的责任，但我们通过其他途径已 经及时知道或者应当及时知道保险事故发生或者虽未及时通知但不影响我们确定保险事故的性质、 原因、损失程度的除外。 第十二条 保险金的申请 在申请重大疾病保险金、轻症疾病保险金时，受益人须填写保险金给付申请书，并提供下列书 面证明和资料： 一、保险合同原件或其他保险凭证； 二、受益人的有效身份证件； 三、由我们认可的医院出具的确诊本主险合同定义的重大疾病、轻症疾病的证明材料； 四、与确认保险事故的性质、原因等相关的其他证明、资料。 以上受益人提交的证明和资料不完整的，我们将及时一次性通知需补充提供的有关证明和资料。 第十三条 保险金的给付'}, {'content': '除合同的手续及风险 本主险合同生效后，您可以以书面形式或双方认可的其他形式通知我们解除本主险合同。要求 解除本主险合同时，您应提供下列文件和资料： 第 7 页 共 37 页 一、解除合同申请书； 二、保险合同原件或其他保险凭证； 三、您的有效身份证件。 自我们收到解除合同申请书时起，本主险合同终止。我们自收到上述证明文件和资料之日起三 十日内向您退还本主险合同的现金价值。 您解除合同会遭受一定损失。 解除合同后，您会失去原有的保障。 第六章 需关注的其他内容 这部分讲的是您应当注意的其他事项。 第十五条 保险合同的构成 本主险合同由保险单或其他书面保险凭证及所附招商仁和仁爱随行重大疾病保险（互联网）条 款、投保单、与本主险合同有关的其他投保文件、声明、批注、批单及其他您与我们共同认可的书 面或电子协议构成。 第十六条 保险合同成立与生效 您提出保险申请、我们同意承保，本主险合同成立。 本主'}, {'content': '您特别注意一些重要术语的释义...........................................每页脚注 条款目录 第一章 我们保什么、 保多久 第一条 基本保险金额 第二条 保险责任 第三条 保险期间 第四条 不保证续保 第二章 我们不保什么 第五条 责任免除 第六条 其他免责条款 ¥ 第三章 如何支付保险费 第七条 保险费的支付 第八条 保险合同效力的中止 第九条 保险合同效力的恢复 ¥ 第四章 如何领取保险金 第十条 受益人的指定和变更 第十一条 保险事故的通知 第十二条 保险金的申请 第十三条 保险金的给付 第五章 如何退保 第十四条 您解除合同的手续及风险 第六章 需关注的其他内容 第十五条 保险合同的构成 第十六条 保险合同成立与生效 第十七条 明确说明与如实告知 第十八条 年龄确定与错误处理 第十九条 欠款扣除 第二十条 合同内容的变更 第二十一条 争议处理'}, {'content': '提示或者明确说明的，该条款不产生效力。 我们就您和被保险人的有关情况提出询问，您应当如实告知。 如果您故意或者因重大过失未履行前款规定的如实告知义务，足以影响我们决定是否同意承保 或者提高保险费率的，我们有权解除本主险合同。 如果您故意不履行如实告知义务，对于本主险合同解除前发生的保险事故，我们不承担给付保 险金的责任，并不退还保险费。 如果您因重大过失未履行如实告知义务，对保险事故的发生有严重影响的，对于本主险合同解 除前发生的保险事故，我们不承担给付保险金的责任，但应当无息退还保险费。 我们在合同订立时已经知道您未如实告知的情况的，我们不得解除合同；发生保险事故的，我 们承担给付保险金的责任。 第 8 页 共 37 页 上述合同解除权，自我们知道有解除事由之日起，超过三十日不行使而消灭。 第十八条 年龄确定与错误处理 一、被保险人的投保年龄以法定证件登记的周岁15计算，且须符合我们当时'}, {'content': '无对应取值。'}]","4, 6, 7, 21, 24, 26"
移小保和医保重大疾病保险,产品：移小保和医保重大疾病保险	问题：重大疾病保险金的基本保险金额最高可以投保多少？,"根据您提供的保险条款内容，关于""移小保和医保重大疾病保险""的重大疾病保险金基本保险金额最高投保限额，在所提供的条款文本中并未明确说明具体数值。

条款中仅提到：
- 基本保险金额由投保人和保险公司约定并载明于保险单上
- 保险期间为一年
- 为不保证续保合同

建议您：
1. 查阅保险单上载明的具体基本保险金额
2. 联系保险公司客服获取准确的最高投保限额信息
3. 咨询保险销售人员了解产品具体的投保规则

由于保险产品的具体投保限额可能因地区、年龄、职业等因素有所不同，以保险合同和保险公司的最终确认为准。","[{'content': '主险合同 定义的轻症疾病（无论一项或多项，按一项给付），我们按本主险合同基本保险金额的 30%给付轻症 疾病保险金，本项保险责任终止。 如果被保险人在确诊时符合重大疾病保险金保险责任，同时又符合轻症疾病保险金保险责任， 我们仅承担给付重大疾病保险金的保险责任。 我们提供保障的轻症疾病共有 50 种，名称见附表，具体释义见本主险合同“第二十三条 轻症 疾病的定义”。 第三条 保险期间 本主险合同的保险期间为一年，自本主险合同生效日零时起至约定期满日二十四时止，并在保 险单上载明。 第四条 不保证续保 本主险合同为不保证续保合同。 本产品保险期间为一年。保险期间届满，您需要重新向我们申请投保本产品，并经我们同意， 交纳保险费，获得新的保险合同。 第二章 我们不保什么 这部分讲的是我们不承担保险责任的情况。 第五条 责任免除 因下列情形之一导致被保险人发生本主险合同定义的重大疾病或轻症疾病的，我'}, {'content': '购买产品的具体保险利益以保险合同中载明的为准。 同定义的重大疾病 王先生因遭受意外伤害或等待期 第 1 页 共 37 页 您应当特别注意的事项 本产品保险责任有等待期，请您留意............................................第二条 在责任免除的情况下，我们不承担保险责任..............................第五条、第六条 解除保险合同会给您造成一定的损失，请您慎重决策............................第十四条 请您特别注意 “重大疾病的定义”、“轻症疾病的定义”............第二十二条、第二十三条 请您特别注意一些重要术语的释义...........................................每页脚注 条款目录 第一章 我们保什么、 保多久 第一条 基本保险金额 第二条 保险责'}, {'content': '保险 期间内不得变更。 在本主险合同保险期间内，若被保险人因意外伤害事故或等待期后发生本主险合同约定的保险 事故，我们按照本主险合同约定给付下列保险金： 一、基本部分 重大疾病保险金 在本主险合同保险期间内，若被保险人由我们认可的医院2的专科医生3初次确诊4发生本主险合 同定义的重大疾病（无论一项或多项，按一项给付），我们按本主险合同的基本保险金额给付重大 1 意外伤害事故：指遭受外来的、突发的、非本意的、非疾病的使身体受到伤害的客观事件。猝死不属于意外伤害。 猝死指表面健康的人因潜在疾病、机能障碍或者其他原因在出现症状后 24 小时内发生的非暴力性突然死亡。猝死 的认定以医院的诊断或公安部门的鉴定为准。 2 我们认可的医院：指中华人民共和国境内卫生行政部门认定的二级或二级以上非营利性医院，但不包括康复医院或 康复病房、精神病医院、疗养院、美容医院、护理院、戒酒或戒毒中心、精神心理治疗中心'}, {'content': '我们保什么、保多久 这部分讲的是我们提供的保障以及我们提供保障的期间。 第一条 基本保险金额 本主险合同的基本保险金额由您和我们约定并载明于保险单上。 第二条 保险责任 自本主险合同生效之日起九十日内为等待期。 被保险人在等待期内因遭受意外伤害事故1以外的原因发生本主险合同约定的保险事故，我们无 息退还本主险合同已交纳的保险费，本主险合同终止。 被保险人续保或因遭受意外伤害事故发生本主险合同定义的重大疾病或轻症疾病的，无等待期。 本主险合同的保险责任分为基本部分和可选部分，您可只投保基本部分，也可在投保基本部分 的同时选择投保可选部分，但不能单独投保可选部分。所选保险责任一经确定，在本主险合同保险 期间内不得变更。 在本主险合同保险期间内，若被保险人因意外伤害事故或等待期后发生本主险合同约定的保险 事故，我们按照本主险合同约定给付下列保险金： 一、基本部分 重大疾病保险金 在本主险合同保险'}, {'content': '师执业证书》，并按期到相关部门登记注册； （3）具有有效的中华人民共和国主治医师或主治医师以上职称的《医师职称证书》； （4）在国家《医院分级管理标准》二级或二级以上医院的相应科室从事临床工作三年以上。 4 初次确诊：指自被保险人出生之日起第一次经医院确诊患有某种疾病，而不是指自本主险合同生效之后第一次经 医院确诊患有某种疾病。 第 3 页 共 37 页 疾病保险金，本主险合同终止。 我们提供保障的重大疾病共有 100 种，名称见附表，具体释义见本主险合同“第二十二条 重 大疾病的定义”。 二、可选部分 轻症疾病保险金 在本主险合同保险期间内，若被保险人由我们认可的医院的专科医生初次确诊发生本主险合同 定义的轻症疾病（无论一项或多项，按一项给付），我们按本主险合同基本保险金额的 30%给付轻症 疾病保险金，本项保险责任终止。 如果被保险人在确诊时符合重大疾病保险金保险责任，同时又符合轻症疾'}, {'content': '提示或者明确说明的，该条款不产生效力。 我们就您和被保险人的有关情况提出询问，您应当如实告知。 如果您故意或者因重大过失未履行前款规定的如实告知义务，足以影响我们决定是否同意承保 或者提高保险费率的，我们有权解除本主险合同。 如果您故意不履行如实告知义务，对于本主险合同解除前发生的保险事故，我们不承担给付保 险金的责任，并不退还保险费。 如果您因重大过失未履行如实告知义务，对保险事故的发生有严重影响的，对于本主险合同解 除前发生的保险事故，我们不承担给付保险金的责任，但应当无息退还保险费。 我们在合同订立时已经知道您未如实告知的情况的，我们不得解除合同；发生保险事故的，我 们承担给付保险金的责任。 第 8 页 共 37 页 上述合同解除权，自我们知道有解除事由之日起，超过三十日不行使而消灭。 第十八条 年龄确定与错误处理 一、被保险人的投保年龄以法定证件登记的周岁15计算，且须符合我们当时'}, {'content': '无对应取值。'}]","3, 6, 7, 9, 10, 26"
移小保和医保重大疾病保险,产品：移小保和医保重大疾病保险	问题：轻症疾病保障是必须购买的吗？,"根据移小保和医保重大疾病保险的相关内容，轻症疾病保障不是必须购买的，而是作为可选保障项目。

从提供的案例可以看出：
- 王先生在投保时选择了投保轻症疾病保险金
- 轻症疾病保险金基本保险金额为6万元
- 重大疾病保险金基本保险金额为20万元
- 轻症疾病保险金按基本保险金额的30%给付

需要注意的是：
1. 如果被保险人同时符合重大疾病和轻症疾病的理赔条件，保险公司仅承担重大疾病保险金的给付责任
2. 轻症疾病保障包含50种疾病，具体定义以保险合同为准
3. 该产品为一年期不保证续保产品

建议您根据自身的保障需求和预算情况，决定是否附加轻症疾病保障。如有疑问，建议详细阅读保险合同条款或咨询保险顾问。","[{'content': ' 周岁）为自己购买了招商仁和仁爱随行重大疾病保险（互联网），并选择投保了轻症疾病 保险金，重大疾病保险金基本保险金额 20 万元，轻症疾病保险金基本保险金额 6 万元，采用一次性 支付保险费的方式，一次性交清保险费 476.4 元。 本例中王先生为投保人、被保险人及重大疾病保险金和轻症疾病保险金受益人，招商局仁和人寿保险 股份有限公司为保险人。 保险金 领取人 领取金额 领取条件 重大疾病保险金 王先生 20 万元 后经医院初次确诊发生本主险合 王先生因遭受意外伤害或等待期 轻症疾病保险金 王先生 6 万元 后经医院初次确诊发生本主险合 同定义的轻症疾病 以上举例仅供您更好地理解产品之用，您所购买产品的具体保险利益以保险合同中载明的为准。 同定义的重大疾病 王先生因遭受意外伤害或等待期 第 1 页 共 37 页 您应当特别注意的事项 本产品保险责任有等待期，请您留意............'}, {'content': '购买产品的具体保险利益以保险合同中载明的为准。 同定义的重大疾病 王先生因遭受意外伤害或等待期 第 1 页 共 37 页 您应当特别注意的事项 本产品保险责任有等待期，请您留意............................................第二条 在责任免除的情况下，我们不承担保险责任..............................第五条、第六条 解除保险合同会给您造成一定的损失，请您慎重决策............................第十四条 请您特别注意 “重大疾病的定义”、“轻症疾病的定义”............第二十二条、第二十三条 请您特别注意一些重要术语的释义...........................................每页脚注 条款目录 第一章 我们保什么、 保多久 第一条 基本保险金额 第二条 保险责'}, {'content': '症疾病定义是中国保险行业协会制定的轻症疾病定义；第四至五十项为非中 国保险行业协会制定的轻症疾病定义。 一、 恶性肿瘤--轻度 指恶性细胞不受控制的进行性增长和扩散，浸润和破坏周围正常组织，可以经血管、淋巴管和 体腔扩散转移到身体其他部位，病灶经组织病理学检查（涵盖骨髓病理学检查）结果明确诊断，临 床诊断属于世界卫生组织（WHO，World Health Organization）《疾病和有关健康问题的国际统计分 类》第十次修订版（ICD-10）的恶性肿瘤类别及《国际疾病分类肿瘤学专辑》第三版（ICD-O-3）的 肿瘤形态学编码属于 3、6、9（恶性肿瘤）范畴，但不在""恶性肿瘤--重度""保障范围的疾病。且特指 下列六项之一： 1.TNM 分期为Ⅰ期的甲状腺癌； 2.TNM 分期为 T1N0M0 期的前列腺癌； 3.黑色素瘤以外的未发生淋巴结和远处转移的皮肤恶性肿瘤； 4.相当于 Binet'}, {'content': '主险合同 定义的轻症疾病（无论一项或多项，按一项给付），我们按本主险合同基本保险金额的 30%给付轻症 疾病保险金，本项保险责任终止。 如果被保险人在确诊时符合重大疾病保险金保险责任，同时又符合轻症疾病保险金保险责任， 我们仅承担给付重大疾病保险金的保险责任。 我们提供保障的轻症疾病共有 50 种，名称见附表，具体释义见本主险合同“第二十三条 轻症 疾病的定义”。 第三条 保险期间 本主险合同的保险期间为一年，自本主险合同生效日零时起至约定期满日二十四时止，并在保 险单上载明。 第四条 不保证续保 本主险合同为不保证续保合同。 本产品保险期间为一年。保险期间届满，您需要重新向我们申请投保本产品，并经我们同意， 交纳保险费，获得新的保险合同。 第二章 我们不保什么 这部分讲的是我们不承担保险责任的情况。 第五条 责任免除 因下列情形之一导致被保险人发生本主险合同定义的重大疾病或轻症疾病的，我'}, {'content': '，并经我们同意， 交纳保险费，获得新的保险合同。 第二章 我们不保什么 这部分讲的是我们不承担保险责任的情况。 第五条 责任免除 因下列情形之一导致被保险人发生本主险合同定义的重大疾病或轻症疾病的，我们不承担给付 保险金的责任： 一、投保人对被保险人的故意杀害、故意伤害； 二、被保险人故意犯罪或者抗拒依法采取的刑事强制措施； 三、被保险人故意自伤、或自本主险合同成立或者本主险合同效力恢复之日起 2 年内自杀，但 被保险人自杀时为无民事行为能力人的除外； 四、被保险人服用、吸食或注射毒品5； 5 毒品：指《中华人民共和国刑法》规定的鸦片、海洛因、甲基苯丙胺（冰毒）、吗啡、大麻、可卡因以及国家规定 管制的其他能够使人形成瘾癖的麻醉药品和精神药品，但不包括由医生开具并遵医嘱使用的用于治疗疾病但含有 毒品成分的处方药品。 第 4 页 共 37 页 五、被保险人酒后驾驶6，无合法有效驾驶证驾驶7，或'}, {'content': '病须 经三级医院的专科医师根据WHO诊断标准明确诊断，并且被保险人永久不可逆丧失自主生活能力， 无法独立完成六项基本日常生活活动中的三项或三项以上。 六十一、进行性多灶性白质脑病 是一种亚急性脱髓鞘脑病，常常发生于免疫缺陷病人。必须满足下列所有条件： 1．根据脑组织活检确诊； 2．永久不可逆丧失自主生活能力，无法独立完成六项基本日常生活活动中的三项或三项以上。 六十二、破裂脑动脉瘤夹闭手术 第 20 页 共 37 页 指因脑动脉瘤破裂造成蛛网膜下腔出血，被保险人实际接受了在全麻下进行的开颅脑动脉瘤夹 闭手术。 脑动脉瘤（未破裂）预防性手术、颅骨打孔手术、动脉瘤栓塞手术、血管内手术及其他颅脑手术 不在本保障范围内。 六十三、脊髓小脑变性症 脊髓小脑变性症为一组以小脑萎缩和共济失调为主要临床特点的与遗传有关的疾病。必须符合 所有以下条件： 1．脊髓小脑变性症必须由三级医院诊断，并有以下证据支持'}, {'content': '重大疾病和轻症疾病的保障范围包括但不限于：恶性肿瘤（重度/轻度）、急性心肌梗死（较重/较轻）、严重脑中风后遗症（轻度）、重大器官移植术或造血干细胞移植术、冠状动脉搭桥术（微创）、严重慢性肾衰竭、多个肢体缺失、急性重症肝炎或亚急性重症肝炎、严重非恶性颅内肿瘤、严重慢性肝衰竭、严重脑炎后遗症或严重脑膜炎后遗症、深度昏迷、双耳失聪（三周岁后始理赔）、双目失明（三周岁后始理赔）、瘫痪、心脏瓣膜手术（介入手术）、严重阿尔茨海默病、严重脑损伤、严重原发性帕金森病、严重Ⅲ度烧伤、严重特发性肺动脉高压、严重运动神经元病、语言能力丧失（三周岁后始理赔）、重型再生障碍性贫血、主动脉手术、严重慢性呼吸衰竭、严重克罗恩病、严重溃疡性结肠炎、严重的原发性心肌病、严重感染性心内膜炎、严重肺源性心脏病、严重心肌炎、严重冠心病、心脏粘液瘤、完全性房室传导阻滞、系统性红斑狼疮性肾炎尿毒症、急性出血坏死性胰腺炎开腹手术（腹腔镜手术）、胰腺移植、严重慢性复发性胰腺炎、严重自身免疫性肝炎、肾髓质囊肿病、肺淋巴管肌瘤病、严重弥漫性系统性硬皮病、特发性慢性肾上腺皮质功能减退、重症骨髓增生异常综合征、原发性骨髓纤维化、严重的结核性'}]","2, 3, 10, 11, 72, 99"
移小保和医保重大疾病保险,产品：移小保和医保重大疾病保险	问题：如果被保险人身故，保险金会给谁？,"根据提供的保险条款内容，当被保险人身故时，保险金的给付情况如下：

**第十条 受益人的指定和变更**明确规定：
- 除另有约定外，本主险合同各项保险金的受益人均为被保险人本人
- 被保险人身故后，保险金作为被保险人的遗产，由保险公司依照《中华人民共和国民法典》的规定给付保险金，具体包括以下情形：
  1. 没有指定受益人，或者受益人指定不明无法确定的
  2. 受益人先于被保险人身故，没有其他受益人

**特别说明：**
在本案例中，王先生既是投保人也是被保险人，同时还是重大疾病保险金和轻症疾病保险金的指定受益人。但需要注意的是，这些保险金都是在被保险人生存状态下确诊疾病时给付的。

**总结：**
如果被保险人身故，由于本产品的主要保险责任是重大疾病和轻症疾病保障（均为生存保险金），身故保险金的给付将按照上述第十条的规定处理，即作为被保险人的遗产，由其法定继承人依法继承。","[{'content': ' 周岁）为自己购买了招商仁和仁爱随行重大疾病保险（互联网），并选择投保了轻症疾病 保险金，重大疾病保险金基本保险金额 20 万元，轻症疾病保险金基本保险金额 6 万元，采用一次性 支付保险费的方式，一次性交清保险费 476.4 元。 本例中王先生为投保人、被保险人及重大疾病保险金和轻症疾病保险金受益人，招商局仁和人寿保险 股份有限公司为保险人。 保险金 领取人 领取金额 领取条件 重大疾病保险金 王先生 20 万元 后经医院初次确诊发生本主险合 王先生因遭受意外伤害或等待期 轻症疾病保险金 王先生 6 万元 后经医院初次确诊发生本主险合 同定义的轻症疾病 以上举例仅供您更好地理解产品之用，您所购买产品的具体保险利益以保险合同中载明的为准。 同定义的重大疾病 王先生因遭受意外伤害或等待期 第 1 页 共 37 页 您应当特别注意的事项 本产品保险责任有等待期，请您留意............'}, {'content': '保险 期间内不得变更。 在本主险合同保险期间内，若被保险人因意外伤害事故或等待期后发生本主险合同约定的保险 事故，我们按照本主险合同约定给付下列保险金： 一、基本部分 重大疾病保险金 在本主险合同保险期间内，若被保险人由我们认可的医院2的专科医生3初次确诊4发生本主险合 同定义的重大疾病（无论一项或多项，按一项给付），我们按本主险合同的基本保险金额给付重大 1 意外伤害事故：指遭受外来的、突发的、非本意的、非疾病的使身体受到伤害的客观事件。猝死不属于意外伤害。 猝死指表面健康的人因潜在疾病、机能障碍或者其他原因在出现症状后 24 小时内发生的非暴力性突然死亡。猝死 的认定以医院的诊断或公安部门的鉴定为准。 2 我们认可的医院：指中华人民共和国境内卫生行政部门认定的二级或二级以上非营利性医院，但不包括康复医院或 康复病房、精神病医院、疗养院、美容医院、护理院、戒酒或戒毒中心、精神心理治疗中心'}, {'content': '购买产品的具体保险利益以保险合同中载明的为准。 同定义的重大疾病 王先生因遭受意外伤害或等待期 第 1 页 共 37 页 您应当特别注意的事项 本产品保险责任有等待期，请您留意............................................第二条 在责任免除的情况下，我们不承担保险责任..............................第五条、第六条 解除保险合同会给您造成一定的损失，请您慎重决策............................第十四条 请您特别注意 “重大疾病的定义”、“轻症疾病的定义”............第二十二条、第二十三条 请您特别注意一些重要术语的释义...........................................每页脚注 条款目录 第一章 我们保什么、 保多久 第一条 基本保险金额 第二条 保险责'}, {'content': '可以申请恢复合同效力。经您与我们协商并 达成协议，自您补交保险费的次日零时起，本主险合同效力恢复。 自本主险合同效力中止之日起至期满日止，您和我们仍未达成协议的，本主险合同效力终止。 第四章 如何领取保险金 这部分讲的是谁有权领取，如何领取保险金。 第十条 受益人的指定和变更 除另有约定外，本主险合同各项保险金的受益人均为被保险人本人。 被保险人为无民事行为能力人或限制民事行为能力人的，可以由其监护人指定受益人。 您或者被保险人可以变更受益人并书面通知我们。我们收到变更受益人的书面通知后，在保险 单或其他保险凭证上批注或附贴批单。 您在指定和变更受益人时，必须经过被保险人书面同意。 被保险人身故后，有下列情形之一的，保险金作为被保险人的遗产，由我们依照《中华人民共 和国民法典》的规定给付保险金： 一、没有指定受益人，或者受益人指定不明无法确定的； 二、受益人先于被保险人身故，没有其他受益人'}, {'content': '页 第十一条 保险事故的通知 您、被保险人或受益人知道保险事故后应当在十日内通知我们。 如果您、被保险人或受益人故意或者因重大过失未及时通知，致使保险事故的性质、原因、损 失程度等难以确定的，我们对无法确定的部分，不承担给付保险金的责任，但我们通过其他途径已 经及时知道或者应当及时知道保险事故发生或者虽未及时通知但不影响我们确定保险事故的性质、 原因、损失程度的除外。 第十二条 保险金的申请 在申请重大疾病保险金、轻症疾病保险金时，受益人须填写保险金给付申请书，并提供下列书 面证明和资料： 一、保险合同原件或其他保险凭证； 二、受益人的有效身份证件； 三、由我们认可的医院出具的确诊本主险合同定义的重大疾病、轻症疾病的证明材料； 四、与确认保险事故的性质、原因等相关的其他证明、资料。 以上受益人提交的证明和资料不完整的，我们将及时一次性通知需补充提供的有关证明和资料。 第十三条 保险金的给付'}, {'content': '提示或者明确说明的，该条款不产生效力。 我们就您和被保险人的有关情况提出询问，您应当如实告知。 如果您故意或者因重大过失未履行前款规定的如实告知义务，足以影响我们决定是否同意承保 或者提高保险费率的，我们有权解除本主险合同。 如果您故意不履行如实告知义务，对于本主险合同解除前发生的保险事故，我们不承担给付保 险金的责任，并不退还保险费。 如果您因重大过失未履行如实告知义务，对保险事故的发生有严重影响的，对于本主险合同解 除前发生的保险事故，我们不承担给付保险金的责任，但应当无息退还保险费。 我们在合同订立时已经知道您未如实告知的情况的，我们不得解除合同；发生保险事故的，我 们承担给付保险金的责任。 第 8 页 共 37 页 上述合同解除权，自我们知道有解除事由之日起，超过三十日不行使而消灭。 第十八条 年龄确定与错误处理 一、被保险人的投保年龄以法定证件登记的周岁15计算，且须符合我们当时'}, {'content': '重大疾病和轻症疾病的保障范围包括但不限于：恶性肿瘤（重度/轻度）、急性心肌梗死（较重/较轻）、严重脑中风后遗症（轻度）、重大器官移植术或造血干细胞移植术、冠状动脉搭桥术（微创）、严重慢性肾衰竭、多个肢体缺失、急性重症肝炎或亚急性重症肝炎、严重非恶性颅内肿瘤、严重慢性肝衰竭、严重脑炎后遗症或严重脑膜炎后遗症、深度昏迷、双耳失聪（三周岁后始理赔）、双目失明（三周岁后始理赔）、瘫痪、心脏瓣膜手术（介入手术）、严重阿尔茨海默病、严重脑损伤、严重原发性帕金森病、严重Ⅲ度烧伤、严重特发性肺动脉高压、严重运动神经元病、语言能力丧失（三周岁后始理赔）、重型再生障碍性贫血、主动脉手术、严重慢性呼吸衰竭、严重克罗恩病、严重溃疡性结肠炎、严重的原发性心肌病、严重感染性心内膜炎、严重肺源性心脏病、严重心肌炎、严重冠心病、心脏粘液瘤、完全性房室传导阻滞、系统性红斑狼疮性肾炎尿毒症、急性出血坏死性胰腺炎开腹手术（腹腔镜手术）、胰腺移植、严重慢性复发性胰腺炎、严重自身免疫性肝炎、肾髓质囊肿病、肺淋巴管肌瘤病、严重弥漫性系统性硬皮病、特发性慢性肾上腺皮质功能减退、重症骨髓增生异常综合征、原发性骨髓纤维化、严重的结核性'}]","2, 3, 7, 19, 21, 26"
移小保和医保重大疾病保险,产品：移小保和医保重大疾病保险	问题：投保时需要提供哪些健康告知信息？,"根据移小保和医保重大疾病保险的相关条款，投保时需要提供的健康告知信息如下：

**投保健康告知要求：**
1. 您需要如实回答保险公司就您和被保险人的有关情况提出的所有询问
2. 告知内容应包括但不限于被保险人的健康状况、既往病史、家族病史等相关信息

**重要提示：**
- 如实告知是法定义务，如故意或因重大过失未履行如实告知义务：
  - 故意不告知：保险公司有权解除合同，对解除前发生的保险事故不承担保险责任，且不退还保险费
  - 重大过失未告知：对保险事故有严重影响的，保险公司不承担保险责任，但会无息退还保险费

**建议：**
在投保时请仔细阅读投保单中的健康询问事项，并基于实际情况如实填写所有健康相关信息，确保告知内容真实、完整，以避免后续可能出现的理赔纠纷。","[{'content': '联网）条 款、投保单、与本主险合同有关的其他投保文件、声明、批注、批单及其他您与我们共同认可的书 面或电子协议构成。 第十六条 保险合同成立与生效 您提出保险申请、我们同意承保，本主险合同成立。 本主险合同的成立日、生效日均以保险单或其他保险凭证所载的日期为准。保险合同期满日以 合同生效日为基准计算。 我们自本主险合同生效时开始承担保险责任。 第十七条 明确说明与如实告知 订立本主险合同时，我们应向您说明本主险合同的内容。 对保险条款中免除我们责任的条款，我们在订立合同时应当在投保单、保险单或者其他保险凭 证上作出足以引起您注意的提示，并对该条款的内容以书面或者口头形式向您作出明确说明，未作 提示或者明确说明的，该条款不产生效力。 我们就您和被保险人的有关情况提出询问，您应当如实告知。 如果您故意或者因重大过失未履行前款规定的如实告知义务，足以影响我们决定是否同意承保 或者提高保险费率的，'}, {'content': '页 第十一条 保险事故的通知 您、被保险人或受益人知道保险事故后应当在十日内通知我们。 如果您、被保险人或受益人故意或者因重大过失未及时通知，致使保险事故的性质、原因、损 失程度等难以确定的，我们对无法确定的部分，不承担给付保险金的责任，但我们通过其他途径已 经及时知道或者应当及时知道保险事故发生或者虽未及时通知但不影响我们确定保险事故的性质、 原因、损失程度的除外。 第十二条 保险金的申请 在申请重大疾病保险金、轻症疾病保险金时，受益人须填写保险金给付申请书，并提供下列书 面证明和资料： 一、保险合同原件或其他保险凭证； 二、受益人的有效身份证件； 三、由我们认可的医院出具的确诊本主险合同定义的重大疾病、轻症疾病的证明材料； 四、与确认保险事故的性质、原因等相关的其他证明、资料。 以上受益人提交的证明和资料不完整的，我们将及时一次性通知需补充提供的有关证明和资料。 第十三条 保险金的给付'}, {'content': ' 感染艾滋病病毒或患艾滋病：艾滋病病毒指人类免疫缺陷病毒，英文缩写为 HIV。艾滋病指人类免疫缺陷病毒引 起的获得性免疫缺陷综合征，英文缩写为 AIDS。 在人体血液或其他样本中检测到艾滋病病毒或其抗体呈阳性，没有出现临床症状或体征的，为感染艾滋病病毒； 如果同时出现了明显临床症状或体征的，为患艾滋病。 11 遗传性疾病：指生殖细胞或受精卵的遗传物质（染色体和基因）发生突变或畸变所引起的疾病，通常具有由亲代 传至后代的垂直传递的特征。 12 先天性畸形、变形或染色体异常：指被保险人出生时就具有的畸形、变形和染色体异常。先天性畸形、变形或染 色体异常依照世界卫生组织《疾病和有关健康问题的国际统计分类》第十次修订（ICD-10）确定。 13 现金价值：若保险费为一次性支付的，现金价值=保险费×（1-35%）×（1-保单经过日数/保险期间的日数），经过 日数不足 1 日的按 1 日计算；若保险费'}, {'content': '职业，在其常规职业工作过程中遭遇外伤，或者职业 需要处理血液或者其他体液时感染上人类免疫缺陷病毒（HIV）。必须满足下列全部条件： 1．感染必须是在被保险人正在从事其职业工作中发生； 2．血清转化必须出现在事故发生后的6个月以内； 3．必须提供被保险人在所报事故发生后的5天以内进行的检查报告，该报告必须显示被保险人 血液HIV病毒阴性和/或HIV抗体阴性； 4．必须在事故发生后的12个月内证实被保险人体内存在HIV病毒或者HIV抗体。 职业列表： 医生（包括牙医） 护士 医院化验室工作人员 医院护工 救护车工作人员 助产士 警察（包括狱警） 消防人员 在任何治愈艾滋病（AIDS）或阻止HIV病毒作用的疗法被发现以后，或能防止AIDS发生的医疗 方法被研究出来以后，本保障将不再予以赔付。 任何因其他传播方式（包括：输血、性传播或静脉注射毒品）导致的HIV感染不在保障范围内。 保险公司必须拥有'}, {'content': '具该项输血感染属医疗责任事故的报告，或者法院终审裁 定为医疗责任； 3．受感染的被保险人不是血友病患者。 在任何治愈艾滋病（AIDS）或阻止HIV病毒作用的疗法被发现以后，或能防止AIDS发生的医疗 方法被研究出来以后，本保障将不再予以赔付。 任何因其他传播方式（包括：性传播或静脉注射毒品）导致的HIV感染不在保障范围内。保险公 司必须拥有获得使用被保险人的所有血液样本的权利和能够对这些样本进行独立检验的权利。 我们承担本项疾病责任不受本主险合同责任免除中“被保险人感染艾滋病病毒或患艾滋病”的 限制。 六十九、因职业关系导致的人类免疫缺陷病毒（HIV）感染 被保险人的职业归属于下列职业列表内的职业，在其常规职业工作过程中遭遇外伤，或者职业 需要处理血液或者其他体液时感染上人类免疫缺陷病毒（HIV）。必须满足下列全部条件： 1．感染必须是在被保险人正在从事其职业工作中发生； 2．血清转化必须'}, {'content': '动：自己从一个房间到另一个房间； 2．进食：自己从已准备好的碗或碟中取食物放入口中。 八十八、席汉氏综合征 指因产后大出血并发休克、全身循环衰竭、弥漫性血管内凝血导致脑垂体缺血坏死和垂体分泌 激素不足，造成性腺、甲状腺、肾上腺皮质功能减退。必须满足下列所有条件： 1．产后大出血休克病史； 2．严重腺垂体功能破坏，破坏程度>95%； 3．影像学检查显示脑垂体严重萎缩或消失； 4．实验室检查显示： （1）垂体前叶激素全面低下； （2）性激素、甲状腺素、肾上腺皮质激素全面低下（包括生长激素、促甲状腺素、促肾上腺皮 质激素、卵泡刺激素和黄体生成素）； 5．需要终身激素替代治疗以维持身体功能，持续服用各种替代激素超过一年。 垂体功能部分低下及其他原因所致垂体功能低下不在保障范围之内。 八十九、严重小肠疾病并发症 严重肠道疾病或外伤导致小肠损害并发症，必须满足以下所有条件： 1．至少切除了三分之二小肠'}, {'content': '订立本主险合同时，我们应向您说明本主险合同的内容，并对免除责任的条款进行提示和明确说明。我们就您和被保险人的有关情况提出询问，您应当如实告知。如您故意或因重大过失未履行如实告知义务，足以影响我们决定是否承保或提高保险费率的，我们有权解除合同。故意不履行如实告知义务的，对于合同解除前发生的保险事故，我们不承担给付保险金的责任，并不退还保险费。因重大过失未履行如实告知义务且对保险事故有严重影响的，我们不承担给付保险金的责任，但无息退还保险费。如我们在合同订立时已知未如实告知的情况，不得解除合同，发生保险事故的，我们承担给付保险金的责任。'}]","16, 21, 25, 77, 78, 92"
移小保和医保重大疾病保险,产品：移小保和医保重大疾病保险	问题：保险事故发生后需要在多长时间内通知保险公司？,"根据移小保和医保重大疾病保险条款第十一条""保险事故的通知""规定：

**保险事故发生后，您、被保险人或受益人应当在十日内通知保险公司。**

如果因故意或重大过失未及时通知，导致保险事故的性质、原因、损失程度等难以确定的，保险公司对无法确定的部分不承担给付保险金的责任。但以下情况除外：
- 保险公司通过其他途径已经及时知道或应当及时知道保险事故发生
- 虽未及时通知但不影响确定保险事故的性质、原因、损失程度

建议在保险事故发生后尽快通知保险公司，以确保顺利获得理赔。","[{'content': '保险 期间内不得变更。 在本主险合同保险期间内，若被保险人因意外伤害事故或等待期后发生本主险合同约定的保险 事故，我们按照本主险合同约定给付下列保险金： 一、基本部分 重大疾病保险金 在本主险合同保险期间内，若被保险人由我们认可的医院2的专科医生3初次确诊4发生本主险合 同定义的重大疾病（无论一项或多项，按一项给付），我们按本主险合同的基本保险金额给付重大 1 意外伤害事故：指遭受外来的、突发的、非本意的、非疾病的使身体受到伤害的客观事件。猝死不属于意外伤害。 猝死指表面健康的人因潜在疾病、机能障碍或者其他原因在出现症状后 24 小时内发生的非暴力性突然死亡。猝死 的认定以医院的诊断或公安部门的鉴定为准。 2 我们认可的医院：指中华人民共和国境内卫生行政部门认定的二级或二级以上非营利性医院，但不包括康复医院或 康复病房、精神病医院、疗养院、美容医院、护理院、戒酒或戒毒中心、精神心理治疗中心'}, {'content': '义的重大疾病、轻症疾病的证明材料； 四、与确认保险事故的性质、原因等相关的其他证明、资料。 以上受益人提交的证明和资料不完整的，我们将及时一次性通知需补充提供的有关证明和资料。 第十三条 保险金的给付 一、我们在收到保险金给付申请书及本主险合同约定的证明和资料后，将在五个工作日内作出 核定；情形复杂的，在三十日内作出核定。对属于保险责任的，我们在与受益人达成给付保险金的 协议后十日内，履行给付保险金的义务。 若我们在收到保险金给付申请书及上述有关证明和资料后第三十日后仍未做出核定，除支付保 险金外，我们将从第三十一日起按超过天数赔偿受益人因此受到的利息损失。利息按照中国人民银 行公布的同期金融机构人民币活期存款基准利率的单利计算。若我们要求您、被保险人或者受益人 补充提供有关证明和资料的，则上述的三十日不包括补充提供有关证明和资料的期间。 对不属于保险责任的，我们自作出核定之日起三日内向受'}, {'content': '购买产品的具体保险利益以保险合同中载明的为准。 同定义的重大疾病 王先生因遭受意外伤害或等待期 第 1 页 共 37 页 您应当特别注意的事项 本产品保险责任有等待期，请您留意............................................第二条 在责任免除的情况下，我们不承担保险责任..............................第五条、第六条 解除保险合同会给您造成一定的损失，请您慎重决策............................第十四条 请您特别注意 “重大疾病的定义”、“轻症疾病的定义”............第二十二条、第二十三条 请您特别注意一些重要术语的释义...........................................每页脚注 条款目录 第一章 我们保什么、 保多久 第一条 基本保险金额 第二条 保险责'}, {'content': '页 第十一条 保险事故的通知 您、被保险人或受益人知道保险事故后应当在十日内通知我们。 如果您、被保险人或受益人故意或者因重大过失未及时通知，致使保险事故的性质、原因、损 失程度等难以确定的，我们对无法确定的部分，不承担给付保险金的责任，但我们通过其他途径已 经及时知道或者应当及时知道保险事故发生或者虽未及时通知但不影响我们确定保险事故的性质、 原因、损失程度的除外。 第十二条 保险金的申请 在申请重大疾病保险金、轻症疾病保险金时，受益人须填写保险金给付申请书，并提供下列书 面证明和资料： 一、保险合同原件或其他保险凭证； 二、受益人的有效身份证件； 三、由我们认可的医院出具的确诊本主险合同定义的重大疾病、轻症疾病的证明材料； 四、与确认保险事故的性质、原因等相关的其他证明、资料。 以上受益人提交的证明和资料不完整的，我们将及时一次性通知需补充提供的有关证明和资料。 第十三条 保险金的给付'}, {'content': '机构人民币活期存款基准利率的单利计算。若我们要求您、被保险人或者受益人 补充提供有关证明和资料的，则上述的三十日不包括补充提供有关证明和资料的期间。 对不属于保险责任的，我们自作出核定之日起三日内向受益人发出拒绝给付保险金通知书并说 明理由。 我们在收到保险金给付申请书及有关证明和资料之日起六十日内，对给付保险金的数额不能确 定的，根据已有证明和资料可以确定的数额先予支付；我们最终确定给付保险金的数额后，将支付 相应的差额。 二、受益人向我们请求给付保险金的诉讼时效期间为两年，诉讼时效自其知道或者应当知道保 险事故发生之日起计算。 第五章 如何退保 这部分讲的是您可以申请退保。 第十四条 您解除合同的手续及风险 本主险合同生效后，您可以以书面形式或双方认可的其他形式通知我们解除本主险合同。要求 解除本主险合同时，您应提供下列文件和资料： 第 7 页 共 37 页 一、解除合同申请书； 二、'}, {'content': '我们有权更正并 要求您补交保险费。若已经发生保险事故，在给付保险金时按实付保险费和应付保险费的比例给付。 （三）您申报的被保险人年龄不真实，致使您实付保险费多于应付保险费的，我们会将多收的 保险费无息退还给您。 第十九条 欠款扣除 我们在给付保险金、退还本主险合同现金价值或保险费时，如您有欠交保险费或其他欠款未还， 我们有权在扣除上述欠款及应付利息后给付。 第二十条 合同内容的变更 除本主险合同另有约定外，经您和我们协商同意后，可变更本主险合同的有关内容，并由我们 签发批单后生效。但本主险合同内容的变更不得违反法律法规及保险监督管理机构相关规定。 为了保障您的合法权益，您或被保险人的通讯地址、电子邮箱或电话等联系方式变更时，应及 时以书面形式通知我们。您或被保险人不作上述通知的，我们将按投保单或批单上所载的您或被保 险人的最后联系方式发送通知，并均视为已送达给您或被保险人。 第二十一条 争'}, {'content': '重大疾病和轻症疾病的保障范围包括但不限于：恶性肿瘤（重度/轻度）、急性心肌梗死（较重/较轻）、严重脑中风后遗症（轻度）、重大器官移植术或造血干细胞移植术、冠状动脉搭桥术（微创）、严重慢性肾衰竭、多个肢体缺失、急性重症肝炎或亚急性重症肝炎、严重非恶性颅内肿瘤、严重慢性肝衰竭、严重脑炎后遗症或严重脑膜炎后遗症、深度昏迷、双耳失聪（三周岁后始理赔）、双目失明（三周岁后始理赔）、瘫痪、心脏瓣膜手术（介入手术）、严重阿尔茨海默病、严重脑损伤、严重原发性帕金森病、严重Ⅲ度烧伤、严重特发性肺动脉高压、严重运动神经元病、语言能力丧失（三周岁后始理赔）、重型再生障碍性贫血、主动脉手术、严重慢性呼吸衰竭、严重克罗恩病、严重溃疡性结肠炎、严重的原发性心肌病、严重感染性心内膜炎、严重肺源性心脏病、严重心肌炎、严重冠心病、心脏粘液瘤、完全性房室传导阻滞、系统性红斑狼疮性肾炎尿毒症、急性出血坏死性胰腺炎开腹手术（腹腔镜手术）、胰腺移植、严重慢性复发性胰腺炎、严重自身免疫性肝炎、肾髓质囊肿病、肺淋巴管肌瘤病、严重弥漫性系统性硬皮病、特发性慢性肾上腺皮质功能减退、重症骨髓增生异常综合征、原发性骨髓纤维化、严重的结核性'}]","3, 7, 21, 22, 23, 28"
移小保和医保重大疾病保险,产品：移小保和医保重大疾病保险	问题：申请理赔时需要准备哪些材料？,"根据移小保和医保重大疾病保险条款规定，申请理赔时需要准备以下材料：

**必备材料清单：**
1. 保险合同原件或其他保险凭证
2. 受益人的有效身份证件
3. 由保险公司认可的医院出具的确诊重大疾病或轻症疾病的证明材料
4. 与确认保险事故性质、原因等相关的其他证明和资料

**重要注意事项：**
- 保险事故发生后，应在10日内通知保险公司
- 保险公司收到完整材料后，将在5个工作日内作出核定；情况复杂的在30日内核定
- 如材料不完整，保险公司会一次性通知需补充的材料
- 对于特定疾病（如双目失明、双耳失聪等），被保险人申请理赔时年龄必须在三周岁以上，并提供相应的诊断及检查证据

**理赔时效保障：**
- 对属于保险责任的，在与受益人达成协议后10日内履行给付义务
- 如30日内未作出核定，将从第31日起按央行活期存款基准利率赔偿利息损失

建议在申请理赔前仔细核对所需材料，确保完整准确，以避免因材料不全而延误理赔进度。","[{'content': '义的重大疾病、轻症疾病的证明材料； 四、与确认保险事故的性质、原因等相关的其他证明、资料。 以上受益人提交的证明和资料不完整的，我们将及时一次性通知需补充提供的有关证明和资料。 第十三条 保险金的给付 一、我们在收到保险金给付申请书及本主险合同约定的证明和资料后，将在五个工作日内作出 核定；情形复杂的，在三十日内作出核定。对属于保险责任的，我们在与受益人达成给付保险金的 协议后十日内，履行给付保险金的义务。 若我们在收到保险金给付申请书及上述有关证明和资料后第三十日后仍未做出核定，除支付保 险金外，我们将从第三十一日起按超过天数赔偿受益人因此受到的利息损失。利息按照中国人民银 行公布的同期金融机构人民币活期存款基准利率的单利计算。若我们要求您、被保险人或者受益人 补充提供有关证明和资料的，则上述的三十日不包括补充提供有关证明和资料的期间。 对不属于保险责任的，我们自作出核定之日起三日内向受'}, {'content': '页 第十一条 保险事故的通知 您、被保险人或受益人知道保险事故后应当在十日内通知我们。 如果您、被保险人或受益人故意或者因重大过失未及时通知，致使保险事故的性质、原因、损 失程度等难以确定的，我们对无法确定的部分，不承担给付保险金的责任，但我们通过其他途径已 经及时知道或者应当及时知道保险事故发生或者虽未及时通知但不影响我们确定保险事故的性质、 原因、损失程度的除外。 第十二条 保险金的申请 在申请重大疾病保险金、轻症疾病保险金时，受益人须填写保险金给付申请书，并提供下列书 面证明和资料： 一、保险合同原件或其他保险凭证； 二、受益人的有效身份证件； 三、由我们认可的医院出具的确诊本主险合同定义的重大疾病、轻症疾病的证明材料； 四、与确认保险事故的性质、原因等相关的其他证明、资料。 以上受益人提交的证明和资料不完整的，我们将及时一次性通知需补充提供的有关证明和资料。 第十三条 保险金的给付'}, {'content': '目视力永久不可逆性丧失，虽然未达到中国保险行业协会所制定重 大疾病 “双目失明”的给付标准，但满足下列条件之一： 1.双眼中较好眼矫正视力低于 0.1（采用国际标准视力表，如果使用其他视力表应进行换算）； 2.双眼中较好眼视野半径小于 20 度。 被保险人申请理赔时年龄必须在三周岁以上，并且提供理赔当时的视力丧失诊断及检查证据。 第 33 页 共 37 页 三十七、 人工耳蜗植入术 指由于耳蜗的永久损害而实际实施了人工耳蜗植入手术。诊断须经专科医生确认在医学上是必 要的，且在植入手术之前已经符合下列全部条件： 1.双耳持续 12 个月以上重度感音神经性耳聋； 2.使用相应的听力辅助设备效果不佳。 三十八、 较小面积烧伤 指烧伤程度为Ⅲ度，且Ⅲ度烧伤面积达到全身体表面积的 10％或 10％以上，但尚未达到 20%。 体表面积根据 《中国新九分法》计算。 三十九、 一肢体缺失 指因疾病或意外伤'}, {'content': ' 感染艾滋病病毒或患艾滋病：艾滋病病毒指人类免疫缺陷病毒，英文缩写为 HIV。艾滋病指人类免疫缺陷病毒引 起的获得性免疫缺陷综合征，英文缩写为 AIDS。 在人体血液或其他样本中检测到艾滋病病毒或其抗体呈阳性，没有出现临床症状或体征的，为感染艾滋病病毒； 如果同时出现了明显临床症状或体征的，为患艾滋病。 11 遗传性疾病：指生殖细胞或受精卵的遗传物质（染色体和基因）发生突变或畸变所引起的疾病，通常具有由亲代 传至后代的垂直传递的特征。 12 先天性畸形、变形或染色体异常：指被保险人出生时就具有的畸形、变形和染色体异常。先天性畸形、变形或染 色体异常依照世界卫生组织《疾病和有关健康问题的国际统计分类》第十次修订（ICD-10）确定。 13 现金价值：若保险费为一次性支付的，现金价值=保险费×（1-35%）×（1-保单经过日数/保险期间的日数），经过 日数不足 1 日的按 1 日计算；若保险费'}, {'content': '于 90 分贝，且经纯音听力测试、声导抗检测或听觉诱发电位检测等证实。 24 永久不可逆：指自疾病确诊或意外伤害发生之日起，经过积极治疗 180 天后，仍无法通过现有医疗手段恢复。 第 29 页 共 37 页 被保险人申请理赔时年龄必须在三周岁以上，并且提供理赔当时的听力丧失诊断及检查证据。 十、 原发性心肌病心功能损害 指被保险人因原发性心肌病导致慢性心功能损害造成永久不可逆性的心功能衰竭。心功能衰竭 程度达到美国纽约心脏病学会（New York Heart Association，NYHA）心功能状态分级 III 级。被 保险人永久不可逆性的体力活动能力受限，不能从事体力活动。 十一、 植入心脏起搏器 因严重心律失常而确实已经实施永久性心脏起搏器的植入手术。理赔时须提供完整病历资料及 手术记录，诊断及治疗均须在我们认可的医院的专科医生认为是医疗必须的情况下进行。由于心脏 再同步化治疗而'}, {'content': '导抗检测或听觉诱发电位检测等证实。 22 永久不可逆：指自疾病确诊或意外伤害发生之日起，经过积极治疗 180 天后，仍无法通过现有医疗手段恢复。 第 12 页 共 37 页 申请理赔时，被保险人年龄须在三周岁以上，并且须提供理赔当时的听力丧失诊断及检查证据。 十四、双目失明——三周岁后始理赔 指因疾病或意外伤害导致双眼视力永久不可逆性丧失，双眼中较好眼须满足下列至少一项条件： 1.眼球缺失或摘除； 2.矫正视力低于0.02（采用国际标准视力表，如果使用其他视力表应进行换算）； 3.视野半径小于5度。 申请理赔时，被保险人年龄须在三周岁以上，并且须提供理赔当时的视力丧失诊断及检查证据。 十五、瘫痪 指因疾病或意外伤害导致两肢或两肢以上肢体随意运动功能永久完全丧失。肢体随意运动功能 永久完全丧失，指疾病确诊180天后或意外伤害发生180天后，每肢三大关节中的两大关节仍然完全 僵硬，或肢体肌力在'}, {'content': '重大疾病和轻症疾病的保障范围包括但不限于：恶性肿瘤（重度/轻度）、急性心肌梗死（较重/较轻）、严重脑中风后遗症（轻度）、重大器官移植术或造血干细胞移植术、冠状动脉搭桥术（微创）、严重慢性肾衰竭、多个肢体缺失、急性重症肝炎或亚急性重症肝炎、严重非恶性颅内肿瘤、严重慢性肝衰竭、严重脑炎后遗症或严重脑膜炎后遗症、深度昏迷、双耳失聪（三周岁后始理赔）、双目失明（三周岁后始理赔）、瘫痪、心脏瓣膜手术（介入手术）、严重阿尔茨海默病、严重脑损伤、严重原发性帕金森病、严重Ⅲ度烧伤、严重特发性肺动脉高压、严重运动神经元病、语言能力丧失（三周岁后始理赔）、重型再生障碍性贫血、主动脉手术、严重慢性呼吸衰竭、严重克罗恩病、严重溃疡性结肠炎、严重的原发性心肌病、严重感染性心内膜炎、严重肺源性心脏病、严重心肌炎、严重冠心病、心脏粘液瘤、完全性房室传导阻滞、系统性红斑狼疮性肾炎尿毒症、急性出血坏死性胰腺炎开腹手术（腹腔镜手术）、胰腺移植、严重慢性复发性胰腺炎、严重自身免疫性肝炎、肾髓质囊肿病、肺淋巴管肌瘤病、严重弥漫性系统性硬皮病、特发性慢性肾上腺皮质功能减退、重症骨髓增生异常综合征、原发性骨髓纤维化、严重的结核性'}]","16, 21, 22, 43"
移小保和医保重大疾病保险,产品：移小保和医保重大疾病保险	问题：如果年龄填写错误会影响保险合同吗？,"根据移小保和医保重大疾病保险条款第十八条""年龄确定与错误处理""的规定，年龄填写错误确实会影响保险合同。具体处理方式如下：

1. **如果真实年龄不符合投保规定**：保险公司有权解除合同，并退还保单现金价值。

2. **如果年龄错误导致少交保费**：
   - 保险公司有权要求补交保险费
   - 若已发生保险事故，按实付保费与应付保费的比例给付保险金

3. **如果年龄错误导致多交保费**：保险公司会将多收的保险费无息退还。

此外，根据第十七条""明确说明与如实告知""，投保人应当如实告知被保险人的有关情况。如果故意或因重大过失未履行如实告知义务，且足以影响保险公司承保决定或费率的，保险公司有权解除合同。

**建议**：投保时应确保年龄信息准确无误，如发现填写错误应及时联系保险公司更正，避免影响后续理赔权益。","[{'content': '提示或者明确说明的，该条款不产生效力。 我们就您和被保险人的有关情况提出询问，您应当如实告知。 如果您故意或者因重大过失未履行前款规定的如实告知义务，足以影响我们决定是否同意承保 或者提高保险费率的，我们有权解除本主险合同。 如果您故意不履行如实告知义务，对于本主险合同解除前发生的保险事故，我们不承担给付保 险金的责任，并不退还保险费。 如果您因重大过失未履行如实告知义务，对保险事故的发生有严重影响的，对于本主险合同解 除前发生的保险事故，我们不承担给付保险金的责任，但应当无息退还保险费。 我们在合同订立时已经知道您未如实告知的情况的，我们不得解除合同；发生保险事故的，我 们承担给付保险金的责任。 第 8 页 共 37 页 上述合同解除权，自我们知道有解除事由之日起，超过三十日不行使而消灭。 第十八条 年龄确定与错误处理 一、被保险人的投保年龄以法定证件登记的周岁15计算，且须符合我们当时'}, {'content': '页 第十一条 保险事故的通知 您、被保险人或受益人知道保险事故后应当在十日内通知我们。 如果您、被保险人或受益人故意或者因重大过失未及时通知，致使保险事故的性质、原因、损 失程度等难以确定的，我们对无法确定的部分，不承担给付保险金的责任，但我们通过其他途径已 经及时知道或者应当及时知道保险事故发生或者虽未及时通知但不影响我们确定保险事故的性质、 原因、损失程度的除外。 第十二条 保险金的申请 在申请重大疾病保险金、轻症疾病保险金时，受益人须填写保险金给付申请书，并提供下列书 面证明和资料： 一、保险合同原件或其他保险凭证； 二、受益人的有效身份证件； 三、由我们认可的医院出具的确诊本主险合同定义的重大疾病、轻症疾病的证明材料； 四、与确认保险事故的性质、原因等相关的其他证明、资料。 以上受益人提交的证明和资料不完整的，我们将及时一次性通知需补充提供的有关证明和资料。 第十三条 保险金的给付'}, {'content': ' 感染艾滋病病毒或患艾滋病：艾滋病病毒指人类免疫缺陷病毒，英文缩写为 HIV。艾滋病指人类免疫缺陷病毒引 起的获得性免疫缺陷综合征，英文缩写为 AIDS。 在人体血液或其他样本中检测到艾滋病病毒或其抗体呈阳性，没有出现临床症状或体征的，为感染艾滋病病毒； 如果同时出现了明显临床症状或体征的，为患艾滋病。 11 遗传性疾病：指生殖细胞或受精卵的遗传物质（染色体和基因）发生突变或畸变所引起的疾病，通常具有由亲代 传至后代的垂直传递的特征。 12 先天性畸形、变形或染色体异常：指被保险人出生时就具有的畸形、变形和染色体异常。先天性畸形、变形或染 色体异常依照世界卫生组织《疾病和有关健康问题的国际统计分类》第十次修订（ICD-10）确定。 13 现金价值：若保险费为一次性支付的，现金价值=保险费×（1-35%）×（1-保单经过日数/保险期间的日数），经过 日数不足 1 日的按 1 日计算；若保险费'}, {'content': '被保险人发生重大疾病、轻症疾病的，本主险合同终止，我们向您退还 本主险合同的现金价值。 第六条 其他免责条款 除“第五条 责任免除”外，本主险合同中还有一些免除我们责任的条款，详见“第二条 保险 责任”、“第八条 保险合同效力的中止”、“第九条 保险合同效力的恢复（简称‘复效’）”、“第十一 条 保险事故的通知”、“第十四条 您解除合同的手续及风险”、“第十七条 明确说明与如实告知”、 “第十八条 年龄确定与错误处理”、“第二十二条 重大疾病的定义”、“第二十三条 轻症疾病的定 义”、“脚注 1 意外伤害事故”、“脚注 2 我们认可的医院”、“脚注 4 初次确诊”、“脚注 16 组织病理 学检查”、“脚注 21 六项基本日常生活活动”中背景突出显示的内容。 第三章 如何支付保险费 这部分讲的是您应当按时交纳保险费，如果不及时交费可能会导致合同效力终止。 第七条 保险费的支付 6 酒后驾驶：'}, {'content': '任。 第 8 页 共 37 页 上述合同解除权，自我们知道有解除事由之日起，超过三十日不行使而消灭。 第十八条 年龄确定与错误处理 一、被保险人的投保年龄以法定证件登记的周岁15计算，且须符合我们当时的投保规定。 二、 您在申请投保时，应将与有效身份证件相符的被保险人的出生日期在投保单上填明，如果 发生错误按照下列方式办理： （一）您申报的被保险人年龄不真实，并且其真实年龄不符合我们投保规定的，我们有权解除 合同，并向您退还本主险合同的现金价值。我们行使合同解除权适用“第十七条 明确说明与如实告 知”中合同解除权限制的规定。 （二）您申报的被保险人年龄不真实，致使您实付保险费少于应付保险费的，我们有权更正并 要求您补交保险费。若已经发生保险事故，在给付保险金时按实付保险费和应付保险费的比例给付。 （三）您申报的被保险人年龄不真实，致使您实付保险费多于应付保险费的，我们会将多收的 保险费无息'}, {'content': '联网）条 款、投保单、与本主险合同有关的其他投保文件、声明、批注、批单及其他您与我们共同认可的书 面或电子协议构成。 第十六条 保险合同成立与生效 您提出保险申请、我们同意承保，本主险合同成立。 本主险合同的成立日、生效日均以保险单或其他保险凭证所载的日期为准。保险合同期满日以 合同生效日为基准计算。 我们自本主险合同生效时开始承担保险责任。 第十七条 明确说明与如实告知 订立本主险合同时，我们应向您说明本主险合同的内容。 对保险条款中免除我们责任的条款，我们在订立合同时应当在投保单、保险单或者其他保险凭 证上作出足以引起您注意的提示，并对该条款的内容以书面或者口头形式向您作出明确说明，未作 提示或者明确说明的，该条款不产生效力。 我们就您和被保险人的有关情况提出询问，您应当如实告知。 如果您故意或者因重大过失未履行前款规定的如实告知义务，足以影响我们决定是否同意承保 或者提高保险费率的，'}, {'content': '被保险人年龄须在三周岁以上，申请理赔时年龄必须在三周岁以上。部分情况下，如因疾病或外伤导致智力缺陷、亚历山大病，理赔年龄限制为二十五周岁前。'}]","13, 16, 21, 25, 26, 27"
移小保和医保重大疾病保险,产品：移小保和医保重大疾病保险	问题：这个产品保证续保吗？,"根据移小保和医保重大疾病保险条款内容，该产品**不保证续保**。

具体说明如下：
1. 条款第四条明确写明""本主险合同为不保证续保合同""
2. 该产品保险期间为一年，保险期间届满后，需要重新向保险公司申请投保
3. 续保需要经过保险公司同意，并交纳保险费，才能获得新的保险合同

这意味着：
- 保险公司在每个保险年度结束时有权决定是否接受续保
- 被保险人健康状况变化或理赔历史可能影响续保审批
- 产品可能存在停售风险，届时将无法继续投保

建议在投保时仔细阅读保险合同中的续保条款，了解具体的续保条件和要求。","[{'content': '，并经我们同意， 交纳保险费，获得新的保险合同。 第二章 我们不保什么 这部分讲的是我们不承担保险责任的情况。 第五条 责任免除 因下列情形之一导致被保险人发生本主险合同定义的重大疾病或轻症疾病的，我们不承担给付 保险金的责任： 一、投保人对被保险人的故意杀害、故意伤害； 二、被保险人故意犯罪或者抗拒依法采取的刑事强制措施； 三、被保险人故意自伤、或自本主险合同成立或者本主险合同效力恢复之日起 2 年内自杀，但 被保险人自杀时为无民事行为能力人的除外； 四、被保险人服用、吸食或注射毒品5； 5 毒品：指《中华人民共和国刑法》规定的鸦片、海洛因、甲基苯丙胺（冰毒）、吗啡、大麻、可卡因以及国家规定 管制的其他能够使人形成瘾癖的麻醉药品和精神药品，但不包括由医生开具并遵医嘱使用的用于治疗疾病但含有 毒品成分的处方药品。 第 4 页 共 37 页 五、被保险人酒后驾驶6，无合法有效驾驶证驾驶7，或'}, {'content': '主险合同 定义的轻症疾病（无论一项或多项，按一项给付），我们按本主险合同基本保险金额的 30%给付轻症 疾病保险金，本项保险责任终止。 如果被保险人在确诊时符合重大疾病保险金保险责任，同时又符合轻症疾病保险金保险责任， 我们仅承担给付重大疾病保险金的保险责任。 我们提供保障的轻症疾病共有 50 种，名称见附表，具体释义见本主险合同“第二十三条 轻症 疾病的定义”。 第三条 保险期间 本主险合同的保险期间为一年，自本主险合同生效日零时起至约定期满日二十四时止，并在保 险单上载明。 第四条 不保证续保 本主险合同为不保证续保合同。 本产品保险期间为一年。保险期间届满，您需要重新向我们申请投保本产品，并经我们同意， 交纳保险费，获得新的保险合同。 第二章 我们不保什么 这部分讲的是我们不承担保险责任的情况。 第五条 责任免除 因下列情形之一导致被保险人发生本主险合同定义的重大疾病或轻症疾病的，我'}, {'content': '购买产品的具体保险利益以保险合同中载明的为准。 同定义的重大疾病 王先生因遭受意外伤害或等待期 第 1 页 共 37 页 您应当特别注意的事项 本产品保险责任有等待期，请您留意............................................第二条 在责任免除的情况下，我们不承担保险责任..............................第五条、第六条 解除保险合同会给您造成一定的损失，请您慎重决策............................第十四条 请您特别注意 “重大疾病的定义”、“轻症疾病的定义”............第二十二条、第二十三条 请您特别注意一些重要术语的释义...........................................每页脚注 条款目录 第一章 我们保什么、 保多久 第一条 基本保险金额 第二条 保险责'}, {'content': '保险 期间内不得变更。 在本主险合同保险期间内，若被保险人因意外伤害事故或等待期后发生本主险合同约定的保险 事故，我们按照本主险合同约定给付下列保险金： 一、基本部分 重大疾病保险金 在本主险合同保险期间内，若被保险人由我们认可的医院2的专科医生3初次确诊4发生本主险合 同定义的重大疾病（无论一项或多项，按一项给付），我们按本主险合同的基本保险金额给付重大 1 意外伤害事故：指遭受外来的、突发的、非本意的、非疾病的使身体受到伤害的客观事件。猝死不属于意外伤害。 猝死指表面健康的人因潜在疾病、机能障碍或者其他原因在出现症状后 24 小时内发生的非暴力性突然死亡。猝死 的认定以医院的诊断或公安部门的鉴定为准。 2 我们认可的医院：指中华人民共和国境内卫生行政部门认定的二级或二级以上非营利性医院，但不包括康复医院或 康复病房、精神病医院、疗养院、美容医院、护理院、戒酒或戒毒中心、精神心理治疗中心'}, {'content': ' 感染艾滋病病毒或患艾滋病：艾滋病病毒指人类免疫缺陷病毒，英文缩写为 HIV。艾滋病指人类免疫缺陷病毒引 起的获得性免疫缺陷综合征，英文缩写为 AIDS。 在人体血液或其他样本中检测到艾滋病病毒或其抗体呈阳性，没有出现临床症状或体征的，为感染艾滋病病毒； 如果同时出现了明显临床症状或体征的，为患艾滋病。 11 遗传性疾病：指生殖细胞或受精卵的遗传物质（染色体和基因）发生突变或畸变所引起的疾病，通常具有由亲代 传至后代的垂直传递的特征。 12 先天性畸形、变形或染色体异常：指被保险人出生时就具有的畸形、变形和染色体异常。先天性畸形、变形或染 色体异常依照世界卫生组织《疾病和有关健康问题的国际统计分类》第十次修订（ICD-10）确定。 13 现金价值：若保险费为一次性支付的，现金价值=保险费×（1-35%）×（1-保单经过日数/保险期间的日数），经过 日数不足 1 日的按 1 日计算；若保险费'}, {'content': '页 第十一条 保险事故的通知 您、被保险人或受益人知道保险事故后应当在十日内通知我们。 如果您、被保险人或受益人故意或者因重大过失未及时通知，致使保险事故的性质、原因、损 失程度等难以确定的，我们对无法确定的部分，不承担给付保险金的责任，但我们通过其他途径已 经及时知道或者应当及时知道保险事故发生或者虽未及时通知但不影响我们确定保险事故的性质、 原因、损失程度的除外。 第十二条 保险金的申请 在申请重大疾病保险金、轻症疾病保险金时，受益人须填写保险金给付申请书，并提供下列书 面证明和资料： 一、保险合同原件或其他保险凭证； 二、受益人的有效身份证件； 三、由我们认可的医院出具的确诊本主险合同定义的重大疾病、轻症疾病的证明材料； 四、与确认保险事故的性质、原因等相关的其他证明、资料。 以上受益人提交的证明和资料不完整的，我们将及时一次性通知需补充提供的有关证明和资料。 第十三条 保险金的给付'}, {'content': '无对应取值。'}]","3, 7, 10, 11, 16, 21"
移小保和医保重大疾病保险,产品：移小保和医保重大疾病保险	问题：重大疾病具体包含哪些疾病种类？,"根据移小保和医保重大疾病保险的相关内容，该产品提供保障的重大疾病种类如下：

**重大疾病保障范围：**
- 第1-28项重大疾病采用中国保险行业协会制定的标准定义
- 第29-100项为非行业协会制定的重大疾病定义

**明确列举的部分重大疾病包括：**
1. 恶性肿瘤——重度
2. 较重急性心肌梗死
3. 严重脑中风后遗症
4. 重大器官移植术或造血干细胞移植术
5. 冠状动脉搭桥术
6. 严重慢性肾衰竭
7. 多个肢体缺失
8. 急性重症肝炎或亚急性重症肝炎
35. 完全性房室传导阻滞
69. 因职业关系导致的人类免疫缺陷病毒（HIV）感染
70. 器官移植原因导致HIV感染

**重要说明：**
- 完整的100种重大疾病清单详见保险合同附表
- 每种疾病的具体定义和诊断标准请参考保险合同""第二十二条 重大疾病的定义""
- 如果被保险人同时符合重大疾病和轻症疾病的理赔条件，保险公司仅承担重大疾病保险金的给付责任

建议您查阅完整的保险合同文件或联系保险公司客服获取详细的100种重大疾病完整清单。","[{'content': '主险合同 定义的轻症疾病（无论一项或多项，按一项给付），我们按本主险合同基本保险金额的 30%给付轻症 疾病保险金，本项保险责任终止。 如果被保险人在确诊时符合重大疾病保险金保险责任，同时又符合轻症疾病保险金保险责任， 我们仅承担给付重大疾病保险金的保险责任。 我们提供保障的轻症疾病共有 50 种，名称见附表，具体释义见本主险合同“第二十三条 轻症 疾病的定义”。 第三条 保险期间 本主险合同的保险期间为一年，自本主险合同生效日零时起至约定期满日二十四时止，并在保 险单上载明。 第四条 不保证续保 本主险合同为不保证续保合同。 本产品保险期间为一年。保险期间届满，您需要重新向我们申请投保本产品，并经我们同意， 交纳保险费，获得新的保险合同。 第二章 我们不保什么 这部分讲的是我们不承担保险责任的情况。 第五条 责任免除 因下列情形之一导致被保险人发生本主险合同定义的重大疾病或轻症疾病的，我'}, {'content': '电子邮箱或电话等联系方式变更时，应及 时以书面形式通知我们。您或被保险人不作上述通知的，我们将按投保单或批单上所载的您或被保 险人的最后联系方式发送通知，并均视为已送达给您或被保险人。 第二十一条 争议处理 因履行本主险合同发生的争议，合同双方不能通过协商解决的，可以达成仲裁协议通过仲裁解 决，或者依法向人民法院提起诉讼。 第七章 疾病释义 这部分讲的是我们提供保障的重大疾病、轻症疾病的定义，其中包含一些免责条款（背景突出显示 的内容），您特别留意。 第二十二条 重大疾病的定义 本条第一至二十八项重大疾病定义是中国保险行业协会制定的重大疾病保险的疾病定义；第二 十九至一百项为非中国保险行业协会制定的重大疾病定义。 一、恶性肿瘤——重度 15 周岁：指以有效身份证件中记载的出生日期为基础计算的年龄，自出生之日起为零周岁，每经过一年增加一岁，不 足一年的不计。例如，出生日期为 2010 年 1'}, {'content': ' 感染艾滋病病毒或患艾滋病：艾滋病病毒指人类免疫缺陷病毒，英文缩写为 HIV。艾滋病指人类免疫缺陷病毒引 起的获得性免疫缺陷综合征，英文缩写为 AIDS。 在人体血液或其他样本中检测到艾滋病病毒或其抗体呈阳性，没有出现临床症状或体征的，为感染艾滋病病毒； 如果同时出现了明显临床症状或体征的，为患艾滋病。 11 遗传性疾病：指生殖细胞或受精卵的遗传物质（染色体和基因）发生突变或畸变所引起的疾病，通常具有由亲代 传至后代的垂直传递的特征。 12 先天性畸形、变形或染色体异常：指被保险人出生时就具有的畸形、变形和染色体异常。先天性畸形、变形或染 色体异常依照世界卫生组织《疾病和有关健康问题的国际统计分类》第十次修订（ICD-10）确定。 13 现金价值：若保险费为一次性支付的，现金价值=保险费×（1-35%）×（1-保单经过日数/保险期间的日数），经过 日数不足 1 日的按 1 日计算；若保险费'}, {'content': '症疾病定义是中国保险行业协会制定的轻症疾病定义；第四至五十项为非中 国保险行业协会制定的轻症疾病定义。 一、 恶性肿瘤--轻度 指恶性细胞不受控制的进行性增长和扩散，浸润和破坏周围正常组织，可以经血管、淋巴管和 体腔扩散转移到身体其他部位，病灶经组织病理学检查（涵盖骨髓病理学检查）结果明确诊断，临 床诊断属于世界卫生组织（WHO，World Health Organization）《疾病和有关健康问题的国际统计分 类》第十次修订版（ICD-10）的恶性肿瘤类别及《国际疾病分类肿瘤学专辑》第三版（ICD-O-3）的 肿瘤形态学编码属于 3、6、9（恶性肿瘤）范畴，但不在""恶性肿瘤--重度""保障范围的疾病。且特指 下列六项之一： 1.TNM 分期为Ⅰ期的甲状腺癌； 2.TNM 分期为 T1N0M0 期的前列腺癌； 3.黑色素瘤以外的未发生淋巴结和远处转移的皮肤恶性肿瘤； 4.相当于 Binet'}, {'content': '科医生认为是医疗必需的情况下进行。 第 35 页 共 37 页 附表： 招商局仁和人寿保险股份有限公司 招商仁和仁爱随行重大疾病保险（互联网）保障疾病名称 重大疾病 1、恶性肿瘤——重度 35、完全性房室传导阻滞 69、因职业关系导致的人类免疫缺陷病毒 （HIV）感染 2、较重急性心肌梗死 3、严重脑中风后遗症 36、系统性红斑狼疮性肾炎尿毒症 70、器官移植原因导致 HIV 感染 37、急性出血坏死性胰腺炎开腹手术 71、严重原发性硬化性胆管炎 4、重大器官移植术或造血干细胞移植术 38、胰腺移植 72、溶血性链球菌感染引起的坏疽 5、冠状动脉搭桥术（或称冠状动脉旁路移植术） 39、严重慢性复发性胰腺炎 73、埃博拉病毒感染 6、严重慢性肾衰竭 7、多个肢体缺失 8、急性重症肝炎或亚急性重症肝炎 42、肺淋巴管肌瘤病 41、肾髓质囊肿病 75、全身性重症肌无力 76、严重瑞氏综合征 40'}, {'content': ' 不在本保障范围内。 六十三、脊髓小脑变性症 脊髓小脑变性症为一组以小脑萎缩和共济失调为主要临床特点的与遗传有关的疾病。必须符合 所有以下条件： 1．脊髓小脑变性症必须由三级医院诊断，并有以下证据支持： （1）影像学检查证实存在小脑萎缩； （2）临床表现存在共济失调、语言障碍和肌张力异常。 2．被保险人运动功能严重障碍，自主生活能力完全丧失，无法独立完成六项基本日常生活活动 中的三项或三项以上。 六十四、严重脊髓灰质炎 脊髓灰质炎是由于脊髓灰质炎病毒感染所致的瘫痪性疾病，临床表现为运动功能损害或呼吸无 力。脊髓灰质炎必须明确诊断。 本主险合同仅对脊髓灰质炎造成的神经系统功能损害导致被保险人一肢或一肢以上肢体机能永 久完全丧失的情况予以赔付。肢体机能永久完全丧失，指疾病确诊180天后，每肢三大关节中的两大 关节仍然完全僵硬，或不能随意识活动。 六十五、严重类风湿性关节炎 指广泛分布的慢性进行'}, {'content': ""Request error occurred: HTTPSConnectionPool(host='jiutian.10086.cn', port=443): Read timed out. (read timeout=30)""}]","10, 16, 29, 73, 99"
移小保和医保重大疾病保险,产品：移小保和医保重大疾病保险	问题：轻症疾病保障包含哪些具体疾病？,"根据移小保和医保重大疾病保险条款，轻症疾病保障包含以下内容：

**轻症疾病保障范围：**
- 共保障50种轻症疾病
- 按基本保险金额的30%给付轻症疾病保险金
- 无论确诊一项或多项轻症疾病，均按一项给付

**具体疾病类型：**
1. **前3项**采用中国保险行业协会制定的轻症疾病定义
2. **第4至50项**为非中国保险行业协会制定的轻症疾病定义

**其中明确列出的轻症疾病包括：**
- 恶性肿瘤--轻度（具体包含6种情况）：
  * TNM分期为Ⅰ期的甲状腺癌
  * TNM分期为T1N0M0期的前列腺癌
  * 黑色素瘤以外的未发生淋巴结和远处转移的皮肤恶性肿瘤

**重要说明：**
- 完整的50种轻症疾病名称详见保险合同附表
- 具体疾病定义详见合同""第二十三条 轻症疾病的定义""
- 若同时符合重大疾病和轻症疾病保险责任，仅承担重大疾病保险金给付责任

建议您查阅保险合同附表中的完整疾病列表，以获得50种轻症疾病的具体名称。","[{'content': '购买产品的具体保险利益以保险合同中载明的为准。 同定义的重大疾病 王先生因遭受意外伤害或等待期 第 1 页 共 37 页 您应当特别注意的事项 本产品保险责任有等待期，请您留意............................................第二条 在责任免除的情况下，我们不承担保险责任..............................第五条、第六条 解除保险合同会给您造成一定的损失，请您慎重决策............................第十四条 请您特别注意 “重大疾病的定义”、“轻症疾病的定义”............第二十二条、第二十三条 请您特别注意一些重要术语的释义...........................................每页脚注 条款目录 第一章 我们保什么、 保多久 第一条 基本保险金额 第二条 保险责'}, {'content': '主险合同 定义的轻症疾病（无论一项或多项，按一项给付），我们按本主险合同基本保险金额的 30%给付轻症 疾病保险金，本项保险责任终止。 如果被保险人在确诊时符合重大疾病保险金保险责任，同时又符合轻症疾病保险金保险责任， 我们仅承担给付重大疾病保险金的保险责任。 我们提供保障的轻症疾病共有 50 种，名称见附表，具体释义见本主险合同“第二十三条 轻症 疾病的定义”。 第三条 保险期间 本主险合同的保险期间为一年，自本主险合同生效日零时起至约定期满日二十四时止，并在保 险单上载明。 第四条 不保证续保 本主险合同为不保证续保合同。 本产品保险期间为一年。保险期间届满，您需要重新向我们申请投保本产品，并经我们同意， 交纳保险费，获得新的保险合同。 第二章 我们不保什么 这部分讲的是我们不承担保险责任的情况。 第五条 责任免除 因下列情形之一导致被保险人发生本主险合同定义的重大疾病或轻症疾病的，我'}, {'content': '症疾病定义是中国保险行业协会制定的轻症疾病定义；第四至五十项为非中 国保险行业协会制定的轻症疾病定义。 一、 恶性肿瘤--轻度 指恶性细胞不受控制的进行性增长和扩散，浸润和破坏周围正常组织，可以经血管、淋巴管和 体腔扩散转移到身体其他部位，病灶经组织病理学检查（涵盖骨髓病理学检查）结果明确诊断，临 床诊断属于世界卫生组织（WHO，World Health Organization）《疾病和有关健康问题的国际统计分 类》第十次修订版（ICD-10）的恶性肿瘤类别及《国际疾病分类肿瘤学专辑》第三版（ICD-O-3）的 肿瘤形态学编码属于 3、6、9（恶性肿瘤）范畴，但不在""恶性肿瘤--重度""保障范围的疾病。且特指 下列六项之一： 1.TNM 分期为Ⅰ期的甲状腺癌； 2.TNM 分期为 T1N0M0 期的前列腺癌； 3.黑色素瘤以外的未发生淋巴结和远处转移的皮肤恶性肿瘤； 4.相当于 Binet'}, {'content': '电子邮箱或电话等联系方式变更时，应及 时以书面形式通知我们。您或被保险人不作上述通知的，我们将按投保单或批单上所载的您或被保 险人的最后联系方式发送通知，并均视为已送达给您或被保险人。 第二十一条 争议处理 因履行本主险合同发生的争议，合同双方不能通过协商解决的，可以达成仲裁协议通过仲裁解 决，或者依法向人民法院提起诉讼。 第七章 疾病释义 这部分讲的是我们提供保障的重大疾病、轻症疾病的定义，其中包含一些免责条款（背景突出显示 的内容），您特别留意。 第二十二条 重大疾病的定义 本条第一至二十八项重大疾病定义是中国保险行业协会制定的重大疾病保险的疾病定义；第二 十九至一百项为非中国保险行业协会制定的重大疾病定义。 一、恶性肿瘤——重度 15 周岁：指以有效身份证件中记载的出生日期为基础计算的年龄，自出生之日起为零周岁，每经过一年增加一岁，不 足一年的不计。例如，出生日期为 2010 年 1'}, {'content': ' 感染艾滋病病毒或患艾滋病：艾滋病病毒指人类免疫缺陷病毒，英文缩写为 HIV。艾滋病指人类免疫缺陷病毒引 起的获得性免疫缺陷综合征，英文缩写为 AIDS。 在人体血液或其他样本中检测到艾滋病病毒或其抗体呈阳性，没有出现临床症状或体征的，为感染艾滋病病毒； 如果同时出现了明显临床症状或体征的，为患艾滋病。 11 遗传性疾病：指生殖细胞或受精卵的遗传物质（染色体和基因）发生突变或畸变所引起的疾病，通常具有由亲代 传至后代的垂直传递的特征。 12 先天性畸形、变形或染色体异常：指被保险人出生时就具有的畸形、变形和染色体异常。先天性畸形、变形或染 色体异常依照世界卫生组织《疾病和有关健康问题的国际统计分类》第十次修订（ICD-10）确定。 13 现金价值：若保险费为一次性支付的，现金价值=保险费×（1-35%）×（1-保单经过日数/保险期间的日数），经过 日数不足 1 日的按 1 日计算；若保险费'}, {'content': '师执业证书》，并按期到相关部门登记注册； （3）具有有效的中华人民共和国主治医师或主治医师以上职称的《医师职称证书》； （4）在国家《医院分级管理标准》二级或二级以上医院的相应科室从事临床工作三年以上。 4 初次确诊：指自被保险人出生之日起第一次经医院确诊患有某种疾病，而不是指自本主险合同生效之后第一次经 医院确诊患有某种疾病。 第 3 页 共 37 页 疾病保险金，本主险合同终止。 我们提供保障的重大疾病共有 100 种，名称见附表，具体释义见本主险合同“第二十二条 重 大疾病的定义”。 二、可选部分 轻症疾病保险金 在本主险合同保险期间内，若被保险人由我们认可的医院的专科医生初次确诊发生本主险合同 定义的轻症疾病（无论一项或多项，按一项给付），我们按本主险合同基本保险金额的 30%给付轻症 疾病保险金，本项保险责任终止。 如果被保险人在确诊时符合重大疾病保险金保险责任，同时又符合轻症疾'}, {'content': ""Request error occurred: HTTPSConnectionPool(host='jiutian.10086.cn', port=443): Read timed out. (read timeout=30)""}]","3, 9, 10, 16, 29, 99"
移小保和医保重大疾病保险,产品：移小保和医保重大疾病保险	问题：如果同时投保了其他商业保险，理赔时会有冲突吗？,"根据您提供的信息，关于同时投保移小保和医保重大疾病保险与其他商业保险的理赔问题：

**不会产生理赔冲突**。商业重大疾病保险遵循的是**给付型理赔原则**，即只要确诊的疾病符合保险合同约定的重大疾病或轻症疾病定义，保险公司就会按照约定的保险金额一次性给付保险金。

具体说明如下：
1. **理赔独立性**：不同保险公司的商业重疾险产品在理赔时互不影响。您投保的""招商仁和仁爱随行重大疾病保险""在符合理赔条件时，将独立给付重大疾病保险金20万元或轻症疾病保险金6万元。

2. **与医保关系**：商业重疾险与社会医疗保险（医保）是互补关系：
   - 医保按比例报销医疗费用
   - 商业重疾险按约定金额给付保险金
   - 两者理赔不冲突，重疾险理赔金可自由支配

3. **注意事项**：
   - 需如实告知在其他保险公司的投保情况
   - 每份保险合同都有其特定的免责条款（如艾滋病感染、先天性疾病的免责等）
   - 理赔时需要提供完整的医疗证明文件

**建议**：在申请理赔时，请同时向所有符合理赔条件的保险公司提交申请，按照各公司的理赔流程操作即可。不同保险公司的理赔不会相互影响。","[{'content': ' 周岁）为自己购买了招商仁和仁爱随行重大疾病保险（互联网），并选择投保了轻症疾病 保险金，重大疾病保险金基本保险金额 20 万元，轻症疾病保险金基本保险金额 6 万元，采用一次性 支付保险费的方式，一次性交清保险费 476.4 元。 本例中王先生为投保人、被保险人及重大疾病保险金和轻症疾病保险金受益人，招商局仁和人寿保险 股份有限公司为保险人。 保险金 领取人 领取金额 领取条件 重大疾病保险金 王先生 20 万元 后经医院初次确诊发生本主险合 王先生因遭受意外伤害或等待期 轻症疾病保险金 王先生 6 万元 后经医院初次确诊发生本主险合 同定义的轻症疾病 以上举例仅供您更好地理解产品之用，您所购买产品的具体保险利益以保险合同中载明的为准。 同定义的重大疾病 王先生因遭受意外伤害或等待期 第 1 页 共 37 页 您应当特别注意的事项 本产品保险责任有等待期，请您留意............'}, {'content': ' 感染艾滋病病毒或患艾滋病：艾滋病病毒指人类免疫缺陷病毒，英文缩写为 HIV。艾滋病指人类免疫缺陷病毒引 起的获得性免疫缺陷综合征，英文缩写为 AIDS。 在人体血液或其他样本中检测到艾滋病病毒或其抗体呈阳性，没有出现临床症状或体征的，为感染艾滋病病毒； 如果同时出现了明显临床症状或体征的，为患艾滋病。 11 遗传性疾病：指生殖细胞或受精卵的遗传物质（染色体和基因）发生突变或畸变所引起的疾病，通常具有由亲代 传至后代的垂直传递的特征。 12 先天性畸形、变形或染色体异常：指被保险人出生时就具有的畸形、变形和染色体异常。先天性畸形、变形或染 色体异常依照世界卫生组织《疾病和有关健康问题的国际统计分类》第十次修订（ICD-10）确定。 13 现金价值：若保险费为一次性支付的，现金价值=保险费×（1-35%）×（1-保单经过日数/保险期间的日数），经过 日数不足 1 日的按 1 日计算；若保险费'}, {'content': '目视力永久不可逆性丧失，虽然未达到中国保险行业协会所制定重 大疾病 “双目失明”的给付标准，但满足下列条件之一： 1.双眼中较好眼矫正视力低于 0.1（采用国际标准视力表，如果使用其他视力表应进行换算）； 2.双眼中较好眼视野半径小于 20 度。 被保险人申请理赔时年龄必须在三周岁以上，并且提供理赔当时的视力丧失诊断及检查证据。 第 33 页 共 37 页 三十七、 人工耳蜗植入术 指由于耳蜗的永久损害而实际实施了人工耳蜗植入手术。诊断须经专科医生确认在医学上是必 要的，且在植入手术之前已经符合下列全部条件： 1.双耳持续 12 个月以上重度感音神经性耳聋； 2.使用相应的听力辅助设备效果不佳。 三十八、 较小面积烧伤 指烧伤程度为Ⅲ度，且Ⅲ度烧伤面积达到全身体表面积的 10％或 10％以上，但尚未达到 20%。 体表面积根据 《中国新九分法》计算。 三十九、 一肢体缺失 指因疾病或意外伤'}, {'content': '，并经我们同意， 交纳保险费，获得新的保险合同。 第二章 我们不保什么 这部分讲的是我们不承担保险责任的情况。 第五条 责任免除 因下列情形之一导致被保险人发生本主险合同定义的重大疾病或轻症疾病的，我们不承担给付 保险金的责任： 一、投保人对被保险人的故意杀害、故意伤害； 二、被保险人故意犯罪或者抗拒依法采取的刑事强制措施； 三、被保险人故意自伤、或自本主险合同成立或者本主险合同效力恢复之日起 2 年内自杀，但 被保险人自杀时为无民事行为能力人的除外； 四、被保险人服用、吸食或注射毒品5； 5 毒品：指《中华人民共和国刑法》规定的鸦片、海洛因、甲基苯丙胺（冰毒）、吗啡、大麻、可卡因以及国家规定 管制的其他能够使人形成瘾癖的麻醉药品和精神药品，但不包括由医生开具并遵医嘱使用的用于治疗疾病但含有 毒品成分的处方药品。 第 4 页 共 37 页 五、被保险人酒后驾驶6，无合法有效驾驶证驾驶7，或'}, {'content': ' 管制的其他能够使人形成瘾癖的麻醉药品和精神药品，但不包括由医生开具并遵医嘱使用的用于治疗疾病但含有 毒品成分的处方药品。 第 4 页 共 37 页 五、被保险人酒后驾驶6，无合法有效驾驶证驾驶7，或驾驶无合法有效行驶证8的机动车9； 六、被保险人感染艾滋病病毒或患艾滋病10，但本主险合同另有约定的除外； 七、战争、军事冲突、暴乱或武装叛乱； 八、核爆炸、核辐射或核污染； 九、遗传性疾病11，先天性畸形、变形或染色体异常12，但本主险合同另有约定的除外。 发生上述第一项情形导致被保险人发生重大疾病、轻症疾病的，本主险合同终止，我们向被保 险人退还本主险合同的现金价值13。 发生上述其他情形导致被保险人发生重大疾病、轻症疾病的，本主险合同终止，我们向您退还 本主险合同的现金价值。 第六条 其他免责条款 除“第五条 责任免除”外，本主险合同中还有一些免除我们责任的条款，详见“第二条 保险 责任'}, {'content': '科医生认为是医疗必需的情况下进行。 第 35 页 共 37 页 附表： 招商局仁和人寿保险股份有限公司 招商仁和仁爱随行重大疾病保险（互联网）保障疾病名称 重大疾病 1、恶性肿瘤——重度 35、完全性房室传导阻滞 69、因职业关系导致的人类免疫缺陷病毒 （HIV）感染 2、较重急性心肌梗死 3、严重脑中风后遗症 36、系统性红斑狼疮性肾炎尿毒症 70、器官移植原因导致 HIV 感染 37、急性出血坏死性胰腺炎开腹手术 71、严重原发性硬化性胆管炎 4、重大器官移植术或造血干细胞移植术 38、胰腺移植 72、溶血性链球菌感染引起的坏疽 5、冠状动脉搭桥术（或称冠状动脉旁路移植术） 39、严重慢性复发性胰腺炎 73、埃博拉病毒感染 6、严重慢性肾衰竭 7、多个肢体缺失 8、急性重症肝炎或亚急性重症肝炎 42、肺淋巴管肌瘤病 41、肾髓质囊肿病 75、全身性重症肌无力 76、严重瑞氏综合征 40'}, {'content': '无合法有效驾驶证驾驶：包括未取得驾驶资格证书、驾驶与准驾车型不符、持审验不合格驾驶证、未定期审验、持学习驾驶证无教练员随车指导、驾驶证过期等情况。无合法有效行驶证：包括未办理行驶证、行驶证被注销、未按时检验等。特定疾病不在保障范围内：包括良性肿瘤、早期甲状腺癌、早期前列腺癌、非转移性皮肤恶性肿瘤、慢性淋巴细胞白血病、早期何杰金氏病、低级别神经内分泌肿瘤、脑垂体瘤、脑囊肿、脑血管性疾病、非冠状动脉阻塞性疾病引起的肌钙蛋白升高、继发性帕金森综合征、继发性肺动脉高压、单侧部分睾丸或卵巢切除、变性手术、药物滥用者感染性心内膜炎、安装临时心脏起搏器、慢性重型肝炎 ALSS 治疗、因酗酒或饮酒过量所致急性坏死性胰腺炎、肺叶或肺段切除手术、肝叶或肝段切除手术、肾切除手术等。精神心理因素所致语言能力丧失、非开胸或开腹的动脉内介入治疗、继发性心肌病变、阿尔茨海默病之外的痴呆、神经官能症、精神疾病及酒精中毒所致脑损害、HIV感染（除输血外的传播方式）、单纯实验室诊断的埃博拉病毒感染、非感染性溶血性贫血、慢性期主动脉夹层择期手术、垂体功能低下、未明确诊断的疑似病例等。'}]","2, 11, 12, 16"
移小保和医保重大疾病保险,产品：移小保和医保重大疾病保险	问题：保险合同的争议可以通过哪些方式解决？,"根据保险合同条款，保险合同的争议可以通过以下方式解决：

1. **协商解决**：当发生争议时，双方应首先通过友好协商的方式寻求解决方案。

2. **仲裁或诉讼**：若协商无法达成一致，双方可以根据合同约定或相关法律规定，选择提交仲裁机构进行仲裁，或向人民法院提起诉讼。

建议在争议发生时，及时与保险公司沟通，并保留相关证据材料，以便顺利解决争议。","[{'content': '，并经我们同意， 交纳保险费，获得新的保险合同。 第二章 我们不保什么 这部分讲的是我们不承担保险责任的情况。 第五条 责任免除 因下列情形之一导致被保险人发生本主险合同定义的重大疾病或轻症疾病的，我们不承担给付 保险金的责任： 一、投保人对被保险人的故意杀害、故意伤害； 二、被保险人故意犯罪或者抗拒依法采取的刑事强制措施； 三、被保险人故意自伤、或自本主险合同成立或者本主险合同效力恢复之日起 2 年内自杀，但 被保险人自杀时为无民事行为能力人的除外； 四、被保险人服用、吸食或注射毒品5； 5 毒品：指《中华人民共和国刑法》规定的鸦片、海洛因、甲基苯丙胺（冰毒）、吗啡、大麻、可卡因以及国家规定 管制的其他能够使人形成瘾癖的麻醉药品和精神药品，但不包括由医生开具并遵医嘱使用的用于治疗疾病但含有 毒品成分的处方药品。 第 4 页 共 37 页 五、被保险人酒后驾驶6，无合法有效驾驶证驾驶7，或'}, {'content': '提示或者明确说明的，该条款不产生效力。 我们就您和被保险人的有关情况提出询问，您应当如实告知。 如果您故意或者因重大过失未履行前款规定的如实告知义务，足以影响我们决定是否同意承保 或者提高保险费率的，我们有权解除本主险合同。 如果您故意不履行如实告知义务，对于本主险合同解除前发生的保险事故，我们不承担给付保 险金的责任，并不退还保险费。 如果您因重大过失未履行如实告知义务，对保险事故的发生有严重影响的，对于本主险合同解 除前发生的保险事故，我们不承担给付保险金的责任，但应当无息退还保险费。 我们在合同订立时已经知道您未如实告知的情况的，我们不得解除合同；发生保险事故的，我 们承担给付保险金的责任。 第 8 页 共 37 页 上述合同解除权，自我们知道有解除事由之日起，超过三十日不行使而消灭。 第十八条 年龄确定与错误处理 一、被保险人的投保年龄以法定证件登记的周岁15计算，且须符合我们当时'}, {'content': '联网）条 款、投保单、与本主险合同有关的其他投保文件、声明、批注、批单及其他您与我们共同认可的书 面或电子协议构成。 第十六条 保险合同成立与生效 您提出保险申请、我们同意承保，本主险合同成立。 本主险合同的成立日、生效日均以保险单或其他保险凭证所载的日期为准。保险合同期满日以 合同生效日为基准计算。 我们自本主险合同生效时开始承担保险责任。 第十七条 明确说明与如实告知 订立本主险合同时，我们应向您说明本主险合同的内容。 对保险条款中免除我们责任的条款，我们在订立合同时应当在投保单、保险单或者其他保险凭 证上作出足以引起您注意的提示，并对该条款的内容以书面或者口头形式向您作出明确说明，未作 提示或者明确说明的，该条款不产生效力。 我们就您和被保险人的有关情况提出询问，您应当如实告知。 如果您故意或者因重大过失未履行前款规定的如实告知义务，足以影响我们决定是否同意承保 或者提高保险费率的，'}, {'content': '您特别注意一些重要术语的释义...........................................每页脚注 条款目录 第一章 我们保什么、 保多久 第一条 基本保险金额 第二条 保险责任 第三条 保险期间 第四条 不保证续保 第二章 我们不保什么 第五条 责任免除 第六条 其他免责条款 ¥ 第三章 如何支付保险费 第七条 保险费的支付 第八条 保险合同效力的中止 第九条 保险合同效力的恢复 ¥ 第四章 如何领取保险金 第十条 受益人的指定和变更 第十一条 保险事故的通知 第十二条 保险金的申请 第十三条 保险金的给付 第五章 如何退保 第十四条 您解除合同的手续及风险 第六章 需关注的其他内容 第十五条 保险合同的构成 第十六条 保险合同成立与生效 第十七条 明确说明与如实告知 第十八条 年龄确定与错误处理 第十九条 欠款扣除 第二十条 合同内容的变更 第二十一条 争议处理'}, {'content': '除合同的手续及风险 本主险合同生效后，您可以以书面形式或双方认可的其他形式通知我们解除本主险合同。要求 解除本主险合同时，您应提供下列文件和资料： 第 7 页 共 37 页 一、解除合同申请书； 二、保险合同原件或其他保险凭证； 三、您的有效身份证件。 自我们收到解除合同申请书时起，本主险合同终止。我们自收到上述证明文件和资料之日起三 十日内向您退还本主险合同的现金价值。 您解除合同会遭受一定损失。 解除合同后，您会失去原有的保障。 第六章 需关注的其他内容 这部分讲的是您应当注意的其他事项。 第十五条 保险合同的构成 本主险合同由保险单或其他书面保险凭证及所附招商仁和仁爱随行重大疾病保险（互联网）条 款、投保单、与本主险合同有关的其他投保文件、声明、批注、批单及其他您与我们共同认可的书 面或电子协议构成。 第十六条 保险合同成立与生效 您提出保险申请、我们同意承保，本主险合同成立。 本主'}, {'content': '页 第十一条 保险事故的通知 您、被保险人或受益人知道保险事故后应当在十日内通知我们。 如果您、被保险人或受益人故意或者因重大过失未及时通知，致使保险事故的性质、原因、损 失程度等难以确定的，我们对无法确定的部分，不承担给付保险金的责任，但我们通过其他途径已 经及时知道或者应当及时知道保险事故发生或者虽未及时通知但不影响我们确定保险事故的性质、 原因、损失程度的除外。 第十二条 保险金的申请 在申请重大疾病保险金、轻症疾病保险金时，受益人须填写保险金给付申请书，并提供下列书 面证明和资料： 一、保险合同原件或其他保险凭证； 二、受益人的有效身份证件； 三、由我们认可的医院出具的确诊本主险合同定义的重大疾病、轻症疾病的证明材料； 四、与确认保险事故的性质、原因等相关的其他证明、资料。 以上受益人提交的证明和资料不完整的，我们将及时一次性通知需补充提供的有关证明和资料。 第十三条 保险金的给付'}]","4, 11, 21, 24, 25, 26"
移小保安欣保2.0长期医疗,产品：移小保安欣保2.0长期医疗	问题：这款产品的保障范围具体包括哪些内容？,"根据移小保安欣保2.0长期医疗的相关内容，该产品的保障范围主要包括以下内容：

## 基本责任保障范围：

### 1. 一般医疗保险金
- **住院医疗**：住院期间产生的合理必要医疗费用
- **指定门诊急诊医疗**：特定疾病相关的门诊急诊治疗
- **住院前后门诊急诊医疗**：住院前30日和出院后30日内与住院相同原因的门诊急诊费用

### 2. 特定疾病医疗保险金
涵盖特定疾病的住院、指定门诊急诊、住院前后门诊急诊医疗费用
**特定疾病包括**：原位癌、激光心肌血运重建术、心脏瓣膜介入手术、强直性脊柱炎的特定手术治疗、视力严重受损、单目失明等

### 3. 重大疾病医疗保险金
涵盖重大疾病的住院、指定门诊急诊、住院前后门诊急诊医疗费用，以及质子重离子治疗
**重大疾病包括**：恶性肿瘤--重度、深度昏迷、双耳失聪、双目失明、瘫痪、心脏瓣膜手术等严重疾病

### 4. 其他保障
- **指定疾病康复医疗保险金**
- **重大疾病关爱保险金**
- **院外恶性肿瘤特定药品费用医疗保险金**
- **院外恶性肿瘤特定用药基因检测费用保险金**
- **意外门急诊保险金**
- **指定疾病门急诊保险金**
- **重症监护病房住院津贴**

## 可选责任：
- **重大疾病保险金**
- **轻度疾病保险金**

## 健康管理服务：
包括健康咨询、就医服务、康复护理等专业健康管理服务。

该产品提供全面的医疗保障，涵盖从一般医疗到重大疾病的多层次保障，并包含院外药品费用和健康管理服务。","[{'content': '胞、突变的细胞，从而打破机体免疫耐受，激活和增强机体免疫力的治疗方法。 43人工器官指用人工材料和电子技术制成部分或全部替代人体自然器官、骨骼、血管、神经等功能的替代物、机械装置或电子 装置。 3.2 其他免责条款 除“3.1 责任免除”外，本主险合同中还有一些免除保险人责任的条款， 详见 “2.2 保险责任”、“6.2 保险事故通知”、“8.2 年龄错误”、脚注和附 表中背景突出显示的内容。 \uf078\uf020我们提供的服务 4.1 健康管理服务 在本主险合同有效期内，我们为被保险人提供如下健康管理服务，包括： 就医服务：专案管理服务。 健康管理服务的详细内容及次数限制详见服务手册，您可以在投保时获取 并查看服务手册。 \uf079\uf020如何支付保险费 5.1 保险费的支付 本主险合同的保险费按照被保险人的年龄、是否参加基本医疗保险或公费 医疗和您投保时选择的保险计划确定。您可以选择一次性全额支付保险 费，也可以根'}, {'content': '付限额内赔付特定疾 病住院前后门诊急诊医疗保险金。 特定疾病住院前后门诊急诊医疗不包括上述第 2 项所列明的特定疾病指定 门诊急诊医疗。 特定疾病医疗保险金保险责任仅承担发生在医院内且由医院实际收取的 特定疾病住院医疗费用、特定疾病指定门诊急诊医疗费用和特定疾病住院 前后门诊急诊医疗费用（以相关医疗费票据为准）的赔偿责任。 本主险合同所约定的特定疾病根据您投保时选择的保险计划确定，是指以 下的一种或多种符合定义的疾病： 1.恶性肿瘤--重度 指恶性细胞不受控制的进行性增长和扩散，浸润和破坏周围正常组织，可 以经血管、淋巴管和体腔扩散转移到身体其他部位，病灶经组织病理学检 查（涵盖骨髓病理学检查）结果明确诊断，临床诊断属于世界卫生组织 （WHO，World Health Organization）《疾病和有关健康问题的国际统计分 类》第十次修订版（ICD-10）的恶性肿瘤类别及《国际疾病分类'}, {'content': '，不可用于抵扣免 赔额。 3保险事故指发生本主险合同保险责任范围内的事件。 4意外伤害指遭受外来的、突发的、非本意的、非疾病的使身体受到伤害的客观事件。 5一次就诊指被保险人一个自然日内在同一医院同一科室进行一次门急诊挂号就医。 6基本医疗保险指《中华人民共和国社会保险法》所规定的基本医疗保险，包括城镇职工基本医疗保险、城镇居民基本医疗保险 或城乡居民基本医疗保险、新型农村合作医疗等政府举办的基本医疗保障项目。 2.2.3 意外门急诊保 险金 2.2.4 指定疾病门急 诊保险金 在本主险合同保险期间内，被保险人因遭受意外伤害事故在本主险合同约 定的医院7门诊部门或急诊部门接受治疗的，对于因此产生的、必须由被保 险人个人自行承担的合理且必要的、属于基本医疗保险范围内8的医生诊疗 费9、治疗费10、检查检验费11、药品费12、医疗器械使用费13、门诊手术费14 （即“门诊急诊医疗费用”）以及基'}, {'content': '疗保险金赔付限额内 赔付院外重大疾病药品费用医疗保险金： 被保险人从院外购买的药品还须满足以下所有条件： 1. 药品处方7必须是由本主险合同约定的医院的专科医生开具的； 2. 药品处方开具的药品必须是被保险人当前治疗所必备的，且必须与国家药品 监督管理机构批准的该药品说明书中所列明的适应症相符合； 3. 药品处方开具的药品需具有国家药品监督管理部门核发的药品批准文号或者 进口药品注册证书、医药产品注册证书。 院外重大疾病药品费用不包括营养补充类药品，免疫功能调节类药品，美容及减 3保险事故指发生本主险合同保险责任范围内的事件。 4意外伤害指遭受外来的、突发的、非本意的、非疾病的使身体受到伤害的客观事件。 5医院指中华人民共和国境内（港、澳、台地区除外）合法经营的二级以上（含二级）属事业单位编制的公立医院（包括公立医院内设 特需部、国际部和 VIP 部），不包括疗养院、护理院、以康复治疗为主'}, {'content': '院日限额 500 元 赔付比例为 100% 年限额 2 万 门诊次限额 300 元 住院日限额 500 元 一般情况下，赔付比例为 100%，但若被保险人在投保时选择以有 基本医疗保险或公费医疗身份投保，但该次就诊未经基本医疗保 险或公费医疗结算，则赔付比例为 60%。 1 万， 保证续保期间内限给付一次 年限额 200 万 1 万， 保证续保期间内限给付一次 —— 一般情况下，赔付比例为 100%， 但若被保险人在投保时选择以 有基本医疗保险或公费医疗身 份投保，但在用药时对于医保目 录内的特定药品未经基本医疗 保险或公费医疗结算，则赔付比 例为 60%。 年限额 2 万 赔付比例为 100% —— —— —— 健康管理服务 （1）健康咨询； （2）就医服务； （3）康复护理。 附表 2：平安互联网长期（D）医疗保险（费率可调）特定疾病清单 指被保险人初次发生符合下列定义的疾病，或初次接'}, {'content': '免疫疗法的治疗费用； （3）器官移植后的门诊抗排异治疗； （4）门诊手术。 我们依据 2.2.11 条的保险金计算方法结合补偿原则在重大疾病医疗保险金 赔付限额内赔付重大疾病指定门诊急诊医疗保险金。 3.重大疾病住院前后门诊急诊医疗保险金 被保险人因初次罹患本主险合同约定的重大疾病在住院前30日和出院后30 日（含住院和出院当日，以住院病历或出院小结为准）内在医院门诊部门或 急诊部门，与本次住院相同原因而发生的，必须由被保险人个人自行承担的 门诊急诊医疗费用。我们依据2.2.11条的保险金计算方法结合补偿原则在重 大疾病医疗保险金赔付限额内赔付重大疾病住院前后门诊急诊医疗保险金。 重大疾病住院前后门诊急诊医疗不包括上述第 2 项所列明的重大疾病指定 门诊急诊医疗。 4.质子重离子医疗保险金 被保险人在等待期后经本主险合同约定的医院的专科医生确诊初次罹患恶 性肿瘤--重度的，对于其在本主险合'}, {'content': '意外门急诊保险金；指定疾病门急诊保险金。指定疾病包括：病毒性肝炎、麻疹、百日咳、白喉、新生儿破伤风、新冠病毒感染、甲流、乙流、手足口病、猴痘、肺炎、气管炎、支气管炎、幼儿急疹、肠炎、扁桃体炎、喉炎、水痘、狂犬病、流行性乙型脑炎。'}, {'content': '在保险期间内，被保险人因遭受意外伤害或在等待期后因疾病需住院治疗并入住重症监护病房的，我们将按重症监护病房住院津贴保险金日额×实际天数给付保险金，每次住院最多给付 30 日，累计最多给付 90 日。'}, {'content': '重大疾病保险金、轻度疾病保险金（可选责任）。保障范围包括但不限于：深度昏迷、双耳失聪、双目失明、瘫痪、心脏瓣膜手术、严重阿尔茨海默病、严重脑损伤、严重原发性帕金森病、严重Ⅲ度烧伤、严重特发性肺动脉高压、严重运动神经元病、语言能力丧失、重型再生障碍性贫血、主动脉手术、严重慢性呼吸衰竭、严重克罗恩病、严重溃疡性结肠炎、严重多发性硬化症、严重1型糖尿病、严重类风湿性关节炎、胆道重建手术、重症急性坏死性筋膜炎、严重系统性硬皮病、急性坏死胰腺炎开腹手术、严重原发性硬化性胆管炎、胆汁性肝硬化、颅脑手术、系统性红斑狼疮-Ⅲ型或以上狼疮性肾炎、严重结核性脑膜炎、经输血导致的人类免疫缺陷病毒（HIV）感染、丝虫病所致严重象皮肿、胰腺移植、严重慢性复发性胰腺炎、严重肾髓质囊性病、肺源性心脏病、特发性慢性肾上腺皮质功能衰竭、严重进行性核上性麻痹、严重哮喘、严重冠状动脉粥样硬化性心脏病、植物人状态、严重疯牛病、严重自身免疫性肝炎、一肢及单眼缺失、职业性HIV感染、破伤风、狂犬病、严重心肌炎、需手术切除的嗜铬细胞瘤、严重肠道疾病并发症、严重Ⅲ度房室传导阻滞、双侧肾切除或孤肾切除、严重感染性心内膜炎、败血症导致的'}, {'content': '在本主险合同保险期间内，我们承担如下保险责任：基本责任和可选责任。基本责任包括一般医疗保险金（住院、指定门诊急诊、住院前后门诊急诊）、特定疾病医疗保险金（住院、指定门诊急诊、住院前后门诊急诊）、重大疾病医疗保险金（住院、指定门诊急诊、住院前后门诊急诊、质子重离子）、指定疾病康复医疗保险金、重大疾病关爱保险金、院外恶性肿瘤特定药品费用医疗保险金、院外恶性肿瘤特定用药基因检测费用保险金。特定疾病包括原位癌、激光心肌血运重建术、心脏瓣膜介入手术、强直性脊柱炎的特定手术治疗、视力严重受损、单目失明、角膜移植、主动脉内手术、脑垂体瘤、脑囊肿、脑动脉瘤及脑血管瘤、特定面积Ⅲ度烧伤、轻度面部烧伤、面部重建手术、严重头部外伤、微创颅脑手术、原发性肺动脉高压、运动神经元病、单侧肺脏切除、于颈动脉进行血管成形术或内膜切除术、单耳失聪、人工耳蜗植入术、起搏器或除颤器植入、心包膜切除术、肝叶切除、单个肢体缺失、特定周围动脉疾病的血管介入治疗、早期原发性心肌病、肾脏切除等。重大疾病包括但不限于因疾病或意外伤害导致的肾脏严重损害、双侧卵巢或睾丸切除术、腔静脉过滤器植入术、肾上腺皮质腺瘤切除肾上腺、可逆性再生障碍性'}, {'content': '在本主险合同保险期间内，被保险人因遭受意外伤害事故或在等待期后因意外伤害以外的原因，经本主险合同约定的医院的专科医生确诊初次罹患本主险合同所附重大疾病清单定义的重大疾病，对于其在本主险合同约定的医院外购买的，用于治疗而产生的合理且必要的，必须由被保险人个人自行承担的，满足以下条件的院外重大疾病药品费用，我们依据2.1.3条的保险金计算方法结合补偿原则在院外重大疾病药品费用医疗保险金赔付限额内赔付院外重大疾病药品费用医疗保险金。重大疾病包括但不限于神经系统永久性功能障碍、深度昏迷、双耳失聪、双目失明、瘫痪、心脏瓣膜手术、严重阿尔茨海默病、严重脑损伤、严重原发性帕金森病、严重Ⅲ度烧伤、严重特发性肺动脉高压、严重运动神经元病、语言能力丧失、重型再生障碍性贫血、主动脉手术、严重慢性呼吸衰竭、严重克罗恩病、严重溃疡性结肠炎、侵蚀性葡萄胎、严重的原发性心肌病、严重感染性心内膜炎、严重肺源性心脏病、严重的Ⅲ度房室传导阻滞、严重冠心病、严重心肌炎、艾森门格综合征、风湿热导致的心脏瓣膜疾病、急性风湿热、心脏粘液瘤手术、严重大动脉炎、Brugada 综合征、严重继发性肺动脉高压、室壁瘤切除手术、严重心脏衰'}]",
移小保安欣保2.0长期医疗,产品：移小保安欣保2.0长期医疗	问题：投保年龄有什么限制要求？,"根据移小保安欣保2.0长期医疗保险条款，投保年龄限制如下：

**首次投保年龄：0周岁至70周岁**
- 若被保险人为0周岁，需满足出生满28日且已健康出院的条件

**续保年龄限制：**
- 被保险人可续保至99周岁（含99周岁）
- 当被保险人年满80周岁（含80周岁）时，保证续保期间届满后将不再接受重新投保申请

**其他重要说明：**
- 被保险人在保险期间开始之日必须符合上述投保年龄要求
- 若申报的年龄不真实且不符合投保年龄限制，保险公司有权解除合同

需要注意的是，本产品为费率可调的保证续保型医疗保险，保证续保期间为20年。","[{'content': '险期间届满时本保险的费率表足额缴纳应缴保险 费，才能继续享有本主险合同提供的保障。 每一保证续保期间届满时，如您在上一保险期间届满后 60 日内向我们提出 重新投保申请，我们将对被保险人做核保审核，如我们审核同意继续承保该 被保险人，将与您协商继续投保事宜。协商达成一致且您已按当时被保险人 适用的费率缴纳保险费，则进入下一保证续保期间。如本公司审核不同意， 将书面通知您不再接受该被保险人的投保申请。若保证续保期间届满时，被 保险人已年满 80 周岁（含 80 周岁）或者本产品已停止销售，我们不再接受 重新投保申请，但会向您提供投保其他保险产品的合理建议。 若发生下列情形之一的，本主险合同和保证续保期间将一并终止： 1. 您在投保时对我们询问的问题未做如实回答，即未履行如实告知义务； 2. 您在本主险合同 1 年的保险期间内申请解除保险合同； 3. 您在任一保险期间结束后 60 日内没有及时'}, {'content': '的情况的，我们不得解除合同；发 生保险事故的，我们承担赔付保险金的责任。 您在申请投保时，应将与有效身份证件相符的被保险人的出生日期和性别在 投保书上填明，如果发生错误按照下列方式办理： （1）您申报的被保险人年龄不真实，并且其真实年龄不符合本主险合同约 定投保年龄限制的，我们有权解除合同，并向您退还本主险合同的现金价值； （2）您申报的被保险人年龄或性别不真实，致使您实付保险费少于应付保 险费的，我们有权更正并要求您补交保险费。若已经发生保险事故，在赔付 保险金时按实付保险费和应付保险费的比例赔付； （3）您申报的被保险人年龄或性别不真实，致使您实付保险费多于应付保 险费的，我们会将多收的保险费退还给您。 在本主险合同有效期内，经您与我们协商一致，可以变更本主险合同的有关 内容。变更本主险合同的，应当由我们在保险单或者其他保险凭证上批注或 者附贴批单，或者由您与我们订立书面的变更协议。 '}, {'content': '自出生之日起为零周岁，每经过一年增加一岁，不足一年的不计。 解除本主险合同时，您需要填写申请书，并提供您的保险合同及有效身 份证件。自我们收齐上述资料时起，本主险合同即被解除，犹豫期内解 除保险合同的，合同解除前发生的保险事故3我们不承担保险责任，已经 承担保险责任的情况下，被保险人应当向我们退还已经支付的保险金， 您对被保险人退还保险金应承担连带责任。 1.7 保 险 期 间 与 不 保 证续保 本主险合同的保险期间为 1 年，不保证续保。保险期间届满，您需要重 新向我们申请投保本产品，并经我们同意，交纳保险费，获得新的保险 合同。若保险期间届满时，本主险产品已停止销售，我们不再接受投保 申请，但会向您提供投保其他保险产品的合理建议。 \uf076\uf020我们提供的保障 2.1 保险计划 本主险合同的保险计划由您在投保时选择并在保险合同中载明。不同保险 计划的特定疾病范围和保险金总限额4详见保险计划表。'}, {'content': '互联网特定疾病特需医疗保险合同”以下简称为“本主险合同”。 1.2 合同成立与生效 您提出投保申请，我们审核您的投保申请和被保险人健康状况后同意承 保，本主险合同成立。 本主险合同自我们同意承保，并签发保险合同时开始生效，我们承担保 险责任的时间以保险合同记载的保险期间为准。 1.3 保险对象 1.4 投保年龄 1.5 保障区域 1.6 犹豫期 本主险合同的保险对象（即被保险人）须满足以下全部条件： 1. 被保险人于本主险合同生效日前365天内在中华人民共和国（港澳台 除外）境内累计居住至少183天。若被保险人投保时不满1周岁，则被 保险人在中华人民共和国（港澳台除外）境内累计居住时间不少于自 出生之日起至投保之日止累计日数的二分之一； 2. 被保险人在保险期间开始之日符合1.4条投保年龄要求； 3. 被保险人的身体健康状况能够通过我们的核保审核。 您及您的家庭成员若均满足上述条件，可以同'}, {'content': '不计。 1.7 保 险 期 间 与 保 证 续保 同的，合同解除前发生的保险事故3我们不承担保险责任，已经承担保险责 任的情况下，被保险人应当向我们退还已经支付的保险金，您对被保险人退 还保险金应承担连带责任。 本主险合同是费率可调的保证续保型医疗保险合同，保险期间为 1 年，保证 续保期间为 20 年。保证续保期间自您首次投保本主险合同的保险期间开始 之日起计算。 在保证续保期间内，我们不因被保险人的身体状况或历史理赔情况而拒绝您 的续保申请且本产品的停售也不影响您的保证续保权。保证续保期间内，如 您未明确声明不再续保，本主险合同将自动续保，但您需要在每一个保险期 间届满后 60 日内按该保险期间届满时本保险的费率表足额缴纳应缴保险 费，才能继续享有本主险合同提供的保障。 每一保证续保期间届满时，如您在上一保险期间届满后 60 日内向我们提出 重新投保申请，我们将对被保险人做核保审核，如'}, {'content': '内（除香港、澳 门及台湾地区）累计居住至少183天。若被保险人投保时不满1周岁，则被保 险人在中华人民共和国境内（除香港、澳门及台湾地区）累计居住时间不少 于自出生之日起至投保之日止累计日数的二分之一； 2. 被保险人在保险期间开始之日符合1.4条投保年龄要求； 3. 被保险人的身体健康状况能够通过我们的核保审核。 您及您的家庭成员若均满足上述条件，可以同时参保1本保险，形成家庭保单。 家庭成员仅指您的父母、子女以及投保时具有合法婚姻关系的配偶。 我们不接受非同时参保的被保险人保险单合并为家庭保单。 指保险期间开始时被保险人的年龄，投保年龄以周岁2计算。 本主险合同接受的首次投保年龄为 0 周岁至 70 周岁，投保时被保险人为 0 周岁 的，应当为出生满 28 日且已健康出院的婴儿。 被保险人年满 99 周岁前（含 99 周岁），保险期间届满，可以重新向我们申请投 保本产品，并经过我们同意'}, {'content': '首次投保年龄为 0 周岁至 17 周岁，投保时被保险人为 0 周岁的，应当为出生满 28 日且已健康出院的婴儿。被保险人需在中华人民共和国境内（不包括香港、澳门及台湾地区）累计居住至少183天。'}, {'content': '首次投保年龄为 0 周岁至 70 周岁，0 周岁需为出生满 28 日且已健康出院的婴儿。被保险人可至 99 周岁前（含 99 周岁）续保。保障区域为中国大陆（不包括港澳台）。'}, {'content': '首次投保年龄为 0 周岁至 60 周岁，0 周岁需为出生满 28 日且已健康出院的婴儿。申请理赔时年龄须在三周岁以上。无性别和地区的限制。'}, {'content': '无对应取值。 \n\n注：提供的信息中存在矛盾，首次投保年龄为0周岁至70周岁，但又提到被保险人年龄必须在3周岁以上，无法确定最终适用人群的准确年龄范围。因此，无法提供有效的摘要整合。'}, {'content': '适用人群：年龄为0周岁至70周岁，首次投保时被保险人为0周岁的，应当为出生满28日且已健康出院的婴儿。被保险人可续保至99周岁。性别不限。地区为中国大陆（除香港、澳门及台湾地区）。'}]",
移小保安欣保2.0长期医疗,产品：移小保安欣保2.0长期医疗	问题：什么是犹豫期，在犹豫期内退保会有什么影响？,"根据移小保安欣保2.0长期医疗保险条款，犹豫期是指：

**犹豫期为15日**，自您收到本主险合同电子保险单次日起计算。

在犹豫期内退保的影响：
- 您可以在此期间提出解除保险合同
- 保险公司将无息退还您所支付的全部保险费
- 合同解除前发生的保险事故，保险公司不承担保险责任
- 如果保险公司已经承担了保险责任，被保险人需要退还已支付的保险金

犹豫期是给您认真审视保险合同的时间，如果您认为保险合同与您的需求不相符，可以在犹豫期内全额退保，不会产生经济损失。","[{'content': '不计。 1.7 保 险 期 间 与 保 证 续保 同的，合同解除前发生的保险事故3我们不承担保险责任，已经承担保险责 任的情况下，被保险人应当向我们退还已经支付的保险金，您对被保险人退 还保险金应承担连带责任。 本主险合同是费率可调的保证续保型医疗保险合同，保险期间为 1 年，保证 续保期间为 20 年。保证续保期间自您首次投保本主险合同的保险期间开始 之日起计算。 在保证续保期间内，我们不因被保险人的身体状况或历史理赔情况而拒绝您 的续保申请且本产品的停售也不影响您的保证续保权。保证续保期间内，如 您未明确声明不再续保，本主险合同将自动续保，但您需要在每一个保险期 间届满后 60 日内按该保险期间届满时本保险的费率表足额缴纳应缴保险 费，才能继续享有本主险合同提供的保障。 每一保证续保期间届满时，如您在上一保险期间届满后 60 日内向我们提出 重新投保申请，我们将对被保险人做核保审核，如'}, {'content': '险合同时，我们会向您说明本主险合同的内容。对本主险合同 中免除我们责任的条款，我们在订立合同时会在投保书、保险单或其他 保险凭证上作出足以引起您注意的提示，并对该条款的内容以书面或口 头形式向您作出明确说明，未作提示或者明确说明的，该条款不产生效 力。 我们就您和被保险人的有关情况提出询问，您应当如实告知。我们的询 问和您的告知将记载于本主险合同中作为保险合同的重要组成部分。 如果您故意或者因重大过失未履行前款规定的如实告知义务，足以影响 我们决定是否同意承保或者提高保险费率的，我们有权解除本主险合同。 如果您故意不履行如实告知义务，对于本主险合同解除前发生的保险事 故，我们不承担赔付保险金的责任，并不退还保险费。 如果您因重大过失未履行如实告知义务，对保险事故的发生有严重影响 的，对于本主险合同解除前发生的保险事故，我们不承担赔付保险金的 责任，但会退还保险费。 我们在合同订立时已经知道'}, {'content': '的长期医疗保险，在保证续保期间内保险费率有可能调整……1.7、6 \uf076 我们对需要您仔细阅读的条款作了特别提示，详见条款正文中背景突出显示的内容 ……………………………………………………………2.2、3.1、3.2、9.1、9.2、脚注 \uf076 退保会给您造成一定的损失，请您慎重决策……………………………………………8.1 \uf076 费用补偿型医疗保险是适用补偿原则的………………………………………………2.2.13 \uf076 您有及时向我们通知保险事故的责任……………………………………………………7.2 \uf076 我们对一些重要术语进行了解释，并作了显著标识，请您注意………………………脚注 \uf076 本主险合同的保险期间为1年，保证续保………………………………………………………………………1.7 \uf043\uf020条款是保险合同的重要内容，为充分保障您的权益，请您仔细阅读本条款。条款目录如下： 1.您与我们的合同 1.1 合同构成 '}, {'content': '们将无息退还您所支付的全部保 险费。 解除本主险合同时，您需要填写申请书，并提供您的保险合同及有效身 份证件。自我们收齐上述资料时起，本主险合同即被解除。犹豫期内解 1同时参保指您在一次投保行为中为两名及以上符合本主险合同约定条件的被保险人申请投保且所有被保险人均被我们同意承 保的情况。 2周岁指按有效身份证件中记载的出生日期计算的年龄，自出生之日起为零周岁，每经过一年增加一岁，不足一年的不计。 -5- 除保险合同的，合同解除前发生的保险事故3我们不承担保险责任，已经 承担保险责任的情况下，被保险人应当向我们退还已经支付的保险金， 您对被保险人退还保险金应承担连带责任。 1.7 保险期间与不保 证续保 本主险合同的保险期间为 1 年，不保证续保。保险期间届满，您需要重 新向我们申请投保本产品，并经我们同意，交纳保险费，获得新的保险 合同。若保险期间届满时，本主险产品已停止销售，我们不再接受'}, {'content': '人确诊疾病，因该疾病所产生的医疗费用，无论此 等费用是否发生在等待期内，我们都不承担保险责任。 3保险事故指发生本主险合同保险责任范围内的事件。 被保险人在投保后至等待期结束前确诊本主险合同所附重大疾病清单（详见 附表 3）定义的重大疾病的，我们不承担保险责任，本主险合同将终止，我 们会向您无息退还本主险合同您所支付的全部保险费。 以下两种情形，无等待期： （1）因意外伤害4发生的保险事故； （2）保证续保期间内每个保险期间届满后60日内，按本主险合同约定足额 缴纳应缴的保险费，完成续保的。 除另有约定外，本主险合同中的免赔额是指同一保单中同时参保本保险的被 保险人在一个保险期间内发生的、虽然属于一般医疗保险金、特定疾病医疗 保险金、重大疾病医疗保险金和指定疾病康复医疗保险金保险责任范围内的 医疗费用，但依照本主险合同约定仍旧由被保险人个人自行承担，我们不予 赔付的金额。只有当免赔额因以下'}, {'content': '区域外就医的， 不属于保险责任范围。 自您收到本主险合同电子保险单次日起，有15日的犹豫期。在此期间请您认 真审视本主险合同，如果您认为本主险合同与您的需求不相符，您可以在此 期间提出解除本主险合同，我们将无息退还您所支付的全部保险费。 解除本主险合同时，您需要填写申请书，并提供您的保险合同及有效身份证 件。自我们收齐上述资料时起，本主险合同即被解除。犹豫期内解除保险合 1同时参保指您在一次投保行为中为两名及以上符合本主险合同约定条件的被保险人申请投保且所有被保险人均被我们同意承 保的情况。 2周岁指按有效身份证件中记载的出生日期计算的年龄，自出生之日起为零周岁，每经过一年增加一岁，不足一年的不计。 1.7 保 险 期 间 与 保 证 续保 同的，合同解除前发生的保险事故3我们不承担保险责任，已经承担保险责 任的情况下，被保险人应当向我们退还已经支付的保险金，您对被保险人退 还保险金应承担'}, {'content': '15日'}]","1, 6, 7, 30, 35"
移小保安欣保2.0长期医疗,产品：移小保安欣保2.0长期医疗	问题：如果被保险人在重症监护室住院，能获得多少津贴？,"根据移小保安欣保2.0长期医疗险的相关条款，关于重症监护室住院津贴的赔付标准如下：

**赔付金额计算方式：**
重症监护病房住院津贴保险金 = 重症监护病房住院津贴保险金日额 × 入住重症监护病房的实际天数

**具体赔付规则：**
1. **单次住院**：最多给付30日，超过30日的部分不予赔付
2. **累计限额**：在保险期间内，多次住院的累计给付天数最多为90日

**重要注意事项：**
- **等待期**：疾病导致的住院有30天等待期，等待期内因疾病入住重症监护室不予赔付
- **例外情况**：意外伤害导致的住院无等待期
- **医院要求**：必须在二级及以上公立医院的重症监护病房治疗
- **延续治疗**：保险期间届满前发生的住院，若延续至期满后30日内，仍可按约定赔付

**温馨提示：**
具体的""重症监护病房住院津贴保险金日额""需要在投保时与保险公司约定，并在保险单上明确载明。建议您查看保单确认具体的日额标准，如需进一步了解赔付细节，可联系保险公司客服咨询。","[{'content': '） 为等待期。在等待期内被保险人确诊疾病，因该疾病导致入住重症监护 病房4治疗的，无论治疗时间与生效之日是否间隔超过 30 日，我们都不 承担给付保险金的责任。 以下两种情形，无等待期： （1）因意外伤害5发生的保险事故； （2）根据本条款 1.7 条的约定获得新的保险合同并经我们审核免除被保 险人的等待期的。 在本主险合同保险期间内，被保险人因遭受意外伤害或在等待期后因疾病， 经医院6诊断必须住院7治疗，在住院期间被保险人须入住重症监护病房进行 治疗的，我们将按如下方式计算并给付重症监护病房住院津贴保险金： 重症监护病房住院津贴保险金=重症监护病房住院津贴保险金日额×入住 重症监护病房的实际天数 对于每次住院，重症监护病房住院津贴保险金的给付天数最多为 30 日。 入住重症监护病房超过 30 日的部分，我们不再给付保险金。 每次住院指被保险人因疾病或意外伤害住院治疗，自入院日起至出院日止'}, {'content': ' 证续保 本主险合同的保险期间为 1 年，不保证续保。保险期间届满，您需要重 新向我们申请投保本产品，并经我们同意，交纳保险费，获得新的保险 合同。若保险期间届满时，本主险产品已停止销售，我们不再接受投保 申请，但会向您提供投保其他保险产品的合理建议。 \uf076\uf020我们提供的保障 2.1 保险金额 本主险合同的重症监护病房住院津贴保险金日额由您在投保时与我们约 定，并在保险单上载明。 2.2 保险责任 在本主险合同保险期间内，我们承担如下保险责任： 2.2.1 等待期 2.2.2 重 症 监 护 病 房 住 院 津 贴 保 险 金 除另有约定外，自本主险合同保险期间开始日起 30 天内（含第 30 天） 为等待期。在等待期内被保险人确诊疾病，因该疾病导致入住重症监护 病房4治疗的，无论治疗时间与生效之日是否间隔超过 30 日，我们都不 承担给付保险金的责任。 以下两种情形，无等待期： （1）因意外'}, {'content': '天数 对于每次住院，重症监护病房住院津贴保险金的给付天数最多为 30 日。 入住重症监护病房超过 30 日的部分，我们不再给付保险金。 每次住院指被保险人因疾病或意外伤害住院治疗，自入院日起至出院日止 之期间；但如果因同一原因再次住院，且前次出院与下次入院间隔未超过 30 日，视为同一次住院。 3保险事故指发生本主险合同保险责任范围内的事件。 4重症监护病房指经医疗卫生行政主管机关批准，在医院内正式设立的重症监护病房。该病房为危重患者提供 24 小时持续护理 及治疗，配备有重症监护专科医生、护士以及相应的监护、复苏抢救设备，例如：心脏除颤机、人工呼吸机、紧急药物、各 项生命体征（如心率、血压等）持续测试的仪器等。 5意外伤害指遭受外来的、突发的、非本意的、非疾病的使身体受到伤害的客观事件。 6医院指中华人民共和国境内（香港、澳门及台湾地区除外）合法经营的二级以上（含二级）属事业单位性质的公'}, {'content': '）持续测试的仪器等。 5意外伤害指遭受外来的、突发的、非本意的、非疾病的使身体受到伤害的客观事件。 6医院指中华人民共和国境内（香港、澳门及台湾地区除外）合法经营的二级以上（含二级）属事业单位性质的公立医院以及本 主险合同约定的其他医院。不包括疗养院、护理院、以康复治疗为主要职能的医疗机构（如康复医院）、戒酒或戒毒中心、精 神心理治疗中心以及无相应医护人员或设备的二级或三级医院的联合医院或联合病房以及其他我们不承担保险责任的医院（具 体以保险合同约定为准）。 7住院指被保险人因疾病或意外伤害而入住医院的正式病房进行治疗，并正式办理入出院手续，不包括入住门急诊观察室、家 庭病床、其他挂床住院及不合理的住院。挂床住院指办理正式住院手续的被保险人，在住院期间每日非 24 小时在床、在院。 具体表现包括在住院期间连续 1 日无任何治疗，只发生护理费、诊疗费、床位费等情况。 -6- 在保险期间内，被'}, {'content': '的床位费。重症监护室指配有中心监 护台、心电监护仪及其他监护抢救设施，相对封闭管理，符合重症监护病房（ICU）、冠心病重症监护病房（CCU）标准的单人 或多人监护病房。 医学必要指被保险人接受治疗或服务、使用医疗器械或服用药品符合以下全部条件：（1）医师处方要求且对治疗被保险人疾 病或伤害合适且必需；（2）在范围、持续期、强度、护理上不超过为被保险人提供安全、恰当、合适的诊断或治疗所需的水 平；（3）与接受治疗当地普遍接受的医疗专业实践标准一致；（4）非主要为了个人舒适或为了被保险人父母、家庭、医师或 其他医疗提供方的方便；（5）非病人学术教育或职业培训的一部分或与之相关；（6）非试验性或研究性。 10膳食费指住院期间，由作为医院内部专门部门的、为住院病人配餐的机构配送的膳食所产生的费用。本项费用仅包括条款约 定的医院收取的费用（以收费票据为准）。 膳食费应包含在医疗账单内，根据各医疗机构'}, {'content': '合理的住院。挂床住院指办理正式住院手续的被保险人，在住院期间每日非 24 小时在床、在院。 具体表现包括在住院期间连续 1 日无任何治疗，只发生护理费、诊疗费、床位费等情况。 -6- 在保险期间内，被保险人多次住院治疗并入住重症监护病房的，重症监护 病房住院津贴保险金的累计给付天数最多为 90 日。 对于被保险人在本主险合同保险期间届满前发生的且延续至本主险合同保 险期间届满后 30 日内的住院治疗，在此期间被保险人须入住重症监护病房 进行治疗的，我们仍然按本主险合同的约定承担给付保险金的责任。 \uf077\uf020责任免除 因下列情形之一导致被保险人住院治疗的，我们不承担给付保险金的责 3.1 责任免除 任： （1） 投保人对被保险人的故意杀害、故意伤害； （2） 被保险人故意自杀或自伤、故意犯罪或者抗拒依法采取的刑事强 制措施； （3） 被保险人殴斗、醉酒8、主动吸食或注射毒品9； （4） 被保险人酒'}, {'content': '意外门急诊保险金；指定疾病门急诊保险金。指定疾病包括：病毒性肝炎、麻疹、百日咳、白喉、新生儿破伤风、新冠病毒感染、甲流、乙流、手足口病、猴痘、肺炎、气管炎、支气管炎、幼儿急疹、肠炎、扁桃体炎、喉炎、水痘、狂犬病、流行性乙型脑炎。'}, {'content': '在保险期间内，被保险人因遭受意外伤害或在等待期后因疾病需住院治疗并入住重症监护病房的，我们将按重症监护病房住院津贴保险金日额×实际天数给付保险金，每次住院最多给付 30 日，累计最多给付 90 日。'}, {'content': '重大疾病保险金、轻度疾病保险金（可选责任）。保障范围包括但不限于：深度昏迷、双耳失聪、双目失明、瘫痪、心脏瓣膜手术、严重阿尔茨海默病、严重脑损伤、严重原发性帕金森病、严重Ⅲ度烧伤、严重特发性肺动脉高压、严重运动神经元病、语言能力丧失、重型再生障碍性贫血、主动脉手术、严重慢性呼吸衰竭、严重克罗恩病、严重溃疡性结肠炎、严重多发性硬化症、严重1型糖尿病、严重类风湿性关节炎、胆道重建手术、重症急性坏死性筋膜炎、严重系统性硬皮病、急性坏死胰腺炎开腹手术、严重原发性硬化性胆管炎、胆汁性肝硬化、颅脑手术、系统性红斑狼疮-Ⅲ型或以上狼疮性肾炎、严重结核性脑膜炎、经输血导致的人类免疫缺陷病毒（HIV）感染、丝虫病所致严重象皮肿、胰腺移植、严重慢性复发性胰腺炎、严重肾髓质囊性病、肺源性心脏病、特发性慢性肾上腺皮质功能衰竭、严重进行性核上性麻痹、严重哮喘、严重冠状动脉粥样硬化性心脏病、植物人状态、严重疯牛病、严重自身免疫性肝炎、一肢及单眼缺失、职业性HIV感染、破伤风、狂犬病、严重心肌炎、需手术切除的嗜铬细胞瘤、严重肠道疾病并发症、严重Ⅲ度房室传导阻滞、双侧肾切除或孤肾切除、严重感染性心内膜炎、败血症导致的'}, {'content': '在本主险合同保险期间内，我们承担如下保险责任：基本责任和可选责任。基本责任包括一般医疗保险金（住院、指定门诊急诊、住院前后门诊急诊）、特定疾病医疗保险金（住院、指定门诊急诊、住院前后门诊急诊）、重大疾病医疗保险金（住院、指定门诊急诊、住院前后门诊急诊、质子重离子）、指定疾病康复医疗保险金、重大疾病关爱保险金、院外恶性肿瘤特定药品费用医疗保险金、院外恶性肿瘤特定用药基因检测费用保险金。特定疾病包括原位癌、激光心肌血运重建术、心脏瓣膜介入手术、强直性脊柱炎的特定手术治疗、视力严重受损、单目失明、角膜移植、主动脉内手术、脑垂体瘤、脑囊肿、脑动脉瘤及脑血管瘤、特定面积Ⅲ度烧伤、轻度面部烧伤、面部重建手术、严重头部外伤、微创颅脑手术、原发性肺动脉高压、运动神经元病、单侧肺脏切除、于颈动脉进行血管成形术或内膜切除术、单耳失聪、人工耳蜗植入术、起搏器或除颤器植入、心包膜切除术、肝叶切除、单个肢体缺失、特定周围动脉疾病的血管介入治疗、早期原发性心肌病、肾脏切除等。重大疾病包括但不限于因疾病或意外伤害导致的肾脏严重损害、双侧卵巢或睾丸切除术、腔静脉过滤器植入术、肾上腺皮质腺瘤切除肾上腺、可逆性再生障碍性'}, {'content': '在本主险合同保险期间内，被保险人因遭受意外伤害事故或在等待期后因意外伤害以外的原因，经本主险合同约定的医院的专科医生确诊初次罹患本主险合同所附重大疾病清单定义的重大疾病，对于其在本主险合同约定的医院外购买的，用于治疗而产生的合理且必要的，必须由被保险人个人自行承担的，满足以下条件的院外重大疾病药品费用，我们依据2.1.3条的保险金计算方法结合补偿原则在院外重大疾病药品费用医疗保险金赔付限额内赔付院外重大疾病药品费用医疗保险金。重大疾病包括但不限于神经系统永久性功能障碍、深度昏迷、双耳失聪、双目失明、瘫痪、心脏瓣膜手术、严重阿尔茨海默病、严重脑损伤、严重原发性帕金森病、严重Ⅲ度烧伤、严重特发性肺动脉高压、严重运动神经元病、语言能力丧失、重型再生障碍性贫血、主动脉手术、严重慢性呼吸衰竭、严重克罗恩病、严重溃疡性结肠炎、侵蚀性葡萄胎、严重的原发性心肌病、严重感染性心内膜炎、严重肺源性心脏病、严重的Ⅲ度房室传导阻滞、严重冠心病、严重心肌炎、艾森门格综合征、风湿热导致的心脏瓣膜疾病、急性风湿热、心脏粘液瘤手术、严重大动脉炎、Brugada 综合征、严重继发性肺动脉高压、室壁瘤切除手术、严重心脏衰'}]","8, 9, 10, 11, 12"
移小保安欣保2.0长期医疗,产品：移小保安欣保2.0长期医疗	问题：哪些情况属于责任免除范围？,"根据移小保安欣保2.0长期医疗保险条款，责任免除范围主要包括以下情况：

**一、特定疾病与状况**
1. 艾滋病/HIV感染，除非同时满足：
   - 因治疗必需器官移植而感染
   - 有医疗事故报告或法院终审裁定
   - 移植医院有合法经营执照
   - 其他传播方式（性传播、静脉注射毒品等）导致的感染不保

2. 特定疾病除外：
   - 脊柱裂（不包括X线发现的隐形脊柱裂）
   - 严重面部烧伤（需Ⅲ度烧伤达面部80%以上）

**二、特定肿瘤疾病**
以下肿瘤不在保障范围内：
- 原位癌、癌前病变、交界性肿瘤等
- 早期甲状腺癌（TNM分期Ⅰ期或更轻）
- 早期前列腺癌（TNM分期T1N0M0期或更轻）
- 早期皮肤恶性肿瘤（黑色素瘤除外）
- 早期慢性淋巴细胞白血病
- 早期何杰金氏病
- 低级别神经内分泌肿瘤

**三、行为相关除外**
1. 故意行为：投保人故意伤害、被保险人自杀自伤、犯罪等
2. 危险行为：殴斗、醉酒、吸毒
3. 违法驾驶：酒驾、无证驾驶、驾驶无证车辆
4. 高风险活动：潜水、跳伞、攀岩、探险等

**四、特殊治疗与项目**
1. 非必要医疗：体检、健康咨询、心理辅导、医疗鉴定
2. 美容整形：除皱、隆胸、双眼皮等整容手术
3. 生育相关：不孕不育治疗、人工受精、怀孕分娩
4. 牙科治疗：除口腔肿瘤外的所有牙科治疗
5. 康复保健：矫形器械、义肢、轮椅等
6. 实验性治疗：未经批准的治疗方法和药物

**五、其他除外情况**
1. 战争核灾：核爆炸、战争、恐怖袭击等
2. 精神疾病：精神和行为障碍治疗
3. 遗传疾病：除特定疾病外的遗传性疾病
4. 既往症：投保前已存在的疾病
5. 就医限制：非约定医院、境外就医等

建议投保前仔细阅读保险条款，如有疑问可咨询保险公司客服。","[{'content': '艾滋病，且须满足下列全 部条件： （1）在保障起始日或复效日之后，被保险人因治疗必需而实施器官移植，并且因器 官移植而感染人类免疫缺陷病毒或患艾滋病； （2）提供器官移植治疗的器官移植中心或医院出具的此次因器官移植感染人类免疫 缺陷病毒或患艾滋病，属于医疗事故的报告，或者法院终审裁定为医疗事故并且不 准上诉； （3）提供器官移植治疗的器官移植中心或医院必须拥有合法经营执照。 任何因其他传播方式（包括：性传播或静脉注射毒品）导致的 HIV 感染或患艾滋病 不在保障范围内。 99-脊柱裂 指脊椎或颅骨不完全闭合，导致脊髓膜突出，脑（脊）膜突出或脑膨出，合并大小 便失禁，部分或完全性下肢瘫痪畸形等神经学上的异常，但不包括由 X 线摄片发现 的没有合并脊髓膜突出或脑（脊）膜突出的隐形脊柱裂。 100-严重面部烧 伤 指面部烧伤程度为Ⅲ度，且Ⅲ度烧伤的面积达到面部表面积的 80％或者 80％以上。 '}, {'content': '、无合法有效驾驶证驾驶33或驾驶无有效行驶证 的交通工具34； （5） 核爆炸、核辐射与核污染、战争、军事冲突、恐怖袭击、暴乱或武 装叛乱； （6） 精神和行为障碍治疗以及各种医疗咨询和健康预测：如健康咨询、 睡眠咨询、性咨询、心理咨询（依照世界卫生组织《疾病和有关健康问题的 国际统计分类》（ICD-10）35确定的精神和行为障碍以外的一般心理问题， 如职场问题、家庭问题、婚恋问题、个人发展、情绪管理等）； （7） 各类医疗鉴定，包括但不限于医疗事故鉴定、精神病鉴定、孕妇胎 儿性别鉴定、验伤鉴定、亲子鉴定、遗传基因鉴定费用； （8） 除特定疾病、重大疾病、指定疾病以外的遗传性疾病和先天性畸形、 变形或染色体异常36； （9） 既往症37及保险合同特别约定的除外疾病； （10） 被保险人感染艾滋病病毒或患艾滋病期间因疾病导致的医疗费用， 但重大疾病清单中特定原因引起的艾滋病除外； （11） '}, {'content': '人确诊疾病，因该疾病所产生的医疗费用，无论此 等费用是否发生在等待期内，我们都不承担保险责任。 3保险事故指发生本主险合同保险责任范围内的事件。 被保险人在投保后至等待期结束前确诊本主险合同所附重大疾病清单（详见 附表 3）定义的重大疾病的，我们不承担保险责任，本主险合同将终止，我 们会向您无息退还本主险合同您所支付的全部保险费。 以下两种情形，无等待期： （1）因意外伤害4发生的保险事故； （2）保证续保期间内每个保险期间届满后60日内，按本主险合同约定足额 缴纳应缴的保险费，完成续保的。 除另有约定外，本主险合同中的免赔额是指同一保单中同时参保本保险的被 保险人在一个保险期间内发生的、虽然属于一般医疗保险金、特定疾病医疗 保险金、重大疾病医疗保险金和指定疾病康复医疗保险金保险责任范围内的 医疗费用，但依照本主险合同约定仍旧由被保险人个人自行承担，我们不予 赔付的金额。只有当免赔额因以下'}, {'content': '（冰毒）、吗啡、大麻、可卡因以及国家规定管制的其他 能够使人形成瘾癖的麻醉药品和精神药品，但不包括由医生开具并遵医嘱使用的用于治疗疾病但含有毒品成分的处方药品。 （4） 被保险人酒后驾驶30、无合法有效驾驶证驾驶31或驾驶无有效行驶证 的交通工具32； （5） 核爆炸、核辐射与核污染、战争、军事冲突、恐怖袭击、暴乱或武 装叛乱； （6） 精神和行为障碍治疗以及各种医疗咨询和健康预测：如健康咨询、 睡眠咨询、性咨询、心理咨询（依照世界卫生组织《疾病和有关健康问题 的国际统计分类》（ICD-10）33确定的精神和行为障碍以外的一般心理问题， 如职场问题、家庭问题、婚恋问题、个人发展、情绪管理等）； （7） 各类医疗鉴定，包括但不限于医疗事故鉴定、精神病鉴定、孕妇胎 儿性别鉴定、验伤鉴定、亲子鉴定、遗传基因鉴定费用； （8） 除特定疾病外的遗传性疾病和先天性畸形、变形或染色体异常34； （9） '}, {'content': '分，不承担赔付保险金 的责任，但我们通过其他途径已经及时知道或者应当及时知道保险事故发生或者 虽未及时通知但不影响我们确定保险事故的性质、原因、损失程度的除外。 5.3 保险金申请 在申请保险金时，请按照下列方式办理： （1）被保险人所驾驶的交通工具未按中国法律规定取得行驶证等公共道路、公共水域或空域行驶资格证明； （2）被保险人所驾驶的交通工具被依法注销登记的； （3）被保险人所驾驶的交通工具未依法按时进行或通过机动车安全技术检验等法律规定的定期或不定期安全检验。 14遗传性疾病指生殖细胞或受精卵的遗传物质（染色体和基因）发生突变或畸变所引起的疾病，通常具有由亲代传至后代的垂直传递的 特征。 15先天性畸形、变形或染色体异常指被保险人出生时就具有的畸形、变形或染色体异常。先天性畸形、变形和染色体异常依照世界卫生 组织《疾病和有关健康问题的国际统计分类》（ICD-10）确定。 16既往症指'}, {'content': '型外的其它瘢痕治疗和去除。纹身去除、皮肤变色的治疗或手术。 激光美容、除皱、除眼袋、开双眼皮、治疗斑秃、白发、秃发、脱发、植毛、 脱毛、隆鼻、隆胸以及各种矫形及生理缺陷的手术和检查治疗项目，包括但 不限于平足及各种非功能性整容、整形和矫形手术费用。各种健美治疗项目， 如营养、减肥、增胖、增高； （13） 不孕不育治疗、人工受精、怀孕、分娩（含难产）、流产、堕胎、 节育（含绝育）、产前产后检查以及由以上原因引起的并发症； （14） 包皮环切术、包皮气囊扩张术、性功能障碍治疗； （15） 除口腔肿瘤治疗外的口腔科（牙科）治疗； （16） 被保险人在进行符合以下一项或多项标准的高风险活动过程中发生 意外伤害事故导致的就医治疗： 32酒后驾驶指经检测或鉴定，发生事故时车辆驾驶人员每百毫升血液中的酒精含量达到或超过一定的标准，公安机关交通管理 部门依据《中华人民共和国道路交通安全法》的规定认定为饮酒'}, {'content': '在等待期内确诊指定疾病所产生的医疗费用，无论费用是否发生在等待期内，均不承担保险责任。在约定医院范围外接受诊疗，尤其是私立医院、公立医院特需部、VIP部、国际部或国际医疗中心的诊疗费用，不承担保险责任。此外，以下情况也不承担保险责任：体检、口腔科治疗；高风险活动过程中的意外伤害事故导致的就医治疗，包括但不限于潜水、自然水域游泳、跳水、跳伞、蹦极、非商业性驾驶飞机、滑翔机或滑翔伞、攀岩、探险、航空航天活动、搏击、特技表演、竞速运动等；接受实验性治疗、未经医生建议的治疗或未经医生处方的药品；虽有医生建议但未在医院进行的治疗和检查；未被治疗所在地权威部门批准的治疗或药品；康复科、康复中心的康复治疗费用；中草药及其泡制药酒费用；矫治和防护医疗器械、康复治疗医疗器械、假体、义肢、轮椅、按摩保健和治疗用品等非一次性使用医疗器械和非处方医疗器械的购买、租赁和置换费用。'}, {'content': '因以下情形导致被保险人住院治疗的，不承担给付保险金责任：（1）投保人故意杀害、故意伤害被保险人；（2）被保险人故意自杀、自伤、犯罪、抗拒刑事强制措施；（3）殴斗、醉酒、吸毒；（4）酒驾、无证驾驶、驾驶无证车辆；（5）核事故、战争、恐怖袭击、暴乱；（6）精神和行为障碍；（7）遗传性疾病、先天性畸形；（8）既往症及特别约定除外疾病；（9）感染艾滋病病毒或患艾滋病；（10）感染苍白螺旋体、淋病奈瑟菌；（11）疗养、矫形、视力矫正、美容、牙科保健、康复、非意外整容；（12）不孕不育治疗、人工受精、试管婴儿；（13）怀孕、流产、分娩、避孕、绝育手术、产前产后检查、更年期治疗；（14）健康检查、疗养、康复、特别护理；（15）实验性或研究性治疗；（16）未在正式病房住院；（17）未按医嘱治疗或服药；（18）在非约定医院就医；（19）境外就医；（20）保险合同生效前疾病或症状；（21）保险合同生效前 90 日内疾病或症状；（22）保险合同生效后 30 日内疾病或症状（因意外伤害导致的除外）。'}, {'content': ""Request error occurred: HTTPSConnectionPool(host='jiutian.10086.cn', port=443): Read timed out. (read timeout=30)""}, {'content': '下列疾病不在保障范围内：\n1. ICD-O-3肿瘤形态学编码属于0（良性肿瘤）、1（动态未定性肿瘤）、2（原位癌和非侵袭性癌）范畴的疾病，如原位癌、癌前病变、非浸润性癌、非侵袭性癌、交界性肿瘤等；\n2. TNM分期为Ⅰ期或更轻分期的甲状腺癌；\n3. TNM分期为T1N0M0期或更轻分期的前列腺癌；\n4. 黑色素瘤以外的未发生淋巴结和远处转移的皮肤恶性肿瘤；\n5. 相当于Binet分期方案A期程度的慢性淋巴细胞白血病；\n6. 相当于Ann Arbor分期方案Ⅰ期程度的何杰金氏病；\n7. 未发生淋巴结和远处转移且WHO分级为G1级别的神经内分泌肿瘤。\n\n其他不在保障范围内的疾病和情况：\n1. 非冠状动脉阻塞性疾病所引起的肌钙蛋白（cTn）升高；\n2. 因酗酒或药物滥用导致的肝衰竭、深度昏迷、植物人状态；\n3. 继发性帕金森综合征、帕金森叠加综合征；\n4. 酒精滥用造成的心肌病变、继发于全身性疾病或其他器官系统疾病造成的心肌病变；\n5. 精神心理因素所致的语言能力丧失；\n6. 所有未切开心脏的心脏瓣膜介入手术；\n7. 所有未实施开胸或开腹的动脉内介入治疗；\n8. 先天性心脏疾病直接或间接引起'}]",
移小保安欣保2.0长期医疗,产品：移小保安欣保2.0长期医疗	问题：保险期间是多长时间，可以保证续保吗？,"根据移小保安欣保2.0长期医疗的相关内容：

**保险期间**：该产品的保险期间为1年。

**续保情况**：本产品为费率可调型长期医疗保险，支持保证续保。但在以下情况下，保证续保期间将终止：

1. 投保时未履行如实告知义务
2. 在保险期间内解除保险合同
3. 保险期间结束后60日内未及时足额缴纳保费
4. 累计赔付达到保证续保期间内总赔付限额（800万元）
5. 合同效力中止且在保险期间届满时未恢复效力

**重要提示**：
- 保证续保期间内续保的保险费是不确定的
- 保证续保期间内总赔付限额为800万元
- 任一保险期间内赔付限额为400万元
- 保证续保期间届满时，如被保险人年满80周岁或产品停止销售，将不再接受重新投保申请","[{'content': '续保期间将一并终止： 1. 您在投保时对我们询问的问题未做如实回答，即未履行如实告知义务； 2. 您在本主险合同 1 年的保险期间内申请解除保险合同； 3. 您在任一保险期间结束后 60 日内没有及时足额缴纳应缴的保险费； 4. 我们向您赔付的保险金累计达到了保证续保期间内总赔付限额； 5. 本主险合同效力中止且在保险期间届满时未按“5.2 宽限期”的约定达 成协议恢复合同效力。 您在上述任一情形发生之后的投保或续保申请均等同于首次投保申请，我们 有权拒绝您的投保申请，即使我们同意了您的投保申请，您的保证续保期间 和等待期（详见 2.2 条保险责任）也将重新开始计算。 本主险合同属于费率可调型长期医疗保险，您在保证续保期间内续保时应缴 纳的保险费是不确定的，详见本条款第 6 条的约定和产品说明书。 \uf076 我们提供的保障 2.1 保险计划 2.2 保险责任 2.2.1 等待期 本主险合同的保证'}, {'content': '有关通知，均视为已送达给您。 9.5 效力终止 当发生下列情形之一时，本主险合同效力终止： （1）被保险人身故； （2）本主险合同中列明的其他合同解除或终止的情形。 附表1： 平安互联网长期（D）医疗保险（费率可调）计划表 年免赔额 保证续保期间内总赔付限额 保险期间内赔付限额 单位：人民币元 1 万（一般医疗保险金、特定疾病医疗保险金、重大疾病医疗保 险金及指定疾病康复医疗保险金四项责任共用，其他保险责任不 适用）。 *年免赔额可能小于 1 万元，具体以保险合同约定为准。 800 万元 400 万元 保险责任 单项责任对应的赔付限额/赔付比例 一般医疗保险金 1.住院医疗保险金 2.指定门诊急诊医疗保险金 3.住院前后门诊急诊医疗保险金（前后各 30 天） 特定疾病医疗保险金 1.特定疾病住院医疗保险金 2.特定疾病指定门诊急诊医疗保险金 3.特定疾病住院前后门诊急诊医疗保险金 （前后各'}, {'content': '额 1． 保险期间内赔付限额 在本主险合同保险期间内，我们赔付的各项医疗保险金的累计金额最高以保 险计划中约定的保险期间内各项保险责任对应的赔付限额为限，当各项医疗 保险金的累计赔付金额达到其赔付限额时，我们对该项医疗保险金的保险责 任终止。当各项医疗保险金的累计赔付金额达到保险计划约定的保险期间内 赔付限额时，在本主险合同该保险期间剩余期限内我们将不再承担保险责 任。 2． 保证续保期间内总赔付限额 在本主险合同保证续保期间内，基于连续投保的多份本保险产品赔付的所有 保险金之和以保险计划中约定的保证续保期间内总赔付限额为限。当我们在 保证续保期间内累计赔付的保险金之和达到保证续保期间内总赔付限额时， 本主险合同和保证续保期间将一并终止，我们不再承担保险责任。 对于上述各项保险责任，被保险人不论一次或多次进行治疗，我们均按上述 约定赔付保险金。 对于上述各项医疗保险金责任，若被保险人已从其'}, {'content': '院日限额 500 元 赔付比例为 100% 年限额 2 万 门诊次限额 300 元 住院日限额 500 元 一般情况下，赔付比例为 100%，但若被保险人在投保时选择以有 基本医疗保险或公费医疗身份投保，但该次就诊未经基本医疗保 险或公费医疗结算，则赔付比例为 60%。 1 万， 保证续保期间内限给付一次 年限额 200 万 1 万， 保证续保期间内限给付一次 —— 一般情况下，赔付比例为 100%， 但若被保险人在投保时选择以 有基本医疗保险或公费医疗身 份投保，但在用药时对于医保目 录内的特定药品未经基本医疗 保险或公费医疗结算，则赔付比 例为 60%。 年限额 2 万 赔付比例为 100% —— —— —— 健康管理服务 （1）健康咨询； （2）就医服务； （3）康复护理。 附表 2：平安互联网长期（D）医疗保险（费率可调）特定疾病清单 指被保险人初次发生符合下列定义的疾病，或初次接'}, {'content': '险期间届满时本保险的费率表足额缴纳应缴保险 费，才能继续享有本主险合同提供的保障。 每一保证续保期间届满时，如您在上一保险期间届满后 60 日内向我们提出 重新投保申请，我们将对被保险人做核保审核，如我们审核同意继续承保该 被保险人，将与您协商继续投保事宜。协商达成一致且您已按当时被保险人 适用的费率缴纳保险费，则进入下一保证续保期间。如本公司审核不同意， 将书面通知您不再接受该被保险人的投保申请。若保证续保期间届满时，被 保险人已年满 80 周岁（含 80 周岁）或者本产品已停止销售，我们不再接受 重新投保申请，但会向您提供投保其他保险产品的合理建议。 若发生下列情形之一的，本主险合同和保证续保期间将一并终止： 1. 您在投保时对我们询问的问题未做如实回答，即未履行如实告知义务； 2. 您在本主险合同 1 年的保险期间内申请解除保险合同； 3. 您在任一保险期间结束后 60 日内没有及时'}, {'content': '长期医疗保险，您在保证续保期间内续保时应缴 纳的保险费是不确定的，详见本条款第 6 条的约定和产品说明书。 \uf076 我们提供的保障 2.1 保险计划 2.2 保险责任 2.2.1 等待期 本主险合同的保证续保期间内总赔付限额、保险期间内赔付限额、各项责任 对应的赔付限额、赔付比例、免赔额等条款未尽内容详见保险计划表。 在本主险合同保险期间内，我们承担如下保险责任。本主险合同的保险责任 分为基本责任和可选责任。本主险合同可以仅包含基本责任，也可以在基本 责任基础上包含可选责任，但不能仅包含可选责任。 除另有约定外，自本主险合同保险期间开始日起 90 天内（含第 90 天）为等 待期。在等待期内被保险人确诊疾病，因该疾病所产生的医疗费用，无论此 等费用是否发生在等待期内，我们都不承担保险责任。 3保险事故指发生本主险合同保险责任范围内的事件。 被保险人在投保后至等待期结束前确诊本主险合同所附重大疾'}, {'content': '1年'}]","2, 31"
移小保安欣保2.0长期医疗,产品：移小保安欣保2.0长期医疗	问题：如何申请理赔，需要准备哪些材料？,"根据移小保安欣保2.0长期医疗保险条款，理赔申请流程及所需材料如下：

## 理赔申请流程

1. **保险事故通知**：在知道保险事故发生后10日内通知保险公司
2. **医院就诊要求**：必须在保险合同约定的医院就诊（急诊情况除外）
3. **及时转院**：如因急诊未在约定医院就诊，应在3日内通知保险公司，并在病情好转后及时转入约定医院

## 所需材料清单

### 基础必备材料：
- 保险金赔付申请书
- 保险合同
- 受益人的有效身份证件

### 根据不同保险金类型还需提供：

**一般医疗保险金、特定疾病医疗保险金等：**
- 医院出具的医疗诊断书
- 医疗病历或出院小结
- 检查检验报告及费用清单
- 医疗费用原始凭证和医疗费用结算清单
- 如有基本医保，需提供医疗费用补偿证明

**重大疾病保险金：**
- 约定医院专科医生出具的疾病诊断证明书
- 病历记录
- 确诊疾病必需的病理显微镜检查、血液检查、影像学检查等医学检验报告

**院外恶性肿瘤特定药品费用保险金：**
- 个人医疗保险理赔申请书原件
- 被保险人的有效身份证件正反面复印件
- 符合合同约定的药品处方
- 支持处方审核的全部证明材料

**院外恶性肿瘤特定用药基因检测费用保险金：**
- 除基础材料外，还需提供：
  - 病理检查报告
  - 基因检测机构提供的发票及检测报告

## 重要提醒
- 所有证明材料不完整时，保险公司会一次性通知补充
- 请确保在约定医院就诊，否则可能无法获得赔付
- 建议提前了解具体就诊医院是否符合合同约定范围","[{'content': '时转入约定的医院。被保险人 未在约定的医院就诊产生的医疗费用，我们不承担保险责任。 47赔付率=（本保险年度赔款金额+本保险年末未决赔款准备金－本保险年初未决赔款准备金）÷（本保险年度保费收入+本保险 年初未到期责任准备金－本保险年末未到期责任准备金）。 48行业平均赔付率由中国保险行业协会定期制作并发布。 7.3 保险金申请 在申请保险金时，请按照下列方式办理： 一 般 医 疗 保 险 金、特定疾病医 疗保险金、重大 疾 病 医 疗 保 险 金、指定疾病康 复医疗保险金、 院外恶性肿瘤特 定用药基因检测 费用保险金的申 请 重大疾病关爱保 险金的申请 院外恶性肿瘤特 定药品费用医疗 保险金的申请和 赔付 由受益人填写保险金赔付申请书，并提供下列证明和资料： （1） 保险合同； （2） 受益人的有效身份证件； （3） 医院出具的医疗诊断书、医疗病历或出院小结、检查检验报告及费用 清单； （'}, {'content': '补充提供有关证明 和资料。 由受益人填写保险金给付申请书，并提供下列证明和资料： （1） 保险合同； （2） 受益人的有效身份证件； （3） 由本主险合同约定的医院专科医生出具的疾病诊断证明书、病历记 录，以及由本主险合同约定的医院出具的确诊疾病必需的病理显微镜 检查、血液检查、影像学检查及其他医学检验报告； （4） 所能提供的与确认保险事故的性质、原因等有关的其他证明和资料。 以上证明和资料不完整的，我们将及时一次性通知受益人补充提供有关证明 和资料。 院外恶性肿瘤特定药品费用医疗保险金必须按以下流程申请保险金： 1．提交用药和保险金赔付申请 被保险人取得了符合本主险合同约定标准的药品处方，最晚应在处方有效期 到期前 1 个工作日内通过我们指定的渠道提交如下材料： （1）个人医疗保险理赔申请书原件； （2）被保险人的有效身份证件正反面复印件； （3）支持处方审核的全部证明、信息和证据，包'}, {'content': '道保险事故发生或者虽未及时通知但不影响我们确定保险事故的性质、原 因、损失程度的除外。 被保险人应在本主险合同中约定的医院就诊，若因急诊未在约定的医院就 诊的，应在 3 日内通知我们，并在病情好转后及时转入约定的医院。 6.3 保险金申请 在申请保险金时，请按照下列方式办理： 保险金申请 由受益人填写保险金赔付申请书，并提供下列证明和资料： （1） 保险合同； （2） 受益人的有效身份证件； （3） 医院出具的医疗诊断书、医疗病历或出院小结、检查检验报告及药 品明细处方； （4） 医院出具的医疗费用原始凭证和医疗费用结算清单（被保险人享有 基本医疗保险或公费医疗保障的，需包含按基本医疗保险或公费医 疗有关规定取得医疗费用补偿的证明）； （5） 所能提供的与确认保险事故的性质、原因等有关的其他证明和资料。 以上证明和资料不完整的，我们将及时一次性通知受益人补充提供有关证 明和资料。 6.4 '}, {'content': '查看服务手册。 \uf079\uf020如何支付保险费 5.1 保险费的支付 本主险合同的保险费按照被保险人的年龄、是否参加基本医疗保险或公费 医疗和您投保时选择的保险计划确定。您可以选择一次性全额支付保险 费，也可以根据合同约定分期支付保险费。 \uf07a\uf020如何领取保险金 6.1 受益人 除另有约定外，本主险合同的受益人为被保险人本人。 6.2 保险事故通知 请您、被保险人或受益人在知道保险事故发生后 10 日内通知我们。 如果您、被保险人或受益人故意或者因重大过失未及时通知，致使保险事 故的性质、原因、损失程度等难以确定的，我们对无法确定的部分，不承 担赔付保险金的责任，但我们通过其他途径已经及时知道或者应当及时知 道保险事故发生或者虽未及时通知但不影响我们确定保险事故的性质、原 因、损失程度的除外。 被保险人应在本主险合同中约定的医院就诊，若因急诊未在约定的医院就 诊的，应在 3 日内通知我们，并在病情好转后及'}, {'content': '申请和 赔付 由受益人填写保险金赔付申请书，并提供下列证明和资料： （1） 保险合同； （2） 受益人的有效身份证件； （3） 医院出具的医疗诊断书、医疗病历或出院小结、检查检验报告及费用 清单； （4） 医院出具的医疗费用原始凭证和医疗费用结算清单（被保险人享有基 本医疗保险或公费医疗保障的，需包含按基本医疗保险或公费医疗有 关规定取得医疗费用补偿的证明）； （5） 申请院外恶性肿瘤特定用药基因检测费用保险金的，还需要提供病理 检查报告、基因检测机构提供的发票及检测报告； （6） 所能提供的与确认保险事故的性质、原因等有关的其他证明和资料。 以上证明和资料不完整的，我们将及时一次性通知受益人补充提供有关证明 和资料。 由受益人填写保险金给付申请书，并提供下列证明和资料： （1） 保险合同； （2） 受益人的有效身份证件； （3） 由本主险合同约定的医院专科医生出具的疾病诊断证明书、病历记'}, {'content': '喉炎、水痘、狂犬病、流行性乙型脑炎。 7医院指中华人民共和国境内（香港、澳门及台湾地区除外）合法经营的二级以上（含二级）属事业单位性质的公立医院的普通 部（不包含公立医院的特需部、vip 部、国际部或国际医疗中心）以及本主险合同约定的其他医院。不包括疗养院、护理院、 以康复治疗为主要职能的医疗机构（如康复医院）、戒酒或戒毒中心、精神心理治疗中心以及无相应医护人员或设备的二级或 三级医院的联合医院或联合病房以及其他我们不承担保险责任的医院（具体以保险合同约定为准）。 特需部指设立于属事业单位性质的公立医院中，医疗费收费主体为属事业单位性质的公立医院，且产生的医疗费用满足以下条 件之一的诊疗部门： （1）在医疗费票据或清单中明确属特需医疗，如包含“特需”、“特需部”、“特需医疗”、“特需门诊”、“特需病房”、 “特需床位”等表述； （2）虽然未明确属特需医疗，但相关医疗费用与当地发改委、物价局'}, {'content': '意外门急诊保险金；指定疾病门急诊保险金。指定疾病包括：病毒性肝炎、麻疹、百日咳、白喉、新生儿破伤风、新冠病毒感染、甲流、乙流、手足口病、猴痘、肺炎、气管炎、支气管炎、幼儿急疹、肠炎、扁桃体炎、喉炎、水痘、狂犬病、流行性乙型脑炎。'}, {'content': '在保险期间内，被保险人因遭受意外伤害或在等待期后因疾病需住院治疗并入住重症监护病房的，我们将按重症监护病房住院津贴保险金日额×实际天数给付保险金，每次住院最多给付 30 日，累计最多给付 90 日。'}, {'content': '重大疾病保险金、轻度疾病保险金（可选责任）。保障范围包括但不限于：深度昏迷、双耳失聪、双目失明、瘫痪、心脏瓣膜手术、严重阿尔茨海默病、严重脑损伤、严重原发性帕金森病、严重Ⅲ度烧伤、严重特发性肺动脉高压、严重运动神经元病、语言能力丧失、重型再生障碍性贫血、主动脉手术、严重慢性呼吸衰竭、严重克罗恩病、严重溃疡性结肠炎、严重多发性硬化症、严重1型糖尿病、严重类风湿性关节炎、胆道重建手术、重症急性坏死性筋膜炎、严重系统性硬皮病、急性坏死胰腺炎开腹手术、严重原发性硬化性胆管炎、胆汁性肝硬化、颅脑手术、系统性红斑狼疮-Ⅲ型或以上狼疮性肾炎、严重结核性脑膜炎、经输血导致的人类免疫缺陷病毒（HIV）感染、丝虫病所致严重象皮肿、胰腺移植、严重慢性复发性胰腺炎、严重肾髓质囊性病、肺源性心脏病、特发性慢性肾上腺皮质功能衰竭、严重进行性核上性麻痹、严重哮喘、严重冠状动脉粥样硬化性心脏病、植物人状态、严重疯牛病、严重自身免疫性肝炎、一肢及单眼缺失、职业性HIV感染、破伤风、狂犬病、严重心肌炎、需手术切除的嗜铬细胞瘤、严重肠道疾病并发症、严重Ⅲ度房室传导阻滞、双侧肾切除或孤肾切除、严重感染性心内膜炎、败血症导致的'}, {'content': '在本主险合同保险期间内，我们承担如下保险责任：基本责任和可选责任。基本责任包括一般医疗保险金（住院、指定门诊急诊、住院前后门诊急诊）、特定疾病医疗保险金（住院、指定门诊急诊、住院前后门诊急诊）、重大疾病医疗保险金（住院、指定门诊急诊、住院前后门诊急诊、质子重离子）、指定疾病康复医疗保险金、重大疾病关爱保险金、院外恶性肿瘤特定药品费用医疗保险金、院外恶性肿瘤特定用药基因检测费用保险金。特定疾病包括原位癌、激光心肌血运重建术、心脏瓣膜介入手术、强直性脊柱炎的特定手术治疗、视力严重受损、单目失明、角膜移植、主动脉内手术、脑垂体瘤、脑囊肿、脑动脉瘤及脑血管瘤、特定面积Ⅲ度烧伤、轻度面部烧伤、面部重建手术、严重头部外伤、微创颅脑手术、原发性肺动脉高压、运动神经元病、单侧肺脏切除、于颈动脉进行血管成形术或内膜切除术、单耳失聪、人工耳蜗植入术、起搏器或除颤器植入、心包膜切除术、肝叶切除、单个肢体缺失、特定周围动脉疾病的血管介入治疗、早期原发性心肌病、肾脏切除等。重大疾病包括但不限于因疾病或意外伤害导致的肾脏严重损害、双侧卵巢或睾丸切除术、腔静脉过滤器植入术、肾上腺皮质腺瘤切除肾上腺、可逆性再生障碍性'}, {'content': '在本主险合同保险期间内，被保险人因遭受意外伤害事故或在等待期后因意外伤害以外的原因，经本主险合同约定的医院的专科医生确诊初次罹患本主险合同所附重大疾病清单定义的重大疾病，对于其在本主险合同约定的医院外购买的，用于治疗而产生的合理且必要的，必须由被保险人个人自行承担的，满足以下条件的院外重大疾病药品费用，我们依据2.1.3条的保险金计算方法结合补偿原则在院外重大疾病药品费用医疗保险金赔付限额内赔付院外重大疾病药品费用医疗保险金。重大疾病包括但不限于神经系统永久性功能障碍、深度昏迷、双耳失聪、双目失明、瘫痪、心脏瓣膜手术、严重阿尔茨海默病、严重脑损伤、严重原发性帕金森病、严重Ⅲ度烧伤、严重特发性肺动脉高压、严重运动神经元病、语言能力丧失、重型再生障碍性贫血、主动脉手术、严重慢性呼吸衰竭、严重克罗恩病、严重溃疡性结肠炎、侵蚀性葡萄胎、严重的原发性心肌病、严重感染性心内膜炎、严重肺源性心脏病、严重的Ⅲ度房室传导阻滞、严重冠心病、严重心肌炎、艾森门格综合征、风湿热导致的心脏瓣膜疾病、急性风湿热、心脏粘液瘤手术、严重大动脉炎、Brugada 综合征、严重继发性肺动脉高压、室壁瘤切除手术、严重心脏衰'}]",
移小保安欣保2.0长期医疗,产品：移小保安欣保2.0长期医疗	问题：家庭成员可以一起投保吗，有什么条件？,"根据移小保安欣保2.0长期医疗的相关内容：

**家庭成员可以一起投保**，但需要满足以下条件：

1. **家庭成员范围限制**：家庭成员仅指投保人的父母、子女以及投保时具有合法婚姻关系的配偶

2. **同时参保要求**：必须是在一次投保行为中同时为两名及以上符合条件的人员投保，且所有被保险人均需通过保险公司审核同意承保，才能形成家庭保单

3. **基本投保条件**：每位家庭成员都必须满足以下全部条件：
   - 在保险合同生效日前365天内在中国大陆累计居住至少183天
   - 符合投保年龄要求（首次投保年龄为0周岁至60周岁）
   - 身体健康状况能够通过保险公司的核保审核

**注意**：不接受非同时参保的被保险人保险单合并为家庭保单。","[{'content': '互联网特定疾病特需医疗保险合同”以下简称为“本主险合同”。 1.2 合同成立与生效 您提出投保申请，我们审核您的投保申请和被保险人健康状况后同意承 保，本主险合同成立。 本主险合同自我们同意承保，并签发保险合同时开始生效，我们承担保 险责任的时间以保险合同记载的保险期间为准。 1.3 保险对象 1.4 投保年龄 1.5 保障区域 1.6 犹豫期 本主险合同的保险对象（即被保险人）须满足以下全部条件： 1. 被保险人于本主险合同生效日前365天内在中华人民共和国（港澳台 除外）境内累计居住至少183天。若被保险人投保时不满1周岁，则被 保险人在中华人民共和国（港澳台除外）境内累计居住时间不少于自 出生之日起至投保之日止累计日数的二分之一； 2. 被保险人在保险期间开始之日符合1.4条投保年龄要求； 3. 被保险人的身体健康状况能够通过我们的核保审核。 您及您的家庭成员若均满足上述条件，可以同'}, {'content': '岁至 70 周岁，投保时被保险人为 0 周岁 的，应当为出生满 28 日且已健康出院的婴儿。 被保险人年满 99 周岁前（含 99 周岁），保险期间届满，可以重新向我们申请投 保本产品，并经过我们同意，交纳保险费，获得新的保险合同。 本主险合同的保障区域为中华人民共和国境内（除香港、澳门及台湾地区）。除 本主险合同另行约定外，被保险人在保险合同载明的保障区域外就医的，不属于 保险责任范围。 自您收到本主险合同电子保险单次日起，有15日的犹豫期。在此期间请您认真审 视本主险合同，如果您认为本主险合同与您的需求不相符，您可以在此期间提出 解除本主险合同，我们将无息退还您所支付的全部保险费。 解除本主险合同时，您需要填写申请书，并提供您的保险合同及有效身份证件。 自我们收齐上述资料时起，本主险合同即被解除，犹豫期内解除保险合同的，合 1同时参保指您在一次投保行为中同时为两名以上符合本主险合同约定'}, {'content': '新向我们申请投保本产品， 并经过我们同意，交纳保险费，获得新的保险合同。 本主险合同的保障区域为中国大陆（不包括港澳台）。除本主险合同另行 约定的特定医院外，被保险人在保险合同载明的保障区域外就医的，不 属于保险责任范围。 自您收到本主险合同电子保险单次日起，有15日的犹豫期。在此期间请 您认真审视本主险合同，如果您认为本主险合同与您的需求不相符，您 可以在此期间提出解除本主险合同，我们将无息退还您所支付的全部保 险费。 1同时参保指您在一次投保行为中为两名及以上符合本主险合同约定条件的被保险人申请投保且所有被保险人均被我们同意承 保的情况。 2周岁指按有效身份证件中记载的出生日期计算的年龄，自出生之日起为零周岁，每经过一年增加一岁，不足一年的不计。 解除本主险合同时，您需要填写申请书，并提供您的保险合同及有效身 份证件。自我们收齐上述资料时起，本主险合同即被解除，犹豫期内解 除保险合同的'}, {'content': '主险合同时，您需要填写申请书，并提供您的保险合同及有效身份证件。 自我们收齐上述资料时起，本主险合同即被解除，犹豫期内解除保险合同的，合 1同时参保指您在一次投保行为中同时为两名以上符合本主险合同约定条件的被保险人申请投保且所有被保险人均被我们同意承保的 情况。 2周岁指按有效身份证件中记载的出生日期计算的年龄，自出生之日起为零周岁，每经过一年增加一岁，不足一年的不计。 同解除前发生的保险事故3我们不承担保险责任，已经承担保险责任的情况下， 被保险人应当向我们退还已经支付的保险金，您对被保险人退还保险金应承担连 带责任。 1.7 保险 期间与不 保证 续保 本主险合同的保险期间为1年，不保证续保。保险期间届满，您需要重新向我们 申请投保本产品，并经我们同意，交纳保险费，获得新的保险合同。 若保险期间届满时，本主险产品已停止销售，我们不再接受投保申请，但会向您 提供投保其他保险产品的合理建议'}, {'content': '投保时具有合法婚姻关系的配偶。我们不接受 非同时参保的被保险人保险单合并为家庭保单。 指保险期间开始时被保险人的年龄，投保年龄以周岁2计算。 本主险合同接受的首次投保年龄为 0 周岁至 60 周岁，投保时被保险人为 0 周岁 的，应当为出生满 28 日且已健康出院的婴儿。被保险人年满 99 周岁前（含 99 周岁），保险期间届满，可以重新向我们申请投保本产品，并经过我们同意，交 纳保险费，获得新的保险合同。 自您收到本主险合同电子保险单次日起，有15日的犹豫期。在此期间请您认真审 视本主险合同，如果您认为本主险合同与您的需求不相符，您可以在此期间提出 解除本主险合同，我们将无息退还您所支付的全部保险费。 解除本主险合同时，您需要填写申请书，并提供您的保险合同及有效身份证件3。 自我们收齐上述资料时起，本主险合同即被解除，犹豫期内解除保险合同的，合 同解除前发生的保险事故4我们不承担保险责任'}, {'content': '您提出投保申请，我们审核您的投保申请和被保险人健康状况后同意承保， 本主险合同成立。 本主险合同自我们同意承保，并签发保险合同时开始生效，我们承担保险责 任的时间以保险合同记载的保险期间为准。 1.3 保险对象 1.4 投保年龄 1.5 保障区域 1.6 犹豫期 本主险合同的保险对象（即被保险人）须满足以下全部条件： 1. 被保险人于本主险合同生效日前365天内在中华人民共和国境内（除香 港、澳门及台湾地区）累计居住至少183天。若被保险人投保时不满1周 岁，则被保险人在中华人民共和国境内（除香港、澳门及台湾地区）累 计居住时间不少于自出生之日起至投保之日止累计日数的二分之一； 2. 被保险人在保证续保期间开始之日符合1.4条投保年龄要求； 3. 被保险人的身体健康状况能够通过我们的核保审核。 您及您的家庭成员若均满足上述条件，可以同时参保1本保险，形成家庭保 单。家庭成员仅指您的父母、子'}, {'content': '无对应取值。'}]",35
移小保安欣保2.0长期医疗,产品：移小保安欣保2.0长期医疗	问题：如果投保时年龄填写错误会有什么后果？,"根据移小保安欣保2.0长期医疗的条款规定，如果投保时年龄填写错误，将按照以下方式处理：

**年龄错误的处理方式：**
1. 如果被保险人真实年龄不符合保险合同约定的投保年龄限制（首次投保年龄为0-70周岁），保险公司有权解除合同，并向您退还保险合同的现金价值。

**具体影响：**
- 年龄是确定保险费率的重要依据，年龄错误可能导致保费计算不准确
- 若年龄错误影响到保险公司的承保决定，保险公司可能解除合同
- 请务必按照有效身份证件准确填写被保险人的出生日期

**建议：**
投保时应仔细核对被保险人的身份证件信息，确保年龄等个人信息准确无误，避免因信息错误影响保险保障的有效性。如发现年龄填写错误，建议及时联系保险公司进行更正。","[{'content': '分，不承担赔付保险金 的责任，但我们通过其他途径已经及时知道或者应当及时知道保险事故发生或者 虽未及时通知但不影响我们确定保险事故的性质、原因、损失程度的除外。 5.3 保险金申请 在申请保险金时，请按照下列方式办理： （1）被保险人所驾驶的交通工具未按中国法律规定取得行驶证等公共道路、公共水域或空域行驶资格证明； （2）被保险人所驾驶的交通工具被依法注销登记的； （3）被保险人所驾驶的交通工具未依法按时进行或通过机动车安全技术检验等法律规定的定期或不定期安全检验。 14遗传性疾病指生殖细胞或受精卵的遗传物质（染色体和基因）发生突变或畸变所引起的疾病，通常具有由亲代传至后代的垂直传递的 特征。 15先天性畸形、变形或染色体异常指被保险人出生时就具有的畸形、变形或染色体异常。先天性畸形、变形和染色体异常依照世界卫生 组织《疾病和有关健康问题的国际统计分类》（ICD-10）确定。 16既往症指'}, {'content': '的内容以书面或口头形式向您作出明确说明， 未作提示或者明确说明的，该条款不产生效力。 我们就您和被保险人的有关情况提出询问，您应当如实告知。我们的询问和您的 告知将记载于本主险合同中作为保险合同的重要组成部分。 如果您故意或者因重大过失未履行前款规定的如实告知义务，足以影响我们决定 是否同意承保或者提高保险费率的，我们有权解除本主险合同。 如果您故意不履行如实告知义务，对于本主险合同解除前发生的保险事故，我们 不承担给付保险金的责任，并不退还保险费。 如果您因重大过失未履行如实告知义务，对保险事故的发生有严重影响的，对于 本主险合同解除前发生的保险事故，我们不承担给付保险金的责任，但会退还保 险费。 我们在合同订立时已经知道您未如实告知的情况的，我们不得解除合同；发生保 险事故的，我们承担给付保险金的责任。 7.2 年龄与性别错误 您在申请投保时，应将与有效身份证件相符的被保险人的出生日期'}, {'content': '数不足 1 天的按 1 天计算。 \uf07b 其他需要关注的事项 7.1 明确 说明与如 实告 知 7.2 年龄错误 7.3 合同内容变更 订立本主险合同时，我们会向您说明本主险合同的内容。对本主险合同中免除我 们责任的条款，我们在订立合同时会在投保书、保险单或其他保险凭证上作出足 以引起您注意的提示，并对该条款的内容以书面或口头形式向您作出明确说明， 未作提示或者明确说明的，该条款不产生效力。 我们就您和被保险人的有关情况提出询问，您应当如实告知。我们的询问和您的 告知将记载于本主险合同中作为保险合同的重要组成部分。 如果您故意或者因重大过失未履行前款规定的如实告知义务，足以影响我们决定 是否同意承保或者提高保险费率的，我们有权解除本主险合同。 如果您故意不履行如实告知义务，对于本主险合同解除前发生的保险事故，我们 不承担赔付保险金的责任，并不退还保险费。 如果您因重大过失未履行如实告知义务，对'}, {'content': '作提示或者明确说明的，该条款不产生效力。 我们就您和被保险人的有关情况提出询问，您应当如实告知。我们的询问和 您的告知将记载于本主险合同中作为保险合同的重要组成部分。 如果您故意或者因重大过失未履行前款规定的如实告知义务，足以影响我们 决定是否同意承保或者提高保险费率的，我们有权解除本主险合同。 如果您故意不履行如实告知义务，对于本主险合同解除前发生的保险事故， 我们不承担赔付保险金的责任，并不退还保险费。 如果您因重大过失未履行如实告知义务，对保险事故的发生有严重影响的， 对于本主险合同解除前发生的保险事故，我们不承担赔付保险金的责任，但 会退还保险费。 我们在合同订立时已经知道您未如实告知的情况的，我们不得解除合同；发 生保险事故的，我们承担赔付保险金的责任。 您在申请投保时，应将与有效身份证件相符的被保险人的出生日期和性别在 投保书上填明，如果发生错误按照下列方式办理： （1）您申报'}, {'content': '险合同时，我们会向您说明本主险合同的内容。对本主险合同 中免除我们责任的条款，我们在订立合同时会在投保书、保险单或其他 保险凭证上作出足以引起您注意的提示，并对该条款的内容以书面或口 头形式向您作出明确说明，未作提示或者明确说明的，该条款不产生效 力。 我们就您和被保险人的有关情况提出询问，您应当如实告知。我们的询 问和您的告知将记载于本主险合同中作为保险合同的重要组成部分。 如果您故意或者因重大过失未履行前款规定的如实告知义务，足以影响 我们决定是否同意承保或者提高保险费率的，我们有权解除本主险合同。 如果您故意不履行如实告知义务，对于本主险合同解除前发生的保险事 故，我们不承担赔付保险金的责任，并不退还保险费。 如果您因重大过失未履行如实告知义务，对保险事故的发生有严重影响 的，对于本主险合同解除前发生的保险事故，我们不承担赔付保险金的 责任，但会退还保险费。 我们在合同订立时已经知道'}, {'content': '责任，并不退还保险费。 如果您因重大过失未履行如实告知义务，对保险事故的发生有严重影响 的，对于本主险合同解除前发生的保险事故，我们不承担赔付保险金的 责任，但会退还保险费。 我们在合同订立时已经知道您未如实告知的情况的，我们不得解除合同； 发生保险事故的，我们承担赔付保险金的责任。 您在申请投保时，应将与有效身份证件相符的被保险人的出生日期在投 7.2 年龄错误 保书上填明，如果发生错误按照下列方式办理： （1）您申报的被保险人年龄不真实，并且其真实年龄不符合本主险合同 约定投保年龄限制的，我们有权解除合同，并向您退还本主险合同的现 28现金价值的计算分两种情况： （1）本主险合同包含等待期的情况： 如果保险经过天数≤30 天，现金价值=已交保险费×（1-35%）； 如果保险经过天数＞30 天，现金价值=已交保险费×（1-35%）×[1-（保险经过天数-30）/（本合同生效日至保险费交至'}, {'content': '首次投保年龄为 0 周岁至 17 周岁，投保时被保险人为 0 周岁的，应当为出生满 28 日且已健康出院的婴儿。被保险人需在中华人民共和国境内（不包括香港、澳门及台湾地区）累计居住至少183天。'}, {'content': '首次投保年龄为 0 周岁至 70 周岁，0 周岁需为出生满 28 日且已健康出院的婴儿。被保险人可至 99 周岁前（含 99 周岁）续保。保障区域为中国大陆（不包括港澳台）。'}, {'content': '首次投保年龄为 0 周岁至 60 周岁，0 周岁需为出生满 28 日且已健康出院的婴儿。申请理赔时年龄须在三周岁以上。无性别和地区的限制。'}, {'content': '无对应取值。 \n\n注：提供的信息中存在矛盾，首次投保年龄为0周岁至70周岁，但又提到被保险人年龄必须在3周岁以上，无法确定最终适用人群的准确年龄范围。因此，无法提供有效的摘要整合。'}, {'content': '适用人群：年龄为0周岁至70周岁，首次投保时被保险人为0周岁的，应当为出生满28日且已健康出院的婴儿。被保险人可续保至99周岁。性别不限。地区为中国大陆（除香港、澳门及台湾地区）。'}]",53
移小保安欣保2.0长期医疗,产品：移小保安欣保2.0长期医疗	问题：保险事故发生后需要在多长时间内通知保险公司？,"根据移小保安欣保2.0长期医疗保险条款，关于保险事故通知时间的规定如下：

**保险事故通知时间要求：**
1. **一般情况下**：保险事故发生后应及时通知保险公司
2. **特殊情况**：如因急诊未在约定医院就诊，应在**3日内**通知保险公司，并在病情好转后及时转入约定医院

**重要提示：**
- 如果被保险人或受益人因故意或重大过失未及时通知，导致保险事故的性质、原因、损失程度难以确定的，保险公司对无法确定的部分不承担赔付责任
- 但通过其他途径已经及时知道或应当及时知道保险事故发生的除外
- 未在约定医院就诊产生的医疗费用，保险公司不承担保险责任

建议在保险事故发生后尽快通知保险公司，以确保理赔流程顺利进行。","[{'content': '道保险事故发生或者虽未及时通知但不影响我们确定保险事故的性质、原 因、损失程度的除外。 被保险人应在本主险合同中约定的医院就诊，若因急诊未在约定的医院就 诊的，应在 3 日内通知我们，并在病情好转后及时转入约定的医院。 6.3 保险金申请 在申请保险金时，请按照下列方式办理： 保险金申请 由受益人填写保险金赔付申请书，并提供下列证明和资料： （1） 保险合同； （2） 受益人的有效身份证件； （3） 医院出具的医疗诊断书、医疗病历或出院小结、检查检验报告及药 品明细处方； （4） 医院出具的医疗费用原始凭证和医疗费用结算清单（被保险人享有 基本医疗保险或公费医疗保障的，需包含按基本医疗保险或公费医 疗有关规定取得医疗费用补偿的证明）； （5） 所能提供的与确认保险事故的性质、原因等有关的其他证明和资料。 以上证明和资料不完整的，我们将及时一次性通知受益人补充提供有关证 明和资料。 6.4 '}, {'content': '数不足 1 天的按 1 天计算。 \uf07b 其他需要关注的事项 7.1 明确 说明与如 实告 知 7.2 年龄错误 7.3 合同内容变更 订立本主险合同时，我们会向您说明本主险合同的内容。对本主险合同中免除我 们责任的条款，我们在订立合同时会在投保书、保险单或其他保险凭证上作出足 以引起您注意的提示，并对该条款的内容以书面或口头形式向您作出明确说明， 未作提示或者明确说明的，该条款不产生效力。 我们就您和被保险人的有关情况提出询问，您应当如实告知。我们的询问和您的 告知将记载于本主险合同中作为保险合同的重要组成部分。 如果您故意或者因重大过失未履行前款规定的如实告知义务，足以影响我们决定 是否同意承保或者提高保险费率的，我们有权解除本主险合同。 如果您故意不履行如实告知义务，对于本主险合同解除前发生的保险事故，我们 不承担赔付保险金的责任，并不退还保险费。 如果您因重大过失未履行如实告知义务，对'}, {'content': '作提示或者明确说明的，该条款不产生效力。 我们就您和被保险人的有关情况提出询问，您应当如实告知。我们的询问和 您的告知将记载于本主险合同中作为保险合同的重要组成部分。 如果您故意或者因重大过失未履行前款规定的如实告知义务，足以影响我们 决定是否同意承保或者提高保险费率的，我们有权解除本主险合同。 如果您故意不履行如实告知义务，对于本主险合同解除前发生的保险事故， 我们不承担赔付保险金的责任，并不退还保险费。 如果您因重大过失未履行如实告知义务，对保险事故的发生有严重影响的， 对于本主险合同解除前发生的保险事故，我们不承担赔付保险金的责任，但 会退还保险费。 我们在合同订立时已经知道您未如实告知的情况的，我们不得解除合同；发 生保险事故的，我们承担赔付保险金的责任。 您在申请投保时，应将与有效身份证件相符的被保险人的出生日期和性别在 投保书上填明，如果发生错误按照下列方式办理： （1）您申报'}, {'content': '供下列证明和资料： （1） 保险合同； （2） 受益人的有效身份证件； （3） 医院出具的医疗诊断书、医疗病历或出院小结、检查检验报告及费用清单； （4） 医院出具的医疗费用原始凭证和医疗费用结算清单（被保险人享有基本医 疗保险或公费医疗保障的，需包含按基本医疗保险或公费医疗有关规定取 得医疗费用补偿的证明）； （5） 提供医院开具的处方笺复印件及院外药房的收费票据； （6） 所能提供的与确认保险事故的性质、原因等有关的其他证明和资料。 以上证明和资料不完整的，我们将及时一次性通知受益人补充提供有关证明和资 料。 我们在收到保险金的赔付申请书及上述有关证明和资料后，将在 5 日内作出核 定；情形复杂的，在 30 日内作出核定。 对属于保险责任的，我们在与受益人达成赔付保险金的协议后 10 日内，履行赔 付保险金义务；若我们在收到保险金赔付申请书及上述有关证明和资料后第 30 日仍未作出核定'}, {'content': '保险人或受益人故意或者因重大过失未及时通知，致使保险 事故的性质、原因、损失程度等难以确定的，我们对无法确定的部分， 不承担赔付保险金的责任，但我们通过其他途径已经及时知道或者应当 及时知道保险事故发生或者虽未及时通知但不影响我们确定保险事故的 性质、原因、损失程度的除外。 被保险人未在约定的医院就诊产生的医疗费用，我们不承担保险责任。 5.3 保险金申请 在申请保险金时，请按照下列方式办理： 由受益人填写保险金赔付申请书，并提供下列证明和资料： （1） 保险合同； （2） 受益人的有效身份证件； （3） 医院出具的医疗诊断书、医疗病历、检查检验报告及费用清单； （4） 医院出具的医疗费用原始凭证和医疗费用结算清单（被保险人享 有基本医疗保险或公费医疗保障的，需包含按基本医疗保险或公费医疗 有关规定取得医疗费用补偿的证明）； （5） 所能提供的与确认保险事故的性质、原因等有关的其他证明和资'}, {'content': '的事项 \uf076 我们对免除保险人责任的条款作了特别提示，详见条款正文中背景突出显示的内容 ………………………………………………………………………………………………….2.2、3.1、3.2、7.2、脚注 \uf076 退保会给您造成一定的损失，请您慎重决策………………………………………………………………6.1 \uf076 您有及时向我们通知保险事故的责任 ………………………………………………………………………5.2 \uf076 我们对一些重要术语进行了解释，并作了显著标识，请您注意 ……………………………脚注 \uf076 本主险合同的保险期间为1年………………………………………………………………………………………1.6 \uf043条款是保险合同的重要内容，为充分保障您的权益，请您仔细阅读本条款。条款目录如下： 7.其他需要关注的事 项 7.1 明 确 说 明 与 如 实告知 7.2 年龄与性别错 误 7.3 合同内容变更 7.4 联系'}, {'content': '意外门急诊保险金；指定疾病门急诊保险金。指定疾病包括：病毒性肝炎、麻疹、百日咳、白喉、新生儿破伤风、新冠病毒感染、甲流、乙流、手足口病、猴痘、肺炎、气管炎、支气管炎、幼儿急疹、肠炎、扁桃体炎、喉炎、水痘、狂犬病、流行性乙型脑炎。'}, {'content': '在保险期间内，被保险人因遭受意外伤害或在等待期后因疾病需住院治疗并入住重症监护病房的，我们将按重症监护病房住院津贴保险金日额×实际天数给付保险金，每次住院最多给付 30 日，累计最多给付 90 日。'}, {'content': '重大疾病保险金、轻度疾病保险金（可选责任）。保障范围包括但不限于：深度昏迷、双耳失聪、双目失明、瘫痪、心脏瓣膜手术、严重阿尔茨海默病、严重脑损伤、严重原发性帕金森病、严重Ⅲ度烧伤、严重特发性肺动脉高压、严重运动神经元病、语言能力丧失、重型再生障碍性贫血、主动脉手术、严重慢性呼吸衰竭、严重克罗恩病、严重溃疡性结肠炎、严重多发性硬化症、严重1型糖尿病、严重类风湿性关节炎、胆道重建手术、重症急性坏死性筋膜炎、严重系统性硬皮病、急性坏死胰腺炎开腹手术、严重原发性硬化性胆管炎、胆汁性肝硬化、颅脑手术、系统性红斑狼疮-Ⅲ型或以上狼疮性肾炎、严重结核性脑膜炎、经输血导致的人类免疫缺陷病毒（HIV）感染、丝虫病所致严重象皮肿、胰腺移植、严重慢性复发性胰腺炎、严重肾髓质囊性病、肺源性心脏病、特发性慢性肾上腺皮质功能衰竭、严重进行性核上性麻痹、严重哮喘、严重冠状动脉粥样硬化性心脏病、植物人状态、严重疯牛病、严重自身免疫性肝炎、一肢及单眼缺失、职业性HIV感染、破伤风、狂犬病、严重心肌炎、需手术切除的嗜铬细胞瘤、严重肠道疾病并发症、严重Ⅲ度房室传导阻滞、双侧肾切除或孤肾切除、严重感染性心内膜炎、败血症导致的'}, {'content': '在本主险合同保险期间内，我们承担如下保险责任：基本责任和可选责任。基本责任包括一般医疗保险金（住院、指定门诊急诊、住院前后门诊急诊）、特定疾病医疗保险金（住院、指定门诊急诊、住院前后门诊急诊）、重大疾病医疗保险金（住院、指定门诊急诊、住院前后门诊急诊、质子重离子）、指定疾病康复医疗保险金、重大疾病关爱保险金、院外恶性肿瘤特定药品费用医疗保险金、院外恶性肿瘤特定用药基因检测费用保险金。特定疾病包括原位癌、激光心肌血运重建术、心脏瓣膜介入手术、强直性脊柱炎的特定手术治疗、视力严重受损、单目失明、角膜移植、主动脉内手术、脑垂体瘤、脑囊肿、脑动脉瘤及脑血管瘤、特定面积Ⅲ度烧伤、轻度面部烧伤、面部重建手术、严重头部外伤、微创颅脑手术、原发性肺动脉高压、运动神经元病、单侧肺脏切除、于颈动脉进行血管成形术或内膜切除术、单耳失聪、人工耳蜗植入术、起搏器或除颤器植入、心包膜切除术、肝叶切除、单个肢体缺失、特定周围动脉疾病的血管介入治疗、早期原发性心肌病、肾脏切除等。重大疾病包括但不限于因疾病或意外伤害导致的肾脏严重损害、双侧卵巢或睾丸切除术、腔静脉过滤器植入术、肾上腺皮质腺瘤切除肾上腺、可逆性再生障碍性'}, {'content': '在本主险合同保险期间内，被保险人因遭受意外伤害事故或在等待期后因意外伤害以外的原因，经本主险合同约定的医院的专科医生确诊初次罹患本主险合同所附重大疾病清单定义的重大疾病，对于其在本主险合同约定的医院外购买的，用于治疗而产生的合理且必要的，必须由被保险人个人自行承担的，满足以下条件的院外重大疾病药品费用，我们依据2.1.3条的保险金计算方法结合补偿原则在院外重大疾病药品费用医疗保险金赔付限额内赔付院外重大疾病药品费用医疗保险金。重大疾病包括但不限于神经系统永久性功能障碍、深度昏迷、双耳失聪、双目失明、瘫痪、心脏瓣膜手术、严重阿尔茨海默病、严重脑损伤、严重原发性帕金森病、严重Ⅲ度烧伤、严重特发性肺动脉高压、严重运动神经元病、语言能力丧失、重型再生障碍性贫血、主动脉手术、严重慢性呼吸衰竭、严重克罗恩病、严重溃疡性结肠炎、侵蚀性葡萄胎、严重的原发性心肌病、严重感染性心内膜炎、严重肺源性心脏病、严重的Ⅲ度房室传导阻滞、严重冠心病、严重心肌炎、艾森门格综合征、风湿热导致的心脏瓣膜疾病、急性风湿热、心脏粘液瘤手术、严重大动脉炎、Brugada 综合征、严重继发性肺动脉高压、室壁瘤切除手术、严重心脏衰'}]",31
移小保安欣保2.0长期医疗,产品：移小保安欣保2.0长期医疗	问题：退保会带来哪些损失？,"根据移小保安欣保2.0长期医疗保险条款，退保将带来以下损失：

## 主要损失

**1. 经济损失**
- 退保时只能获得保单的现金价值，而非全额已交保费
- 现金价值计算公式：
  - 若保险经过天数≤90天：现金价值=已交保险费×(1-35%)
  - 若保险经过天数＞90天：现金价值=已交保险费×(1-35%)×[1-(保险经过天数-90)/(合同生效日至保险费交至日的天数-90)]

**2. 保障损失**
- 退保后立即失去医疗保障
- 保证续保权利终止（本产品保证续保期间为20年）
- 重新投保时可能因年龄增长、健康状况变化而面临更高保费或拒保风险

**3. 其他风险**
- 合同解除前发生的保险事故，保险公司不承担保险责任
- 若已获得保险金赔付，可能需要退还已支付的保险金

## 建议
退保决策需慎重考虑，建议在充分了解损失情况后，结合自身保障需求做出决定。如有疑问，可咨询保险公司客服获取更详细的退保金额测算。","[{'content': '的长期医疗保险，在保证续保期间内保险费率有可能调整……1.7、6 \uf076 我们对需要您仔细阅读的条款作了特别提示，详见条款正文中背景突出显示的内容 ……………………………………………………………2.2、3.1、3.2、9.1、9.2、脚注 \uf076 退保会给您造成一定的损失，请您慎重决策……………………………………………8.1 \uf076 费用补偿型医疗保险是适用补偿原则的………………………………………………2.2.13 \uf076 您有及时向我们通知保险事故的责任……………………………………………………7.2 \uf076 我们对一些重要术语进行了解释，并作了显著标识，请您注意………………………脚注 \uf076 本主险合同的保险期间为1年，保证续保………………………………………………………………………1.7 \uf043\uf020条款是保险合同的重要内容，为充分保障您的权益，请您仔细阅读本条款。条款目录如下： 1.您与我们的合同 1.1 合同构成 '}, {'content': '不计。 1.7 保 险 期 间 与 保 证 续保 同的，合同解除前发生的保险事故3我们不承担保险责任，已经承担保险责 任的情况下，被保险人应当向我们退还已经支付的保险金，您对被保险人退 还保险金应承担连带责任。 本主险合同是费率可调的保证续保型医疗保险合同，保险期间为 1 年，保证 续保期间为 20 年。保证续保期间自您首次投保本主险合同的保险期间开始 之日起计算。 在保证续保期间内，我们不因被保险人的身体状况或历史理赔情况而拒绝您 的续保申请且本产品的停售也不影响您的保证续保权。保证续保期间内，如 您未明确声明不再续保，本主险合同将自动续保，但您需要在每一个保险期 间届满后 60 日内按该保险期间届满时本保险的费率表足额缴纳应缴保险 费，才能继续享有本主险合同提供的保障。 每一保证续保期间届满时，如您在上一保险期间届满后 60 日内向我们提出 重新投保申请，我们将对被保险人做核保审核，如'}, {'content': '生 组织《疾病和有关健康问题的国际统计分类》第十次修订版（ICD-10）确定。 19现金价值的计算分两种情况： （1）本主险合同包含等待期的情况： 如果保险经过天数≤90 天，现金价值=已交保险费×（1-35%）； 如果保险经过天数＞90 天，现金价值=已交保险费×（1-35%）×[1－(保险经过天数-90) /（本合同生效日至保险费交至日的天数-90）]， 经过天数不足 1 天的按 1 天计算。 （2）本主险合同免除等待期的情况： 现金价值=已交保险费×（1-35%）×（1－保险经过天数/本合同生效日至保险费交至日的天数），经过天数不足 1 天的按 1 天计算。 3.2 其他免责条款 除“3.1 责任免除”外，本主险合同中还有一些免除保险人责任的条款，详见 “2.2 保险责任”、“7.2 年龄与性别错误”、脚注和附表中背景突出显示的内容。 \uf078\uf020 如何支付保险费 4.1 保险费的支付 本主'}, {'content': '，我们在订立合同时会在投保书、保险单或其他保险 凭证上作出足以引起您注意的提示，并对该条款的内容以书面或口头形式 向您作出明确说明，未作提示或者明确说明的，该条款不产生效力。 我们就您和被保险人的有关情况提出询问，您应当如实告知。我们的询问 44现金价值的计算分两种情况： （1）本主险合同包含等待期的情况： 如果保险经过天数≤90 天，现金价值=已交保险费×（1-35%）； 如果保险经过天数＞90 天，现金价值=已交保险费×（1-35%）×[1－(保险经过天数-90) / （本合同生效日至保险费交至 日的天数-90）]，经过天数不足 1 天的按 1 天计算。 （2）本主险合同免除等待期的情况： 现金价值=已交保险费×（1-35%）×（1－保险经过天数/本合同生效日至保险费交至日的天数），经过天数不足 1 天的按 1 天计算。 和您的告知将记载于本主险合同中作为保险合同的重要组成部分。 如果'}, {'content': '主险合同的现金价值21。 您解除合同会遭受一定损失。 \uf07b\uf020其他需要关注的事项 7.1 明确说明与如实 告知 订立本主险合同时，我们会向您说明本主险合同的内容。对本主险合同 中免除我们责任的条款，我们在订立合同时会在投保书、保险单或其他 保险凭证上作出足以引起您注意的提示，并对该条款的内容以书面或口 头形式向您作出明确说明，未作提示或者明确说明的，该条款不产生效 力。 我们就您和被保险人的有关情况提出询问，您应当如实告知。我们的询 问和您的告知将记载于本主险合同中作为保险合同的重要组成部分。 如果您故意或者因重大过失未履行前款规定的如实告知义务，足以影响 我们决定是否同意承保或者提高保险费率的，我们有权解除本主险合同。 如果您故意不履行如实告知义务，对于本主险合同解除前发生的保险事 故，我们不承担给付保险金的责任，并不退还保险费。 如果您因重大过失未履行如实告知义务，对保险事故的发生有严重影'}, {'content': '将不承担保险责任。 具体如下： 1. 住院医疗保险金 被保险人因特定疾病清单和重大疾病清单以外的疾病或意外伤害经医院诊 断必须住院治疗的，对于被保险人住院期间发生的必须由被保险人个人自行 承担的合理且必要的床位费7、陪床费8、重症监护室床位费9、膳食费10、护 理费11、治疗费12、检查检验费13、药品和医疗器械赔付目录范围内的药品费14 6医院指中华人民共和国境内（除香港、澳门及台湾地区）合法经营的二级以上（含二级）属事业单位性质的公立医院的普通部 （不包含公立医院的特需部、vip 部、国际部或国际医疗中心）以及本主险合同约定的其他医院。不包括疗养院、护理院、以 康复治疗为主要职能的医疗机构（如康复医院）、戒酒或戒毒中心、精神心理治疗中心以及无相应医护人员或设备的二级或三 级医院的联合医院或联合病房以及其他我们不承担保险责任的医院（具体以保险合同约定为准）。 特需部指设立于属事业单位性质'}]","25, 47"
移小保安欣保2.0长期医疗,产品：移小保安欣保2.0长期医疗	问题：保险金额是如何确定的？,"根据移小保安欣保2.0长期医疗险的相关条款，保险金额的确定方式如下：

**保险金额的确定依据：**
本主险合同的保险费按照以下四个因素确定：
1. **被保险人的年龄**
2. **被保险人的性别**
3. **投保时选择的保险计划**
4. **基本保险金额**

**具体说明：**
- 保险公司会根据上述四个核心因素综合计算确定最终的保险金额
- 您可以选择一次性全额支付保险费，也可以根据合同约定分期支付保险费

**其他相关限额说明：**
该产品还设置了以下赔付限额：
1. **保险期间内赔付限额**：各项医疗保险金的累计赔付金额达到约定限额时，该项保险责任终止
2. **保证续保期间内总赔付限额**：保证续保期间内累计赔付达到总限额时，合同和保证续保期间将一并终止

建议您在投保时仔细阅读保险计划中关于各项保险责任对应的具体赔付限额，以便全面了解您的保障范围。","[{'content': '生 组织《疾病和有关健康问题的国际统计分类》第十次修订版（ICD-10）确定。 19现金价值的计算分两种情况： （1）本主险合同包含等待期的情况： 如果保险经过天数≤90 天，现金价值=已交保险费×（1-35%）； 如果保险经过天数＞90 天，现金价值=已交保险费×（1-35%）×[1－(保险经过天数-90) /（本合同生效日至保险费交至日的天数-90）]， 经过天数不足 1 天的按 1 天计算。 （2）本主险合同免除等待期的情况： 现金价值=已交保险费×（1-35%）×（1－保险经过天数/本合同生效日至保险费交至日的天数），经过天数不足 1 天的按 1 天计算。 3.2 其他免责条款 除“3.1 责任免除”外，本主险合同中还有一些免除保险人责任的条款，详见 “2.2 保险责任”、“7.2 年龄与性别错误”、脚注和附表中背景突出显示的内容。 \uf078\uf020 如何支付保险费 4.1 保险费的支付 本主'}, {'content': '，您将失去保证续保的权利。 \uf07b 如何领取保险金 7.1 受益人 除另有约定外，本主险合同的受益人为被保险人本人。 7.2 保险事故通知 请您、被保险人或受益人在知道保险事故发生后 10 日内通知我们。 如果您、被保险人或受益人故意或者因重大过失未及时通知，致使保险事故 的性质、原因、损失程度等难以确定的，我们对无法确定的部分，不承担赔 付保险金的责任，但我们通过其他途径已经及时知道或者应当及时知道保险 事故发生或者虽未及时通知但不影响我们确定保险事故的性质、原因、损失 程度的除外。 被保险人应在本主险合同中约定的医院就诊，若因急诊未在约定的医院就诊 的，应在 3 日内通知我们，并在病情好转后及时转入约定的医院。被保险人 未在约定的医院就诊产生的医疗费用，我们不承担保险责任。 47赔付率=（本保险年度赔款金额+本保险年末未决赔款准备金－本保险年初未决赔款准备金）÷（本保险年度保费收入+本保险'}, {'content': '.1 责任免除”外，本主险合同中还有一些免除保险人责任的条款，详见 “2.2 保险责任”、“7.2 年龄与性别错误”、脚注和附表中背景突出显示的内容。 \uf078\uf020 如何支付保险费 4.1 保险费的支付 本主险合同的保险费按照被保险人的年龄、性别、您投保时选择的保险计划以及 基本保险金额确定。您可以选择一次性全额支付保险费，也可以根据合同约定分 期支付保险费。 \uf079\uf020 如何领取保险金 5.1 受益人 除另有约定外，本主险合同的重大疾病保险金和轻度疾病保险金受益人均为被保 险人本人。 5.2 保险事故通知 请您、被保险人或受益人在知道保险事故发生后 10 日内通知我们。 如果您、被保险人或受益人故意或者因重大过失未及时通知，致使保险事故的性 质、原因、损失程度等难以确定的，我们对无法确定的部分，不承担给付保险金 的责任，但我们通过其他途径已经及时知道或者应当及时知道保险事故发生或者 虽未及时通知但不影'}, {'content': '额 1． 保险期间内赔付限额 在本主险合同保险期间内，我们赔付的各项医疗保险金的累计金额最高以保 险计划中约定的保险期间内各项保险责任对应的赔付限额为限，当各项医疗 保险金的累计赔付金额达到其赔付限额时，我们对该项医疗保险金的保险责 任终止。当各项医疗保险金的累计赔付金额达到保险计划约定的保险期间内 赔付限额时，在本主险合同该保险期间剩余期限内我们将不再承担保险责 任。 2． 保证续保期间内总赔付限额 在本主险合同保证续保期间内，基于连续投保的多份本保险产品赔付的所有 保险金之和以保险计划中约定的保证续保期间内总赔付限额为限。当我们在 保证续保期间内累计赔付的保险金之和达到保证续保期间内总赔付限额时， 本主险合同和保证续保期间将一并终止，我们不再承担保险责任。 对于上述各项保险责任，被保险人不论一次或多次进行治疗，我们均按上述 约定赔付保险金。 对于上述各项医疗保险金责任，若被保险人已从其'}, {'content': '上道路行驶的供人员乘用或者用于运送物品以及进行工程专项作业的轮式车辆。 16艾滋病病毒指人类免疫缺陷病毒，英文缩写为 HIV。艾滋病指人类免疫缺陷病毒引起的获得性免疫缺陷综合征，英文缩写为 AIDS。在 人体血液或其他样本中检测到艾滋病病毒或其抗体呈阳性，没有出现临床症状或体征的，为感染艾滋病病毒；如果同时出现了明显临 床症状或体征的，为患艾滋病。 17遗传性疾病指生殖细胞或受精卵的遗传物质（染色体和基因）发生突变或畸变所引起的疾病，通常具有由亲代传至后代的垂直传递的 特征。 18先天性畸形、变形或染色体异常指被保险人出生时就具有的畸形、变形或染色体异常。先天性畸形、变形和染色体异常依照世界卫生 组织《疾病和有关健康问题的国际统计分类》第十次修订版（ICD-10）确定。 19现金价值的计算分两种情况： （1）本主险合同包含等待期的情况： 如果保险经过天数≤90 天，现金价值=已交保险费×（'}, {'content': '疗保险 金保险责任范围内的医疗费用补偿。 举例来说，假设免赔额为 10000 元，如被保险人在保险期间内第一次就诊由 被保险人自行承担的、属于保险责任范围内的医疗费用为 8000 元，针对本 次就诊理赔后免赔额余额为 2000 元，本次赔付为 0 元；如第二次就诊由被 保险人自行承担的、属于保险责任范围内的医疗费用为 6000 元，则针对本 次就诊理赔后的免赔额余额为 0 元，本次赔付为 4000 元乘以赔付比例。由 于免赔额已抵扣完毕，在该保险期间剩余保险期限内，不再需要抵扣免赔额。 首次投保情况下，本主险合同的免赔额为 1 万元，保险期间届满续保时如同 一保单中同时参加本保险的被保险人均未发生过本主险合同理赔，则下一保 险期间保险合同免赔额下调 1000 元，即免赔额为 9000 元。后续保险期间以 此类推。如保险合同免赔额已下调至 5000 元，则不再继续下调。如某一保 险期间届满续'}, {'content': '意外门急诊保险金；指定疾病门急诊保险金。指定疾病包括：病毒性肝炎、麻疹、百日咳、白喉、新生儿破伤风、新冠病毒感染、甲流、乙流、手足口病、猴痘、肺炎、气管炎、支气管炎、幼儿急疹、肠炎、扁桃体炎、喉炎、水痘、狂犬病、流行性乙型脑炎。'}, {'content': '在保险期间内，被保险人因遭受意外伤害或在等待期后因疾病需住院治疗并入住重症监护病房的，我们将按重症监护病房住院津贴保险金日额×实际天数给付保险金，每次住院最多给付 30 日，累计最多给付 90 日。'}, {'content': '重大疾病保险金、轻度疾病保险金（可选责任）。保障范围包括但不限于：深度昏迷、双耳失聪、双目失明、瘫痪、心脏瓣膜手术、严重阿尔茨海默病、严重脑损伤、严重原发性帕金森病、严重Ⅲ度烧伤、严重特发性肺动脉高压、严重运动神经元病、语言能力丧失、重型再生障碍性贫血、主动脉手术、严重慢性呼吸衰竭、严重克罗恩病、严重溃疡性结肠炎、严重多发性硬化症、严重1型糖尿病、严重类风湿性关节炎、胆道重建手术、重症急性坏死性筋膜炎、严重系统性硬皮病、急性坏死胰腺炎开腹手术、严重原发性硬化性胆管炎、胆汁性肝硬化、颅脑手术、系统性红斑狼疮-Ⅲ型或以上狼疮性肾炎、严重结核性脑膜炎、经输血导致的人类免疫缺陷病毒（HIV）感染、丝虫病所致严重象皮肿、胰腺移植、严重慢性复发性胰腺炎、严重肾髓质囊性病、肺源性心脏病、特发性慢性肾上腺皮质功能衰竭、严重进行性核上性麻痹、严重哮喘、严重冠状动脉粥样硬化性心脏病、植物人状态、严重疯牛病、严重自身免疫性肝炎、一肢及单眼缺失、职业性HIV感染、破伤风、狂犬病、严重心肌炎、需手术切除的嗜铬细胞瘤、严重肠道疾病并发症、严重Ⅲ度房室传导阻滞、双侧肾切除或孤肾切除、严重感染性心内膜炎、败血症导致的'}, {'content': '在本主险合同保险期间内，我们承担如下保险责任：基本责任和可选责任。基本责任包括一般医疗保险金（住院、指定门诊急诊、住院前后门诊急诊）、特定疾病医疗保险金（住院、指定门诊急诊、住院前后门诊急诊）、重大疾病医疗保险金（住院、指定门诊急诊、住院前后门诊急诊、质子重离子）、指定疾病康复医疗保险金、重大疾病关爱保险金、院外恶性肿瘤特定药品费用医疗保险金、院外恶性肿瘤特定用药基因检测费用保险金。特定疾病包括原位癌、激光心肌血运重建术、心脏瓣膜介入手术、强直性脊柱炎的特定手术治疗、视力严重受损、单目失明、角膜移植、主动脉内手术、脑垂体瘤、脑囊肿、脑动脉瘤及脑血管瘤、特定面积Ⅲ度烧伤、轻度面部烧伤、面部重建手术、严重头部外伤、微创颅脑手术、原发性肺动脉高压、运动神经元病、单侧肺脏切除、于颈动脉进行血管成形术或内膜切除术、单耳失聪、人工耳蜗植入术、起搏器或除颤器植入、心包膜切除术、肝叶切除、单个肢体缺失、特定周围动脉疾病的血管介入治疗、早期原发性心肌病、肾脏切除等。重大疾病包括但不限于因疾病或意外伤害导致的肾脏严重损害、双侧卵巢或睾丸切除术、腔静脉过滤器植入术、肾上腺皮质腺瘤切除肾上腺、可逆性再生障碍性'}, {'content': '在本主险合同保险期间内，被保险人因遭受意外伤害事故或在等待期后因意外伤害以外的原因，经本主险合同约定的医院的专科医生确诊初次罹患本主险合同所附重大疾病清单定义的重大疾病，对于其在本主险合同约定的医院外购买的，用于治疗而产生的合理且必要的，必须由被保险人个人自行承担的，满足以下条件的院外重大疾病药品费用，我们依据2.1.3条的保险金计算方法结合补偿原则在院外重大疾病药品费用医疗保险金赔付限额内赔付院外重大疾病药品费用医疗保险金。重大疾病包括但不限于神经系统永久性功能障碍、深度昏迷、双耳失聪、双目失明、瘫痪、心脏瓣膜手术、严重阿尔茨海默病、严重脑损伤、严重原发性帕金森病、严重Ⅲ度烧伤、严重特发性肺动脉高压、严重运动神经元病、语言能力丧失、重型再生障碍性贫血、主动脉手术、严重慢性呼吸衰竭、严重克罗恩病、严重溃疡性结肠炎、侵蚀性葡萄胎、严重的原发性心肌病、严重感染性心内膜炎、严重肺源性心脏病、严重的Ⅲ度房室传导阻滞、严重冠心病、严重心肌炎、艾森门格综合征、风湿热导致的心脏瓣膜疾病、急性风湿热、心脏粘液瘤手术、严重大动脉炎、Brugada 综合征、严重继发性肺动脉高压、室壁瘤切除手术、严重心脏衰'}]","46, 47, 48"
移小保安欣保2.0长期医疗,产品：移小保安欣保2.0长期医疗	问题：哪些医疗费用不在保障范围内？,"根据移小保安欣保2.0长期医疗保险条款，以下医疗费用不在保障范围内：

**一、特定疾病不保障**
1. 脊柱裂（不包括X线摄片发现的隐形脊柱裂）
2. 严重面部烧伤（需Ⅲ度烧伤且面积达面部80%以上）
3. 特定早期癌症：原位癌、癌前病变、交界性肿瘤等
4. 早期甲状腺癌（TNM分期Ⅰ期或更轻）
5. 早期前列腺癌（TNM分期T1N0M0期或更轻）

**二、特定情形不保障**
1. 艾滋病感染（除特定器官移植医疗事故导致的艾滋病外）
2. 遗传性疾病和先天性畸形、变形或染色体异常
3. 既往症及保险合同特别约定的除外疾病
4. 等待期内确诊的疾病

**三、特定医疗行为不保障**
1. 体检、口腔科治疗
2. 疗养、矫形、视力矫正、美容、牙科保健
3. 不孕不育治疗、人工受精、试管婴儿
4. 怀孕、流产、分娩及相关检查
5. 康复治疗、特别护理
6. 实验性或研究性治疗
7. 各类医疗鉴定

**四、特定情况不保障**
1. 高风险活动导致的意外伤害
2. 未经医生建议的治疗或自行购药
3. 非医院进行的治疗检查
4. 未经批准的药品或治疗
5. 中草药及药酒费用
6. 非一次性医疗器械购买租赁费用
7. 在非约定医院就医（如私立医院特需部等）

**五、其他免责情形**
包括但不限于故意自伤、犯罪、酒驾、战争、核事故等导致的医疗费用。

建议投保人仔细阅读保险合同具体条款，了解完整的责任免除内容。","[{'content': '艾滋病，且须满足下列全 部条件： （1）在保障起始日或复效日之后，被保险人因治疗必需而实施器官移植，并且因器 官移植而感染人类免疫缺陷病毒或患艾滋病； （2）提供器官移植治疗的器官移植中心或医院出具的此次因器官移植感染人类免疫 缺陷病毒或患艾滋病，属于医疗事故的报告，或者法院终审裁定为医疗事故并且不 准上诉； （3）提供器官移植治疗的器官移植中心或医院必须拥有合法经营执照。 任何因其他传播方式（包括：性传播或静脉注射毒品）导致的 HIV 感染或患艾滋病 不在保障范围内。 99-脊柱裂 指脊椎或颅骨不完全闭合，导致脊髓膜突出，脑（脊）膜突出或脑膨出，合并大小 便失禁，部分或完全性下肢瘫痪畸形等神经学上的异常，但不包括由 X 线摄片发现 的没有合并脊髓膜突出或脑（脊）膜突出的隐形脊柱裂。 100-严重面部烧 伤 指面部烧伤程度为Ⅲ度，且Ⅲ度烧伤的面积达到面部表面积的 80％或者 80％以上。 '}, {'content': '长期医疗保险，您在保证续保期间内续保时应缴 纳的保险费是不确定的，详见本条款第 6 条的约定和产品说明书。 \uf076 我们提供的保障 2.1 保险计划 2.2 保险责任 2.2.1 等待期 本主险合同的保证续保期间内总赔付限额、保险期间内赔付限额、各项责任 对应的赔付限额、赔付比例、免赔额等条款未尽内容详见保险计划表。 在本主险合同保险期间内，我们承担如下保险责任。本主险合同的保险责任 分为基本责任和可选责任。本主险合同可以仅包含基本责任，也可以在基本 责任基础上包含可选责任，但不能仅包含可选责任。 除另有约定外，自本主险合同保险期间开始日起 90 天内（含第 90 天）为等 待期。在等待期内被保险人确诊疾病，因该疾病所产生的医疗费用，无论此 等费用是否发生在等待期内，我们都不承担保险责任。 3保险事故指发生本主险合同保险责任范围内的事件。 被保险人在投保后至等待期结束前确诊本主险合同所附重大疾'}, {'content': '； （3） 被保险人殴斗、醉酒15、主动吸食或注射毒品16； （4） 被保险人酒后驾驶17、无合法有效驾驶证驾驶18或驾驶无有效行驶 证的交通工具19； （5） 核爆炸、核辐射与核污染、战争、军事冲突、恐怖袭击、暴乱或 武装叛乱； （6） 精神和行为障碍治疗以及各种医疗咨询和健康预测：如健康咨 询、睡眠咨询、性咨询、心理咨询（依照世界卫生组织《疾病和有关健 康问题的国际统计分类》（ICD-10）20确定的精神和行为障碍以外的一般 心理问题，如职场问题、家庭问题、婚恋问题、个人发展、情绪管理等）； （7） 各类医疗鉴定，包括但不限于医疗事故鉴定、精神病鉴定、验伤 鉴定、亲子鉴定、遗传基因鉴定费用； （8） 遗传性疾病和先天性畸形、变形或染色体异常21； （9） 既往症22及保险合同特别约定的除外疾病； （10） 被保险人感染艾滋病病毒或患艾滋病期间因疾病导致的医疗费 用； （11） 怀孕、分'}, {'content': '科学或医学认可的医疗）。 2.符合以下任意一项情形的相关医疗费用，我们不承担保险责任： （1） 未经医生建议自行进行的任何治疗或未经医生处方自行购买的药 品； （2） 虽然有医生建议，但相关治疗和检查检验不是在医院进行的或相 关费用不是由医院收取的（以相关医疗费票据为准）； （3） 未被治疗所在地权威部门批准的治疗，未获得治疗所在地政府许 可或批准的药品或药物； （4） 医院康复科、康复中心等以康复治疗为主要功能的科室所产生的 费用； （5） 中草药及其泡制的各类酒制剂涉及的药品费用； （6） 各种矫治和防护医疗器械、各种康复治疗医疗器械、假体、义肢、 轮椅、自用的按摩保健和治疗用品等所有非一次性使用医疗器械和非处 方医疗器械的购买、租赁和置换费用。 3.2 其他免责条款 除“3.1 责任免除”外，本主险合同中还有一些免除保险人责任的条款， 详见“2.2 保险责任”、“5.2 保险事故通知'}, {'content': '、无合法有效驾驶证驾驶33或驾驶无有效行驶证 的交通工具34； （5） 核爆炸、核辐射与核污染、战争、军事冲突、恐怖袭击、暴乱或武 装叛乱； （6） 精神和行为障碍治疗以及各种医疗咨询和健康预测：如健康咨询、 睡眠咨询、性咨询、心理咨询（依照世界卫生组织《疾病和有关健康问题的 国际统计分类》（ICD-10）35确定的精神和行为障碍以外的一般心理问题， 如职场问题、家庭问题、婚恋问题、个人发展、情绪管理等）； （7） 各类医疗鉴定，包括但不限于医疗事故鉴定、精神病鉴定、孕妇胎 儿性别鉴定、验伤鉴定、亲子鉴定、遗传基因鉴定费用； （8） 除特定疾病、重大疾病、指定疾病以外的遗传性疾病和先天性畸形、 变形或染色体异常36； （9） 既往症37及保险合同特别约定的除外疾病； （10） 被保险人感染艾滋病病毒或患艾滋病期间因疾病导致的医疗费用， 但重大疾病清单中特定原因引起的艾滋病除外； （11） '}, {'content': '（冰毒）、吗啡、大麻、可卡因以及国家规定管制的其他 能够使人形成瘾癖的麻醉药品和精神药品，但不包括由医生开具并遵医嘱使用的用于治疗疾病但含有毒品成分的处方药品。 （4） 被保险人酒后驾驶30、无合法有效驾驶证驾驶31或驾驶无有效行驶证 的交通工具32； （5） 核爆炸、核辐射与核污染、战争、军事冲突、恐怖袭击、暴乱或武 装叛乱； （6） 精神和行为障碍治疗以及各种医疗咨询和健康预测：如健康咨询、 睡眠咨询、性咨询、心理咨询（依照世界卫生组织《疾病和有关健康问题 的国际统计分类》（ICD-10）33确定的精神和行为障碍以外的一般心理问题， 如职场问题、家庭问题、婚恋问题、个人发展、情绪管理等）； （7） 各类医疗鉴定，包括但不限于医疗事故鉴定、精神病鉴定、孕妇胎 儿性别鉴定、验伤鉴定、亲子鉴定、遗传基因鉴定费用； （8） 除特定疾病外的遗传性疾病和先天性畸形、变形或染色体异常34； （9） '}, {'content': '在等待期内确诊指定疾病所产生的医疗费用，无论费用是否发生在等待期内，均不承担保险责任。在约定医院范围外接受诊疗，尤其是私立医院、公立医院特需部、VIP部、国际部或国际医疗中心的诊疗费用，不承担保险责任。此外，以下情况也不承担保险责任：体检、口腔科治疗；高风险活动过程中的意外伤害事故导致的就医治疗，包括但不限于潜水、自然水域游泳、跳水、跳伞、蹦极、非商业性驾驶飞机、滑翔机或滑翔伞、攀岩、探险、航空航天活动、搏击、特技表演、竞速运动等；接受实验性治疗、未经医生建议的治疗或未经医生处方的药品；虽有医生建议但未在医院进行的治疗和检查；未被治疗所在地权威部门批准的治疗或药品；康复科、康复中心的康复治疗费用；中草药及其泡制药酒费用；矫治和防护医疗器械、康复治疗医疗器械、假体、义肢、轮椅、按摩保健和治疗用品等非一次性使用医疗器械和非处方医疗器械的购买、租赁和置换费用。'}, {'content': '因以下情形导致被保险人住院治疗的，不承担给付保险金责任：（1）投保人故意杀害、故意伤害被保险人；（2）被保险人故意自杀、自伤、犯罪、抗拒刑事强制措施；（3）殴斗、醉酒、吸毒；（4）酒驾、无证驾驶、驾驶无证车辆；（5）核事故、战争、恐怖袭击、暴乱；（6）精神和行为障碍；（7）遗传性疾病、先天性畸形；（8）既往症及特别约定除外疾病；（9）感染艾滋病病毒或患艾滋病；（10）感染苍白螺旋体、淋病奈瑟菌；（11）疗养、矫形、视力矫正、美容、牙科保健、康复、非意外整容；（12）不孕不育治疗、人工受精、试管婴儿；（13）怀孕、流产、分娩、避孕、绝育手术、产前产后检查、更年期治疗；（14）健康检查、疗养、康复、特别护理；（15）实验性或研究性治疗；（16）未在正式病房住院；（17）未按医嘱治疗或服药；（18）在非约定医院就医；（19）境外就医；（20）保险合同生效前疾病或症状；（21）保险合同生效前 90 日内疾病或症状；（22）保险合同生效后 30 日内疾病或症状（因意外伤害导致的除外）。'}, {'content': ""Request error occurred: HTTPSConnectionPool(host='jiutian.10086.cn', port=443): Read timed out. (read timeout=30)""}, {'content': '下列疾病不在保障范围内：\n1. ICD-O-3肿瘤形态学编码属于0（良性肿瘤）、1（动态未定性肿瘤）、2（原位癌和非侵袭性癌）范畴的疾病，如原位癌、癌前病变、非浸润性癌、非侵袭性癌、交界性肿瘤等；\n2. TNM分期为Ⅰ期或更轻分期的甲状腺癌；\n3. TNM分期为T1N0M0期或更轻分期的前列腺癌；\n4. 黑色素瘤以外的未发生淋巴结和远处转移的皮肤恶性肿瘤；\n5. 相当于Binet分期方案A期程度的慢性淋巴细胞白血病；\n6. 相当于Ann Arbor分期方案Ⅰ期程度的何杰金氏病；\n7. 未发生淋巴结和远处转移且WHO分级为G1级别的神经内分泌肿瘤。\n\n其他不在保障范围内的疾病和情况：\n1. 非冠状动脉阻塞性疾病所引起的肌钙蛋白（cTn）升高；\n2. 因酗酒或药物滥用导致的肝衰竭、深度昏迷、植物人状态；\n3. 继发性帕金森综合征、帕金森叠加综合征；\n4. 酒精滥用造成的心肌病变、继发于全身性疾病或其他器官系统疾病造成的心肌病变；\n5. 精神心理因素所致的语言能力丧失；\n6. 所有未切开心脏的心脏瓣膜介入手术；\n7. 所有未实施开胸或开腹的动脉内介入治疗；\n8. 先天性心脏疾病直接或间接引起'}]",
移小保安欣保2.0长期医疗,产品：移小保安欣保2.0长期医疗	问题：如果被保险人同时拥有其他医疗保险，理赔时会受影响吗？,"根据移小保安欣保2.0长期医疗的相关条款，当被保险人同时拥有其他医疗保险时，理赔会遵循补偿原则：

1. **补偿原则适用**：条款中明确提到""依据补偿原则在一般医疗保险金赔付限额内赔付""，这意味着本产品遵循医疗费用补偿原则，即所有保险的赔付总额不会超过被保险人实际发生的医疗费用总额。

2. **理赔材料要求**：申请理赔时需要提供""医疗费用原始凭证和医疗费用结算清单""，且特别注明""被保险人享有基本医疗保险或公费医疗保障的，需包含按基本医疗保险或公费医疗有关规定取得医疗费用补偿的证明""。

3. **理赔顺序**：通常建议先通过基本医保或其他医疗保险进行理赔，剩余未报销的合理医疗费用再通过本产品进行理赔。

**建议**：在理赔时，请如实告知拥有的其他医疗保险情况，并按顺序进行理赔申请，确保总赔付金额不超过实际医疗费用支出。具体理赔金额将根据实际医疗费用、其他保险已赔付金额以及本产品的免赔额、赔付比例等条款计算确定。","[{'content': '道保险事故发生或者虽未及时通知但不影响我们确定保险事故的性质、原 因、损失程度的除外。 被保险人应在本主险合同中约定的医院就诊，若因急诊未在约定的医院就 诊的，应在 3 日内通知我们，并在病情好转后及时转入约定的医院。 6.3 保险金申请 在申请保险金时，请按照下列方式办理： 保险金申请 由受益人填写保险金赔付申请书，并提供下列证明和资料： （1） 保险合同； （2） 受益人的有效身份证件； （3） 医院出具的医疗诊断书、医疗病历或出院小结、检查检验报告及药 品明细处方； （4） 医院出具的医疗费用原始凭证和医疗费用结算清单（被保险人享有 基本医疗保险或公费医疗保障的，需包含按基本医疗保险或公费医 疗有关规定取得医疗费用补偿的证明）； （5） 所能提供的与确认保险事故的性质、原因等有关的其他证明和资料。 以上证明和资料不完整的，我们将及时一次性通知受益人补充提供有关证 明和资料。 6.4 '}, {'content': '保险人或受益人故意或者因重大过失未及时通知，致使保险 事故的性质、原因、损失程度等难以确定的，我们对无法确定的部分， 不承担赔付保险金的责任，但我们通过其他途径已经及时知道或者应当 及时知道保险事故发生或者虽未及时通知但不影响我们确定保险事故的 性质、原因、损失程度的除外。 被保险人未在约定的医院就诊产生的医疗费用，我们不承担保险责任。 5.3 保险金申请 在申请保险金时，请按照下列方式办理： 由受益人填写保险金赔付申请书，并提供下列证明和资料： （1） 保险合同； （2） 受益人的有效身份证件； （3） 医院出具的医疗诊断书、医疗病历、检查检验报告及费用清单； （4） 医院出具的医疗费用原始凭证和医疗费用结算清单（被保险人享 有基本医疗保险或公费医疗保障的，需包含按基本医疗保险或公费医疗 有关规定取得医疗费用补偿的证明）； （5） 所能提供的与确认保险事故的性质、原因等有关的其他证明和资'}, {'content': '1 条的保险金计算方法结合 补偿原则在一般医疗保险金赔付限额内赔付住院医疗保险金。 如果保险期间到期时，被保险人尚处于住院状态中，则在被保险人办理出院 手续前，我们将继续按前一保险期间的赔付限额与年度免赔额约定承担保险 责任，直至被保险人办理出院手续。 2. 指定门诊急诊医疗保险金 被保险人因特定疾病清单和重大疾病清单以外的疾病或意外伤害经医院诊 断必须在医院门诊部门或急诊部门进行如下治疗发生的必须由被保险人个 人自行承担的合理且必要的门诊急诊医疗费用19： （1）门诊肾透析； （2）门诊肿瘤治疗，包括肿瘤化学疗法20、肿瘤放射疗法21、肿瘤靶向疗法22、 肿瘤内分泌疗法23、肿瘤免疫疗法24的治疗费用； （3）器官移植后的门诊抗排异治疗； （4）门诊手术25。 我们依据 2.2.11 条的保险金计算方法结合补偿原则在一般医疗保险金赔付 限额内赔付指定门诊急诊医疗保险金。 3.住院前后门诊'}, {'content': '不计。 1.7 保 险 期 间 与 保 证 续保 同的，合同解除前发生的保险事故3我们不承担保险责任，已经承担保险责 任的情况下，被保险人应当向我们退还已经支付的保险金，您对被保险人退 还保险金应承担连带责任。 本主险合同是费率可调的保证续保型医疗保险合同，保险期间为 1 年，保证 续保期间为 20 年。保证续保期间自您首次投保本主险合同的保险期间开始 之日起计算。 在保证续保期间内，我们不因被保险人的身体状况或历史理赔情况而拒绝您 的续保申请且本产品的停售也不影响您的保证续保权。保证续保期间内，如 您未明确声明不再续保，本主险合同将自动续保，但您需要在每一个保险期 间届满后 60 日内按该保险期间届满时本保险的费率表足额缴纳应缴保险 费，才能继续享有本主险合同提供的保障。 每一保证续保期间届满时，如您在上一保险期间届满后 60 日内向我们提出 重新投保申请，我们将对被保险人做核保审核，如'}, {'content': '疗保险 金保险责任范围内的医疗费用补偿。 举例来说，假设免赔额为 10000 元，如被保险人在保险期间内第一次就诊由 被保险人自行承担的、属于保险责任范围内的医疗费用为 8000 元，针对本 次就诊理赔后免赔额余额为 2000 元，本次赔付为 0 元；如第二次就诊由被 保险人自行承担的、属于保险责任范围内的医疗费用为 6000 元，则针对本 次就诊理赔后的免赔额余额为 0 元，本次赔付为 4000 元乘以赔付比例。由 于免赔额已抵扣完毕，在该保险期间剩余保险期限内，不再需要抵扣免赔额。 首次投保情况下，本主险合同的免赔额为 1 万元，保险期间届满续保时如同 一保单中同时参加本保险的被保险人均未发生过本主险合同理赔，则下一保 险期间保险合同免赔额下调 1000 元，即免赔额为 9000 元。后续保险期间以 此类推。如保险合同免赔额已下调至 5000 元，则不再继续下调。如某一保 险期间届满续'}, {'content': '疗是指应用人工物理因子（如光、电、磁、声等）来治疗疾病，具体疗法包括电 疗、光疗、磁疗、热疗等；中医理疗是指以治疗疾病为目的，被保险人接受由具有相应资格的医生实施的针灸治疗、推拿治疗、 拔罐治疗或刮痧治疗等；其他特殊疗法包括顺势治疗、职业疗法及语音治疗等。 13检查检验费指实际发生的，以诊断疾病为目的，采取必要的医学手段进行检查及检验而发生的合理的医疗费用，包括 X 光费、 心电图费、B 超费、脑电图费、内窥镜费、肺功能仪费、分子生化检验费和血、尿、便常规检验费等。 和医疗器械使用费15、医生诊疗费16、手术费17和转院救护车使用费18（上述费 用统称为“住院医疗费用”），我们依据 2.2.11 条的保险金计算方法结合 补偿原则在一般医疗保险金赔付限额内赔付住院医疗保险金。 如果保险期间到期时，被保险人尚处于住院状态中，则在被保险人办理出院 手续前，我们将继续按前一保险期间的赔付限额与年度'}, {'content': '意外门急诊保险金；指定疾病门急诊保险金。指定疾病包括：病毒性肝炎、麻疹、百日咳、白喉、新生儿破伤风、新冠病毒感染、甲流、乙流、手足口病、猴痘、肺炎、气管炎、支气管炎、幼儿急疹、肠炎、扁桃体炎、喉炎、水痘、狂犬病、流行性乙型脑炎。'}, {'content': '在保险期间内，被保险人因遭受意外伤害或在等待期后因疾病需住院治疗并入住重症监护病房的，我们将按重症监护病房住院津贴保险金日额×实际天数给付保险金，每次住院最多给付 30 日，累计最多给付 90 日。'}, {'content': '重大疾病保险金、轻度疾病保险金（可选责任）。保障范围包括但不限于：深度昏迷、双耳失聪、双目失明、瘫痪、心脏瓣膜手术、严重阿尔茨海默病、严重脑损伤、严重原发性帕金森病、严重Ⅲ度烧伤、严重特发性肺动脉高压、严重运动神经元病、语言能力丧失、重型再生障碍性贫血、主动脉手术、严重慢性呼吸衰竭、严重克罗恩病、严重溃疡性结肠炎、严重多发性硬化症、严重1型糖尿病、严重类风湿性关节炎、胆道重建手术、重症急性坏死性筋膜炎、严重系统性硬皮病、急性坏死胰腺炎开腹手术、严重原发性硬化性胆管炎、胆汁性肝硬化、颅脑手术、系统性红斑狼疮-Ⅲ型或以上狼疮性肾炎、严重结核性脑膜炎、经输血导致的人类免疫缺陷病毒（HIV）感染、丝虫病所致严重象皮肿、胰腺移植、严重慢性复发性胰腺炎、严重肾髓质囊性病、肺源性心脏病、特发性慢性肾上腺皮质功能衰竭、严重进行性核上性麻痹、严重哮喘、严重冠状动脉粥样硬化性心脏病、植物人状态、严重疯牛病、严重自身免疫性肝炎、一肢及单眼缺失、职业性HIV感染、破伤风、狂犬病、严重心肌炎、需手术切除的嗜铬细胞瘤、严重肠道疾病并发症、严重Ⅲ度房室传导阻滞、双侧肾切除或孤肾切除、严重感染性心内膜炎、败血症导致的'}, {'content': '在本主险合同保险期间内，我们承担如下保险责任：基本责任和可选责任。基本责任包括一般医疗保险金（住院、指定门诊急诊、住院前后门诊急诊）、特定疾病医疗保险金（住院、指定门诊急诊、住院前后门诊急诊）、重大疾病医疗保险金（住院、指定门诊急诊、住院前后门诊急诊、质子重离子）、指定疾病康复医疗保险金、重大疾病关爱保险金、院外恶性肿瘤特定药品费用医疗保险金、院外恶性肿瘤特定用药基因检测费用保险金。特定疾病包括原位癌、激光心肌血运重建术、心脏瓣膜介入手术、强直性脊柱炎的特定手术治疗、视力严重受损、单目失明、角膜移植、主动脉内手术、脑垂体瘤、脑囊肿、脑动脉瘤及脑血管瘤、特定面积Ⅲ度烧伤、轻度面部烧伤、面部重建手术、严重头部外伤、微创颅脑手术、原发性肺动脉高压、运动神经元病、单侧肺脏切除、于颈动脉进行血管成形术或内膜切除术、单耳失聪、人工耳蜗植入术、起搏器或除颤器植入、心包膜切除术、肝叶切除、单个肢体缺失、特定周围动脉疾病的血管介入治疗、早期原发性心肌病、肾脏切除等。重大疾病包括但不限于因疾病或意外伤害导致的肾脏严重损害、双侧卵巢或睾丸切除术、腔静脉过滤器植入术、肾上腺皮质腺瘤切除肾上腺、可逆性再生障碍性'}, {'content': '在本主险合同保险期间内，被保险人因遭受意外伤害事故或在等待期后因意外伤害以外的原因，经本主险合同约定的医院的专科医生确诊初次罹患本主险合同所附重大疾病清单定义的重大疾病，对于其在本主险合同约定的医院外购买的，用于治疗而产生的合理且必要的，必须由被保险人个人自行承担的，满足以下条件的院外重大疾病药品费用，我们依据2.1.3条的保险金计算方法结合补偿原则在院外重大疾病药品费用医疗保险金赔付限额内赔付院外重大疾病药品费用医疗保险金。重大疾病包括但不限于神经系统永久性功能障碍、深度昏迷、双耳失聪、双目失明、瘫痪、心脏瓣膜手术、严重阿尔茨海默病、严重脑损伤、严重原发性帕金森病、严重Ⅲ度烧伤、严重特发性肺动脉高压、严重运动神经元病、语言能力丧失、重型再生障碍性贫血、主动脉手术、严重慢性呼吸衰竭、严重克罗恩病、严重溃疡性结肠炎、侵蚀性葡萄胎、严重的原发性心肌病、严重感染性心内膜炎、严重肺源性心脏病、严重的Ⅲ度房室传导阻滞、严重冠心病、严重心肌炎、艾森门格综合征、风湿热导致的心脏瓣膜疾病、急性风湿热、心脏粘液瘤手术、严重大动脉炎、Brugada 综合征、严重继发性肺动脉高压、室壁瘤切除手术、严重心脏衰'}]",
移小保安欣保2.0长期医疗,产品：移小保安欣保2.0长期医疗	问题：保险合同的生效条件是什么？,"根据移小保安欣保2.0长期医疗保险条款内容，保险合同的生效条件如下：

**保险合同生效条件：**
- 保险公司同意承保
- 保险公司签发保险合同
- 保险合同自签发时开始生效
- 保险责任开始时间以保险合同记载的保险期间为准

**补充说明：**
- 本产品是费率可调的保证续保型医疗保险，保险期间为1年，保证续保期间为20年
- 在保证续保期间内，保险公司不会因被保险人的身体状况或历史理赔情况而拒绝续保申请
- 产品停售也不影响保证续保权","[{'content': '不计。 1.7 保 险 期 间 与 保 证 续保 同的，合同解除前发生的保险事故3我们不承担保险责任，已经承担保险责 任的情况下，被保险人应当向我们退还已经支付的保险金，您对被保险人退 还保险金应承担连带责任。 本主险合同是费率可调的保证续保型医疗保险合同，保险期间为 1 年，保证 续保期间为 20 年。保证续保期间自您首次投保本主险合同的保险期间开始 之日起计算。 在保证续保期间内，我们不因被保险人的身体状况或历史理赔情况而拒绝您 的续保申请且本产品的停售也不影响您的保证续保权。保证续保期间内，如 您未明确声明不再续保，本主险合同将自动续保，但您需要在每一个保险期 间届满后 60 日内按该保险期间届满时本保险的费率表足额缴纳应缴保险 费，才能继续享有本主险合同提供的保障。 每一保证续保期间届满时，如您在上一保险期间届满后 60 日内向我们提出 重新投保申请，我们将对被保险人做核保审核，如'}, {'content': '身份的证件或文件等，如居民身份证、按规定可使用的有效护照、营业 执照等。 4保险事故指发生本主险合同保险责任范围内的事件。 1.6 保险期间与不保证 续保 本主险合同的保险期间为 1 年，不保证续保。保险期间届满，您需要重新向我们 申请投保本产品，并经我们同意，交纳保险费，获得新的保险合同。 若保险期间届满，本主险产品已停止销售，我们不再接受投保申请，但会向您提 供投保其他保险产品的合理建议。 \uf076\uf020 我们提供的保障 2.1 保险计划 本主险合同的保险计划由您在投保时选择并在保险合同中载明。不同保险计划的 基本保险金额5和保障疾病详见保险计划表。 2.2 保险责任 在本主险合同保险期间内，我们承担如下保险责任： 2.2.1 等待期 2.2.2 基本责任: 重大疾病保险金 除另有约定外，自本主险合同保险期间开始日起 90 天内（含第 90 天）为等待期。 被保险人在投保后至等待期结束前罹患符合'}, {'content': '险状况后同意承 保，本主险合同成立。 本主险合同自我们同意承保，并签发保险合同时开始生效，我们承担保 险责任的时间以保险合同记载的保险期间为准。 1.3 保险对象 1.4 投保年龄 本主险合同的保险对象（即被保险人）须满足以下全部条件： 1.被保险人在保险期间开始之日符合1.4条投保年龄要求； 2.被保险人的身体健康状况能够通过我们的核保审核。 您及您的家庭成员若均满足上述条件，可以同时参保1本保险，形成家庭 保单。家庭成员仅指您的父母、子女以及投保时具有合法婚姻关系的配 偶。我们不接受非同时参保的被保险人保险单合并为家庭保单。 指保险期间开始时被保险人的年龄，投保年龄以周岁2计算。 本主险合同接受的首次投保年龄为 0 周岁至 70 周岁，投保时被保险人 为 0 周岁的，应当为出生满 28 日且已健康出院的婴儿。被保险人年满 99 周岁前（含 99 周岁），保险期间届满，可以重新向我们申请'}, {'content': '-90)/（本合同生效日至保险费交至日的天 数-90）]，经过天数不足 1 天的按 1 天计算。 （2）本主险合同免除等待期的情况： 现金价值=已交保险费×（1-35%）×（1－保险经过天数/本合同生效日至保险费交至日的天数），经过天数不足 1 天的按 1 天 计算。 \uf094 其他需要关注的事项 9.1 明 确 说 明 与 如 实 告知 9.2 年龄与性别错误 9.3 合同内容变更 订立本主险合同时，我们会向您说明本主险合同的内容。对本主险合同中免 除我们责任的条款，我们在订立合同时会在投保书、保险单或其他保险凭证 上作出足以引起您注意的提示，并对该条款的内容以书面或口头形式向您作 出明确说明，未作提示或者明确说明的，该条款不产生效力。 我们就您和被保险人的有关情况提出询问，您应当如实告知。我们的询问和 您的告知将记载于本主险合同中作为保险合同的重要组成部分。 如果您故意或者因重大过失未履行前'}, {'content': '自其知道或者 应当知道保险事故发生之日起计算。 \uf07a\uf020 如何解除保险合同 6.1 您解除合同的手续 及风险 您可以申请解除本主险合同，请填写解除合同申请书并向我们提供下列资料： （1）保险合同； （2）您的有效身份证件。 自我们收到解除合同申请书时起，本主险合同终止。我们自收到解除合同申请书 之日起 30 日内向您退还本主险合同的现金价值。 您解除合同会遭受一定损失。 \uf07b\uf020 其他需要关注的事项 7.1 明确说明与如实告 知 订立本主险合同时，我们会向您说明本主险合同的内容。对本主险合同中免除我 们责任的条款，我们在订立合同时会在投保书、保险单或其他保险凭证上作出足 以引起您注意的提示，并对该条款的内容以书面或口头形式向您作出明确说明， 未作提示或者明确说明的，该条款不产生效力。 我们就您和被保险人的有关情况提出询问，您应当如实告知。我们的询问和您的 告知将记载于本主险合同中作为保险合同的重要'}, {'content': '数不足 1 天的按 1 天计算。 \uf07b 其他需要关注的事项 7.1 明确 说明与如 实告 知 7.2 年龄错误 7.3 合同内容变更 订立本主险合同时，我们会向您说明本主险合同的内容。对本主险合同中免除我 们责任的条款，我们在订立合同时会在投保书、保险单或其他保险凭证上作出足 以引起您注意的提示，并对该条款的内容以书面或口头形式向您作出明确说明， 未作提示或者明确说明的，该条款不产生效力。 我们就您和被保险人的有关情况提出询问，您应当如实告知。我们的询问和您的 告知将记载于本主险合同中作为保险合同的重要组成部分。 如果您故意或者因重大过失未履行前款规定的如实告知义务，足以影响我们决定 是否同意承保或者提高保险费率的，我们有权解除本主险合同。 如果您故意不履行如实告知义务，对于本主险合同解除前发生的保险事故，我们 不承担赔付保险金的责任，并不退还保险费。 如果您因重大过失未履行如实告知义务，对'}, {'content': '无对应取值。'}]","5, 37, 52"
移小保安欣保2.0长期医疗,产品：移小保安欣保2.0长期医疗	问题：如何变更保单的联系方式或个人信息？,"根据移小保安欣保2.0长期医疗保险条款，变更联系方式或个人信息的方式如下：

**变更方式：**
1. **书面形式**：您可以通过书面形式通知保险公司
2. **双方认可的其他形式**：包括通过保险公司同意或认可的网站等互联网渠道进行变更

**具体说明：**
- 通过互联网渠道提交的变更申请，视为书面申请，具有同等法律效力
- 在线提交的电子信息与书面文件具有相同的法律效力

**重要提醒：**
请及时办理联系方式变更，如果未及时通知保险公司，保险公司按保险合同载明的最后联系方式发送的通知，均视为已送达给您。

建议您通过平安保险的官方渠道（如官网、官方APP等）办理个人信息变更，以确保您的权益得到保障。","[{'content': '险费退还给您。 在本主险合同有效期内，经您与我们协商一致，可以变更本主险合同的有关 内容。变更本主险合同的，应当由我们在保险单或者其他保险凭证上批注或 者附贴批单，或者由您与我们订立书面的变更协议。 您通过我们同意或认可的网站等互联网渠道提出对本主险合同进行变更，视 为您的书面申请，您向我们在线提交的电子信息与您向我们提交的书面文件 具有相同的法律效力。 9.4 联系方式变更 为了保障您的合法权益，您的住所、通讯地址、电话或电子邮箱等联系方式 变更时，请及时以书面形式或双方认可的其他形式通知我们。若您未以书面 形式或双方认可的其他形式通知我们，我们按本主险合同载明的最后住所或 通讯地址所发送的有关通知，均视为已送达给您。 9.5 效力终止 当发生下列情形之一时，本主险合同效力终止： （1）被保险人身故； （2）本主险合同中列明的其他合同解除或终止的情形。 附表1： 平安互联网长期（D）医疗'}, {'content': '作提示或者明确说明的，该条款不产生效力。 我们就您和被保险人的有关情况提出询问，您应当如实告知。我们的询问和 您的告知将记载于本主险合同中作为保险合同的重要组成部分。 如果您故意或者因重大过失未履行前款规定的如实告知义务，足以影响我们 决定是否同意承保或者提高保险费率的，我们有权解除本主险合同。 如果您故意不履行如实告知义务，对于本主险合同解除前发生的保险事故， 我们不承担赔付保险金的责任，并不退还保险费。 如果您因重大过失未履行如实告知义务，对保险事故的发生有严重影响的， 对于本主险合同解除前发生的保险事故，我们不承担赔付保险金的责任，但 会退还保险费。 我们在合同订立时已经知道您未如实告知的情况的，我们不得解除合同；发 生保险事故的，我们承担赔付保险金的责任。 您在申请投保时，应将与有效身份证件相符的被保险人的出生日期和性别在 投保书上填明，如果发生错误按照下列方式办理： （1）您申报'}, {'content': '主险合同的保险期间为1年…………………………………………………………………………………………1.7 \uf043条款是保险合同的重要内容，为充分保障您的权益，请您仔细阅读本条款。条款目录如下： 1.您与我们的合同 1.1 合同构成 1.2 合同成立与生效 1.3 保险对象 1.4 投保年龄 1.5 保障区域 1.6 犹豫期 1.7 保险期间与不保证续保 2.我们提供的保障 2.1 保险计划 2.2 保险责任 3.责任免除 3.1 责任免除 3.2 其他免责条款 4.如何支付保险费 4.1 保险费的支付 5.如何领取保险金 5.1 受益人 5.2 保险事故通知 5.3 保险金申请 5.4 保险金的赔付 5.5 诉讼时效 6.如何解除保险合同 6.1 您解除合同的手续及风险 7.其他需要关注的事项 7.1 明确说明与如实告知 7.2 年龄错误 7.3 合同内容变更 7.4 联系方式变更 7.5 效力终止'}, {'content': '………..脚注 \uf076 本主险合同的保险期间为1年…………………………………………………………………………………………1.7 \uf043条款是保险合同的重要内容，为充分保障您的权益，请您仔细阅读本条款。条款目录如下： 1.您与我们的合同 1.1 合同构成 1.2 合同成立与生效 1.3 保险对象 1.4 投保年龄 1.5 保障区域 1.6 犹豫期 1.7 保险期间与不保证续保 2.我们提供的保障 2.1 保险责任 3.责任免除及其他 3.1 责任免除 3.2 其他需要您仔细阅读的条款 4.如何支付保险费 4.1 保险费的支付 5.如何领取保险金 5.1 受益人 5.2 保险事故通知 5.3 保险金申请 5.4 保险金的赔付 5.5 诉讼时效 6. 如何解除保险合同 6.1 您解除合同的手续及风险 7.其他需要关注的事项 7.1 明确说明与如实告知 7.2 年龄错误 7.3 合同内容变更 7.4 联系方'}, {'content': '付保险费 的，我们会将多收的保险费退还给您。 8.3 合同内容变更 在本主险合同有效期内，经您与我们协商一致，可以变更本主险合同的有 关内容。变更本主险合同的，应当由我们在保险单或者其他保险凭证上批 注或者附贴批单，或者由您与我们订立书面的变更协议。 您通过我们同意或认可的网站等互联网渠道提出对本主险合同进行变更， 视为您的书面申请，您向我们在线提交的电子信息与您向我们提交的书面 文件具有相同的法律效力。 8.4 联系方式变更 为了保障您的合法权益，您的住所、通讯地址、电话或电子邮箱等联系方 式变更时，请及时以书面形式或双方认可的其他形式通知我们。若您未以 书面形式或双方认可的其他形式通知我们，我们按本主险合同载明的最后 住所或通讯地址所发送的有关通知，均视为已送达给您。 8.5 效力终止 当发生下列情形之一时，本主险合同效力终止： （1）被保险人身故； （2）本主险合同中列明的其他合同解'}, {'content': '投 保年龄限制的，我们有权解除合同，并向您退还本主险合同的现金价值； （2）您申报的被保险人年龄不真实，致使您实付保险费少于应付保险费的，我 们有权更正并要求您补交保险费。若已经发生保险事故，在赔付保险金时按实付 保险费和应付保险费的比例赔付； （3）您申报的被保险人年龄不真实，致使您实付保险费多于应付保险费的，我 们会将多收的保险费退还给您。 在本主险合同有效期内，经您与我们协商一致，可以变更本主险合同的有关内容。 变更本主险合同的，应当由我们在保险单或者其他保险凭证上批注或者附贴批 单，或者由您与我们订立书面的变更协议。 您通过我们同意或认可的网站等互联网渠道提出对本主险合同进行变更，视为您 的书面申请，您向我们在线提交的电子信息与您向我们提交的书面文件具有相同 的法律效力。 7.4 联系方式变更 为了保障您的合法权益，您的住所、通讯地址、电话或电子邮箱等联系方式变更 时，请及时以书面'}, {'content': '无对应取值。'}]",
移小保安欣保2.0长期医疗,产品：移小保安欣保2.0长期医疗	问题：什么情况下保险公司会终止合同？,"根据移小保安欣保2.0长期医疗保险条款，保险公司会在以下情况下终止合同：

**一、保证续保期间届满后的终止情形：**
1. 被保险人年满80周岁（含80周岁）
2. 本产品已停止销售
3. 保险公司核保审核不同意继续承保

**二、合同履行期间的终止情形：**
1. **投保时未履行如实告知义务** - 对保险公司询问的问题未做如实回答
2. **主动解除合同** - 在保险期间内申请解除保险合同
3. **未按时缴纳保险费**：
   - 在保险期间届满后60日内未支付应缴保险费
   - 分期支付保险费时，宽限期届满仍未缴纳

**三、其他重要终止条件：**
- 保证续保期间为20年，期间届满后需要重新申请投保
- 合同效力中止期间发生保险事故，保险公司不承担保险责任

**特别提醒：** 合同终止后，保险公司会提供投保其他保险产品的合理建议。建议您按时缴纳保费，如实告知健康状况，以确保保险保障的连续性。","[{'content': '险期间届满时本保险的费率表足额缴纳应缴保险 费，才能继续享有本主险合同提供的保障。 每一保证续保期间届满时，如您在上一保险期间届满后 60 日内向我们提出 重新投保申请，我们将对被保险人做核保审核，如我们审核同意继续承保该 被保险人，将与您协商继续投保事宜。协商达成一致且您已按当时被保险人 适用的费率缴纳保险费，则进入下一保证续保期间。如本公司审核不同意， 将书面通知您不再接受该被保险人的投保申请。若保证续保期间届满时，被 保险人已年满 80 周岁（含 80 周岁）或者本产品已停止销售，我们不再接受 重新投保申请，但会向您提供投保其他保险产品的合理建议。 若发生下列情形之一的，本主险合同和保证续保期间将一并终止： 1. 您在投保时对我们询问的问题未做如实回答，即未履行如实告知义务； 2. 您在本主险合同 1 年的保险期间内申请解除保险合同； 3. 您在任一保险期间结束后 60 日内没有及时'}, {'content': '不计。 1.7 保 险 期 间 与 保 证 续保 同的，合同解除前发生的保险事故3我们不承担保险责任，已经承担保险责 任的情况下，被保险人应当向我们退还已经支付的保险金，您对被保险人退 还保险金应承担连带责任。 本主险合同是费率可调的保证续保型医疗保险合同，保险期间为 1 年，保证 续保期间为 20 年。保证续保期间自您首次投保本主险合同的保险期间开始 之日起计算。 在保证续保期间内，我们不因被保险人的身体状况或历史理赔情况而拒绝您 的续保申请且本产品的停售也不影响您的保证续保权。保证续保期间内，如 您未明确声明不再续保，本主险合同将自动续保，但您需要在每一个保险期 间届满后 60 日内按该保险期间届满时本保险的费率表足额缴纳应缴保险 费，才能继续享有本主险合同提供的保障。 每一保证续保期间届满时，如您在上一保险期间届满后 60 日内向我们提出 重新投保申请，我们将对被保险人做核保审核，如'}, {'content': '险期间内您可以选择一次性全额支付保险费，也可以根据合同 约定分期支付保险费。 在保证续保期间内，您应于上一保险期间届满后 60 日内向我们支付应缴保 险费；若您未在上述 60 日内向我们支付应缴保险费，本主险合同效力自本 主险合同约定的保险期间届满时终止，保证续保期间也将一并终止。 在本主险合同 1 年的保险期间内分期支付保险费的，在支付首期保险费后， 除本主险合同另有约定外，如果您到期未支付应缴保险费，自保险费约定支 付日46的次日零时起 30 日为宽限期。宽限期内发生的保险事故，我们仍会承 担保险责任，但在赔付保险金时会扣减欠缴的保险费。 如果您在宽限期届满时仍未缴纳保险费，则本主险合同自宽限期届满日的次 日零时起效力中止，在本合同效力中止期间发生保险事故的，本公司不承担 给付保险金的责任。 自本主险合同效力中止之日起至保险期间届满前，您可以向我们申请恢复合 同效力。我们有权对被保险人'}, {'content': '主险合同时，您需要填写申请书，并提供您的保险合同及有效身份证件。 自我们收齐上述资料时起，本主险合同即被解除，犹豫期内解除保险合同的，合 1同时参保指您在一次投保行为中同时为两名以上符合本主险合同约定条件的被保险人申请投保且所有被保险人均被我们同意承保的 情况。 2周岁指按有效身份证件中记载的出生日期计算的年龄，自出生之日起为零周岁，每经过一年增加一岁，不足一年的不计。 同解除前发生的保险事故3我们不承担保险责任，已经承担保险责任的情况下， 被保险人应当向我们退还已经支付的保险金，您对被保险人退还保险金应承担连 带责任。 1.7 保险 期间与不 保证 续保 本主险合同的保险期间为1年，不保证续保。保险期间届满，您需要重新向我们 申请投保本产品，并经我们同意，交纳保险费，获得新的保险合同。 若保险期间届满时，本主险产品已停止销售，我们不再接受投保申请，但会向您 提供投保其他保险产品的合理建议'}, {'content': '自出生之日起为零周岁，每经过一年增加一岁，不足一年的不计。 解除本主险合同时，您需要填写申请书，并提供您的保险合同及有效身 份证件。自我们收齐上述资料时起，本主险合同即被解除，犹豫期内解 除保险合同的，合同解除前发生的保险事故3我们不承担保险责任，已经 承担保险责任的情况下，被保险人应当向我们退还已经支付的保险金， 您对被保险人退还保险金应承担连带责任。 1.7 保 险 期 间 与 不 保 证续保 本主险合同的保险期间为 1 年，不保证续保。保险期间届满，您需要重 新向我们申请投保本产品，并经我们同意，交纳保险费，获得新的保险 合同。若保险期间届满时，本主险产品已停止销售，我们不再接受投保 申请，但会向您提供投保其他保险产品的合理建议。 \uf076\uf020我们提供的保障 2.1 保险计划 本主险合同的保险计划由您在投保时选择并在保险合同中载明。不同保险 计划的特定疾病范围和保险金总限额4详见保险计划表。'}, {'content': '自其知道或者 应当知道保险事故发生之日起计算。 \uf07a\uf020 如何解除保险合同 6.1 您解除合同的手续 及风险 您可以申请解除本主险合同，请填写解除合同申请书并向我们提供下列资料： （1）保险合同； （2）您的有效身份证件。 自我们收到解除合同申请书时起，本主险合同终止。我们自收到解除合同申请书 之日起 30 日内向您退还本主险合同的现金价值。 您解除合同会遭受一定损失。 \uf07b\uf020 其他需要关注的事项 7.1 明确说明与如实告 知 订立本主险合同时，我们会向您说明本主险合同的内容。对本主险合同中免除我 们责任的条款，我们在订立合同时会在投保书、保险单或其他保险凭证上作出足 以引起您注意的提示，并对该条款的内容以书面或口头形式向您作出明确说明， 未作提示或者明确说明的，该条款不产生效力。 我们就您和被保险人的有关情况提出询问，您应当如实告知。我们的询问和您的 告知将记载于本主险合同中作为保险合同的重要'}, {'content': '在等待期内确诊指定疾病所产生的医疗费用，无论费用是否发生在等待期内，均不承担保险责任。在约定医院范围外接受诊疗，尤其是私立医院、公立医院特需部、VIP部、国际部或国际医疗中心的诊疗费用，不承担保险责任。此外，以下情况也不承担保险责任：体检、口腔科治疗；高风险活动过程中的意外伤害事故导致的就医治疗，包括但不限于潜水、自然水域游泳、跳水、跳伞、蹦极、非商业性驾驶飞机、滑翔机或滑翔伞、攀岩、探险、航空航天活动、搏击、特技表演、竞速运动等；接受实验性治疗、未经医生建议的治疗或未经医生处方的药品；虽有医生建议但未在医院进行的治疗和检查；未被治疗所在地权威部门批准的治疗或药品；康复科、康复中心的康复治疗费用；中草药及其泡制药酒费用；矫治和防护医疗器械、康复治疗医疗器械、假体、义肢、轮椅、按摩保健和治疗用品等非一次性使用医疗器械和非处方医疗器械的购买、租赁和置换费用。'}, {'content': '因以下情形导致被保险人住院治疗的，不承担给付保险金责任：（1）投保人故意杀害、故意伤害被保险人；（2）被保险人故意自杀、自伤、犯罪、抗拒刑事强制措施；（3）殴斗、醉酒、吸毒；（4）酒驾、无证驾驶、驾驶无证车辆；（5）核事故、战争、恐怖袭击、暴乱；（6）精神和行为障碍；（7）遗传性疾病、先天性畸形；（8）既往症及特别约定除外疾病；（9）感染艾滋病病毒或患艾滋病；（10）感染苍白螺旋体、淋病奈瑟菌；（11）疗养、矫形、视力矫正、美容、牙科保健、康复、非意外整容；（12）不孕不育治疗、人工受精、试管婴儿；（13）怀孕、流产、分娩、避孕、绝育手术、产前产后检查、更年期治疗；（14）健康检查、疗养、康复、特别护理；（15）实验性或研究性治疗；（16）未在正式病房住院；（17）未按医嘱治疗或服药；（18）在非约定医院就医；（19）境外就医；（20）保险合同生效前疾病或症状；（21）保险合同生效前 90 日内疾病或症状；（22）保险合同生效后 30 日内疾病或症状（因意外伤害导致的除外）。'}, {'content': ""Request error occurred: HTTPSConnectionPool(host='jiutian.10086.cn', port=443): Read timed out. (read timeout=30)""}, {'content': '下列疾病不在保障范围内：\n1. ICD-O-3肿瘤形态学编码属于0（良性肿瘤）、1（动态未定性肿瘤）、2（原位癌和非侵袭性癌）范畴的疾病，如原位癌、癌前病变、非浸润性癌、非侵袭性癌、交界性肿瘤等；\n2. TNM分期为Ⅰ期或更轻分期的甲状腺癌；\n3. TNM分期为T1N0M0期或更轻分期的前列腺癌；\n4. 黑色素瘤以外的未发生淋巴结和远处转移的皮肤恶性肿瘤；\n5. 相当于Binet分期方案A期程度的慢性淋巴细胞白血病；\n6. 相当于Ann Arbor分期方案Ⅰ期程度的何杰金氏病；\n7. 未发生淋巴结和远处转移且WHO分级为G1级别的神经内分泌肿瘤。\n\n其他不在保障范围内的疾病和情况：\n1. 非冠状动脉阻塞性疾病所引起的肌钙蛋白（cTn）升高；\n2. 因酗酒或药物滥用导致的肝衰竭、深度昏迷、植物人状态；\n3. 继发性帕金森综合征、帕金森叠加综合征；\n4. 酒精滥用造成的心肌病变、继发于全身性疾病或其他器官系统疾病造成的心肌病变；\n5. 精神心理因素所致的语言能力丧失；\n6. 所有未切开心脏的心脏瓣膜介入手术；\n7. 所有未实施开胸或开腹的动脉内介入治疗；\n8. 先天性心脏疾病直接或间接引起'}]",52
移小保安欣保2.0长期医疗,产品：移小保安欣保2.0长期医疗	问题：投保时需要提供哪些健康告知信息？,"根据移小保安欣保2.0长期医疗保险条款，投保时需要提供的健康告知信息包括：

**必须如实告知的信息：**
1. 被保险人的年龄、性别
2. 既往症情况（在本主险合同生效之前已患有的且已知晓的有关疾病或症状）
3. 先天性畸形、变形或染色体异常情况
4. 艾滋病病毒感染状况
5. 从事的职业是否属于《特殊职业类别表》中的职业
6. 是否参与涉及2米以上水深的自然水域水面或水下运动

**重要提示：**
- 被保险人需通过核保审核
- 必须如实告知被保险人的健康状况等信息
- 故意或重大过失未履行如实告知义务，足以影响承保决定或提高保险费率的，保险公司有权解除合同

**未如实告知的后果：**
- 故意不履行如实告知义务：保险公司不承担赔付责任且不退保费
- 重大过失未履行如实告知义务并对保险事故有严重影响的：保险公司不承担赔付责任但退还保费

建议在投保时仔细阅读健康告知问卷，如实填写所有询问事项，确保信息准确完整。","[{'content': '定期安全检验。 33《疾病和有关健康问题的国际统计分类》（ICD-10）指世界卫生组织（WHO）制定的国际统一的疾病分类方法，它根据疾病 的病因、病理、临床表现和解剖位置等特性，用一种系统有序的组合编码的方法对疾病进行分类。目前世界通用的是第 10 次 修订本《疾病和有关健康问题的国际统计分类》，（ICD-10）是该分类第 10 次修订本的简称。 34先天性畸形、变形或染色体异常指被保险人出生时就具有的畸形、变形或染色体异常。先天性畸形、变形和染色体异常依照 世界卫生组织《疾病和有关健康问题的国际统计分类》（ICD-10）确定。 35既往症指在本主险合同生效之前被保险人已患有的且已知晓的有关疾病或症状。 \uf09e 从事本主险合同所附《特殊职业类别表》中的职业； \uf09e 活动过程中必然涉及 2 米以上水深的自然水域水面或水下运动，包括 但不限于各类、各级别的潜水36、自然水域游泳（包括人工湖或人工水 '}, {'content': '驶证或持应审验未审验的驾驶证驾驶； （4）持学习驾驶证学习驾车时，无教练员随车指导，或不按指定时间、路线学习驾车。 19驾驶无有效行驶证的交通工具指以下情形之一： （1）被保险人所驾驶的交通工具未按中国法律规定取得行驶证等公共道路、公共水域或空域行驶资格证明； （2）被保险人所驾驶的交通工具被依法注销登记的； （3）被保险人所驾驶的交通工具未依法按时进行或通过机动车安全技术检验等法律规定的定期或不定期安全检验。 20《疾病和有关健康问题的国际统计分类》（ICD-10）指世界卫生组织（WHO）制定的国际统一的疾病分类方法，它根据疾病的 病因、病理、临床表现和解剖位置等特性，用一种系统有序的组合编码的方法对疾病进行分类。目前世界通用的是第 10 次修 订本《疾病和有关健康问题的国际统计分类》，（ICD-10）是该分类第 10 次修订本的简称。 21先天性畸形、变形或染色体异常指被保险人出生时就'}, {'content': ' 15先天性畸形、变形或染色体异常指被保险人出生时就具有的畸形、变形或染色体异常。先天性畸形、变形和染色体异常依照世界卫生 组织《疾病和有关健康问题的国际统计分类》（ICD-10）确定。 16既往症指在本主险合同生效之前被保险人已患有的且已知晓的有关疾病或症状。 17艾滋病病毒指人类免疫缺陷病毒，英文缩写为 HIV。艾滋病指人类免疫缺陷病毒引起的获得性免疫缺陷综合征，英文缩写为 AIDS。在 人体血液或其他样本中检测到艾滋病病毒或其抗体呈阳性，没有出现临床症状或体征的，为感染艾滋病病毒；如果同时出现了明显临 床症状或体征的，为患艾滋病。 5.4 保险金的赔付 由受益人填写保险金赔付申请书，并提供下列证明和资料： （1） 保险合同； （2） 受益人的有效身份证件； （3） 医院出具的医疗诊断书、医疗病历或出院小结、检查检验报告及费用清单； （4） 医院出具的医疗费用原始凭证和医疗费用结算清单'}, {'content': '时转入约定的医院。被保险人 未在约定的医院就诊产生的医疗费用，我们不承担保险责任。 47赔付率=（本保险年度赔款金额+本保险年末未决赔款准备金－本保险年初未决赔款准备金）÷（本保险年度保费收入+本保险 年初未到期责任准备金－本保险年末未到期责任准备金）。 48行业平均赔付率由中国保险行业协会定期制作并发布。 7.3 保险金申请 在申请保险金时，请按照下列方式办理： 一 般 医 疗 保 险 金、特定疾病医 疗保险金、重大 疾 病 医 疗 保 险 金、指定疾病康 复医疗保险金、 院外恶性肿瘤特 定用药基因检测 费用保险金的申 请 重大疾病关爱保 险金的申请 院外恶性肿瘤特 定药品费用医疗 保险金的申请和 赔付 由受益人填写保险金赔付申请书，并提供下列证明和资料： （1） 保险合同； （2） 受益人的有效身份证件； （3） 医院出具的医疗诊断书、医疗病历或出院小结、检查检验报告及费用 清单； （'}, {'content': '或者其他体液 时感染上人类免疫缺陷病毒（HIV）或患艾滋病。必须满足下列全部条件： （1）感染必须是在被保险人正在从事其职业工作中发生，该职业必须属于以下列表 内的职业； （2）必须提供被保险人在所报事故发生后的 5 天以内进行的检查报告，该报告必须 显示被保险人血液 HIV 病毒阴性和/或 HIV 抗体阴性； （3）必须在事故发生后的 180 天内证实被保险人体内存在 HIV 病毒或者 HIV 抗体。 职业限制如下所示： 医生和牙科医生 医院化验室工作人员 医生助理和牙医助理 助产士 警察 护士 医院护工 救护车工作人员 消防队员 狱警 指因进行器官移植而感染上人类免疫缺陷病毒（HIV）或患艾滋病，且须满足下列全 部条件： （1）在保障起始日或复效日之后，被保险人因治疗必需而实施器官移植，并且因器 官移植而感染人类免疫缺陷病毒或患艾滋病； （2）提供器官移植治疗的器官移植中心或医院出具的'}, {'content': '职业必须属于以下列 职业： 医生和牙科医生、护士、医院化验室工作人员、医院护工、医生助理和牙医助理、 救护车工作人员、助产士、消防队员、警察、狱警。 （2）血清转化必须出现在事故发生后的 6 个月以内； （3）必须提供被保险人在所报事故发生后的 5 天以内进行的检查报告，该报告必 须显示被保险人血液 HIV 病毒阴性和/或 HIV 抗体阴性； （4）必须在事故发生后的 12 个月内证实被保险人体内存在 HIV 病毒或者 HIV 抗 体。 在任何治愈艾滋病（AIDS）或阻止人类免疫缺陷病毒（HIV）作用的疗法被发现以 后，或能防止艾滋病（AIDS）发生的医疗方法被研究出来以后，则我们不再予以 赔付。 任何因其他传播方式（包括：性传播或静脉注射毒品）导致的 HIV 感染不在本保 障范围内。 指破伤风梭菌经由皮肤或黏膜伤口侵入人体，在缺氧环境下生长繁殖，产生毒素 而引起肌痉挛的一种特异性感染。须'}, {'content': '被保险人需通过核保审核，故意或重大过失未履行如实告知义务，足以影响承保决定或提高保险费率的，保险公司有权解除合同。故意不履行如实告知义务的，保险公司不承担赔付责任且不退保费；重大过失未履行如实告知义务并对保险事故有严重影响的，保险公司不承担赔付责任但退还保费。'}, {'content': '被保险人的身体健康状况需通过核保审核。'}, {'content': '被保险人的身体健康状况需通过核保审核。'}, {'content': '被保险人的身体健康状况需通过核保审核，投保时应如实告知被保险人的年龄、性别、健康状况等信息。'}, {'content': '被保险人的身体健康状况需通过核保审核。未履行如实告知义务，足以影响承保或提高保险费率的，保险公司有权解除合同。故意不履行如实告知义务，解除前发生的保险事故，不承担赔付责任，并不退还保险费。因重大过失未履行如实告知义务，对保险事故有严重影响的，解除前发生的保险事故，不承担赔付责任，但退还保险费。合同订立时已知未如实告知情况的，不得解除合同，发生保险事故的，承担赔付责任。申报被保险人年龄不真实，真实年龄不符投保年龄限制的，有权解除合同并退还现金价值。申报年龄不真实，实付保险费少于应付保险费的，要求补交保险费，已发生保险事故按比例赔付。实付保险费多于应付保险费的，退还多收的保险费。'}]",95
移小保安欣保2.0长期医疗,产品：移小保安欣保2.0长期医疗	问题：如果被保险人在保险期间内健康状况发生变化，会影响续保吗？,"根据移小保安欣保2.0长期医疗保险条款，在保证续保期间内，被保险人的健康状况发生变化不会影响续保。

具体说明如下：

**保证续保权益**：
- 本产品为费率可调的保证续保型医疗保险，保证续保期间为20年
- 在保证续保期间内，保险公司明确表示""不因被保险人的身体状况或历史理赔情况而拒绝您的续保申请""
- 即使产品停售，也不影响您在保证续保期间内的续保权利

**续保条件**：
- 您需要在每个保险期间届满后60日内按当时费率表足额缴纳保险费
- 如未明确声明不再续保，合同将自动续保

**需要注意**：
只有在保证续保期间届满后，如需继续投保，才需要重新申请并接受核保审核。在20年保证续保期间内，您的续保权利是受到保障的，不会因健康状况变化而受到影响。","[{'content': '不计。 1.7 保 险 期 间 与 保 证 续保 同的，合同解除前发生的保险事故3我们不承担保险责任，已经承担保险责 任的情况下，被保险人应当向我们退还已经支付的保险金，您对被保险人退 还保险金应承担连带责任。 本主险合同是费率可调的保证续保型医疗保险合同，保险期间为 1 年，保证 续保期间为 20 年。保证续保期间自您首次投保本主险合同的保险期间开始 之日起计算。 在保证续保期间内，我们不因被保险人的身体状况或历史理赔情况而拒绝您 的续保申请且本产品的停售也不影响您的保证续保权。保证续保期间内，如 您未明确声明不再续保，本主险合同将自动续保，但您需要在每一个保险期 间届满后 60 日内按该保险期间届满时本保险的费率表足额缴纳应缴保险 费，才能继续享有本主险合同提供的保障。 每一保证续保期间届满时，如您在上一保险期间届满后 60 日内向我们提出 重新投保申请，我们将对被保险人做核保审核，如'}, {'content': '续保期间将一并终止： 1. 您在投保时对我们询问的问题未做如实回答，即未履行如实告知义务； 2. 您在本主险合同 1 年的保险期间内申请解除保险合同； 3. 您在任一保险期间结束后 60 日内没有及时足额缴纳应缴的保险费； 4. 我们向您赔付的保险金累计达到了保证续保期间内总赔付限额； 5. 本主险合同效力中止且在保险期间届满时未按“5.2 宽限期”的约定达 成协议恢复合同效力。 您在上述任一情形发生之后的投保或续保申请均等同于首次投保申请，我们 有权拒绝您的投保申请，即使我们同意了您的投保申请，您的保证续保期间 和等待期（详见 2.2 条保险责任）也将重新开始计算。 本主险合同属于费率可调型长期医疗保险，您在保证续保期间内续保时应缴 纳的保险费是不确定的，详见本条款第 6 条的约定和产品说明书。 \uf076 我们提供的保障 2.1 保险计划 2.2 保险责任 2.2.1 等待期 本主险合同的保证'}, {'content': '险期间届满时本保险的费率表足额缴纳应缴保险 费，才能继续享有本主险合同提供的保障。 每一保证续保期间届满时，如您在上一保险期间届满后 60 日内向我们提出 重新投保申请，我们将对被保险人做核保审核，如我们审核同意继续承保该 被保险人，将与您协商继续投保事宜。协商达成一致且您已按当时被保险人 适用的费率缴纳保险费，则进入下一保证续保期间。如本公司审核不同意， 将书面通知您不再接受该被保险人的投保申请。若保证续保期间届满时，被 保险人已年满 80 周岁（含 80 周岁）或者本产品已停止销售，我们不再接受 重新投保申请，但会向您提供投保其他保险产品的合理建议。 若发生下列情形之一的，本主险合同和保证续保期间将一并终止： 1. 您在投保时对我们询问的问题未做如实回答，即未履行如实告知义务； 2. 您在本主险合同 1 年的保险期间内申请解除保险合同； 3. 您在任一保险期间结束后 60 日内没有及时'}, {'content': '险期间内您可以选择一次性全额支付保险费，也可以根据合同 约定分期支付保险费。 在保证续保期间内，您应于上一保险期间届满后 60 日内向我们支付应缴保 险费；若您未在上述 60 日内向我们支付应缴保险费，本主险合同效力自本 主险合同约定的保险期间届满时终止，保证续保期间也将一并终止。 在本主险合同 1 年的保险期间内分期支付保险费的，在支付首期保险费后， 除本主险合同另有约定外，如果您到期未支付应缴保险费，自保险费约定支 付日46的次日零时起 30 日为宽限期。宽限期内发生的保险事故，我们仍会承 担保险责任，但在赔付保险金时会扣减欠缴的保险费。 如果您在宽限期届满时仍未缴纳保险费，则本主险合同自宽限期届满日的次 日零时起效力中止，在本合同效力中止期间发生保险事故的，本公司不承担 给付保险金的责任。 自本主险合同效力中止之日起至保险期间届满前，您可以向我们申请恢复合 同效力。我们有权对被保险人'}, {'content': '人确诊疾病，因该疾病所产生的医疗费用，无论此 等费用是否发生在等待期内，我们都不承担保险责任。 3保险事故指发生本主险合同保险责任范围内的事件。 被保险人在投保后至等待期结束前确诊本主险合同所附重大疾病清单（详见 附表 3）定义的重大疾病的，我们不承担保险责任，本主险合同将终止，我 们会向您无息退还本主险合同您所支付的全部保险费。 以下两种情形，无等待期： （1）因意外伤害4发生的保险事故； （2）保证续保期间内每个保险期间届满后60日内，按本主险合同约定足额 缴纳应缴的保险费，完成续保的。 除另有约定外，本主险合同中的免赔额是指同一保单中同时参保本保险的被 保险人在一个保险期间内发生的、虽然属于一般医疗保险金、特定疾病医疗 保险金、重大疾病医疗保险金和指定疾病康复医疗保险金保险责任范围内的 医疗费用，但依照本主险合同约定仍旧由被保险人个人自行承担，我们不予 赔付的金额。只有当免赔额因以下'}, {'content': '长期医疗保险，您在保证续保期间内续保时应缴 纳的保险费是不确定的，详见本条款第 6 条的约定和产品说明书。 \uf076 我们提供的保障 2.1 保险计划 2.2 保险责任 2.2.1 等待期 本主险合同的保证续保期间内总赔付限额、保险期间内赔付限额、各项责任 对应的赔付限额、赔付比例、免赔额等条款未尽内容详见保险计划表。 在本主险合同保险期间内，我们承担如下保险责任。本主险合同的保险责任 分为基本责任和可选责任。本主险合同可以仅包含基本责任，也可以在基本 责任基础上包含可选责任，但不能仅包含可选责任。 除另有约定外，自本主险合同保险期间开始日起 90 天内（含第 90 天）为等 待期。在等待期内被保险人确诊疾病，因该疾病所产生的医疗费用，无论此 等费用是否发生在等待期内，我们都不承担保险责任。 3保险事故指发生本主险合同保险责任范围内的事件。 被保险人在投保后至等待期结束前确诊本主险合同所附重大疾'}, {'content': '保险期间届满，需重新申请投保并经同意，交纳保险费，获得新合同。若产品已停止销售，不再接受投保申请，但会提供其他保险产品的合理建议。'}, {'content': '保险期间届满，需重新申请投保并经同意，交纳保险费，获得新合同。若产品停售，不再接受投保申请，但会提供其他保险产品的合理建议。'}, {'content': '不保证续保，保险期间届满需重新申请投保并经同意，交纳保险费，获得新保险合同。'}, {'content': '本主险合同为费率可调的保证续保型医疗保险，保险期间1年，保证续保期间20年。保证续保期间内，不因被保险人身体状况或历史理赔情况拒绝续保申请，且产品停售不影响保证续保权。未明确声明不再续保，合同自动续保，需在每个保险期间届满后60日内按费率表缴纳保险费。首次投保免赔额1万元，未理赔续保时免赔额逐年下调1000元，最低5000元；发生理赔则免赔额恢复为1万元。未按时支付保险费，合同效力终止，保证续保期间也终止。分期支付保险费的，有30天宽限期，宽限期内发生事故仍承担保险责任，但扣减欠缴保险费。宽限期届满未缴费，合同效力中止，中止期间不承担保险责任。保证续保期间内续保，按调整后费率缴纳续期保险费。'}, {'content': '保险期间届满，需重新申请投保并经同意，交纳保险费，获得新合同。若产品停售，不再接受投保申请，但会提供其他保险产品的合理建议。'}]",
移小保安欣保2.0长期医疗,产品：移小保安欣保2.0长期医疗	问题：保险金的给付方式和时效是怎样的？,"根据移小保安欣保2.0长期医疗保险条款，保险金的给付方式和时效如下：

### 保险金申请方式
申请保险金时，需由受益人填写保险金给付申请书，并提供以下证明和资料：
1. 保险合同；
2. 受益人的有效身份证件；
3. 医院出具的医疗诊断书、医疗病历或出院小结、检查检验报告及费用清单；
4. 医院出具的医疗费用原始凭证和医疗费用结算清单；
5. 其他与确认保险事故性质、原因相关的证明资料。

若资料不完整，保险公司将在收到申请后一次性通知补充所需材料。

### 保险金给付时效
1. **一般情况**：保险公司在收到完整保险金申请材料后，将在**5日内**作出核定。
2. **复杂情形**：若情况复杂，核定时间可延长至**30日内**。
3. **赔付时限**：对属于保险责任的，在与受益人达成给付协议后**10日内**履行给付义务。
4. **超时处理**：若在第30日仍未作出核定，除支付保险金外，将从第31日起按超过天数赔偿利息损失。

### 特殊情形说明
- **院外药品费用**：首次申请用药和保险金赔付的，核定时间为**30日内**；非首次申请为**5日内**。
- **指定医院要求**：被保险人必须在合同约定的医院就诊，否则相关医疗费用不予承担。

### 注意事项
- 保险金赔付遵循补偿原则，即在各分项保险金的赔付限额内进行给付。
- 对于院外恶性肿瘤特定药品费用，审核通过后保险公司将提供购药凭证，相关费用直接与指定药店结算。

如有更多疑问，建议查阅保险合同具体条款或咨询保险公司客服。","[{'content': '时转入约定的医院。被保险人 未在约定的医院就诊产生的医疗费用，我们不承担保险责任。 47赔付率=（本保险年度赔款金额+本保险年末未决赔款准备金－本保险年初未决赔款准备金）÷（本保险年度保费收入+本保险 年初未到期责任准备金－本保险年末未到期责任准备金）。 48行业平均赔付率由中国保险行业协会定期制作并发布。 7.3 保险金申请 在申请保险金时，请按照下列方式办理： 一 般 医 疗 保 险 金、特定疾病医 疗保险金、重大 疾 病 医 疗 保 险 金、指定疾病康 复医疗保险金、 院外恶性肿瘤特 定用药基因检测 费用保险金的申 请 重大疾病关爱保 险金的申请 院外恶性肿瘤特 定药品费用医疗 保险金的申请和 赔付 由受益人填写保险金赔付申请书，并提供下列证明和资料： （1） 保险合同； （2） 受益人的有效身份证件； （3） 医院出具的医疗诊断书、医疗病历或出院小结、检查检验报告及费用 清单； （'}, {'content': '的治疗费用； （3）器官移植后的门诊抗排异治疗； （4）门诊手术25。 我们依据 2.2.11 条的保险金计算方法结合补偿原则在一般医疗保险金赔付 限额内赔付指定门诊急诊医疗保险金。 3.住院前后门诊急诊医疗保险金 被保险人在住院前30日和出院后30日（含住院和出院当日，以住院病历或出 院小结为准）内在医院门诊部门或急诊部门，与本次住院相同原因而发生的， 必须由被保险人个人自行承担的门诊急诊医疗费用。 我们依据2.2.11条的保险金计算方法结合补偿原则在一般医疗保险金赔付 14药品费指实际发生的合理且必要的由医生开具的具有国家药品监督管理部门核发的药品批准文号或者进口药品注册证书、医 药产品注册证书的国产或进口药品的费用。药品费中不包含根据中医药方组合一种或多种中医药材进行内服或外用的中草药药 品费（中草药饮片、中草药颗粒和中草药膏方等），本项费用仅包括条款约定的医院收取的费用（以收费票据'}, {'content': '重大过失未及时通知，致使保险事故的性 质、原因、损失程度等难以确定的，我们对无法确定的部分，不承担给付保险金 的责任，但我们通过其他途径已经及时知道或者应当及时知道保险事故发生或者 虽未及时通知但不影响我们确定保险事故的性质、原因、损失程度的除外。 5.3 保险金申请 在申请保险金时，请按照下列方式办理： 保险金申请 5.4 保险金的给付 由受益人填写保险金给付申请书，并提供下列证明和资料： （1） 保险合同； （2） 受益人的有效身份证件； （3） 由我们认可的医院专科医生出具的疾病诊断证明书、病历记录，以及由我 们认可的医院出具的确诊疾病必需的病理显微镜检查、血液检查、影像学 检查及其他医学检验报告； （4） 所能提供的与确认保险事故的性质、原因等有关的其他证明和资料。 以上证明和资料不完整的，我们将及时一次性通知申请人补充提供有关证明和资 料。 我们在收到保险金给付申请书及上述有关证'}, {'content': '： 由受益人填写保险金给付申请书，并提供下列证明和资料： （1） 保险合同； （2） 受益人的有效身份证件； （3） 医院出具的医疗诊断书、医疗病历或出院小结、检查检验报告及 费用清单； （4） 医院出具的医疗费用原始凭证和医疗费用结算清单； （5） 所能提供的与确认保险事故的性质、原因等有关的其他证明和资 料。 以上证明和资料不完整的，我们将及时一次性通知受益人补充提供有关 证明和资料。 5.4 保险金的给付 我们在收到保险金的给付申请书及上述有关证明和资料后，将在 5 日内 作出核定；情形复杂的，在 30 日内作出核定。 对属于保险责任的，我们在与受益人达成给付保险金的协议后 10 日内， 履行给付保险金义务；若我们在收到保险金给付申请书及上述有关证明 和资料后第 30 日仍未作出核定，除支付保险金外，我们将从第 31 日起 按超过天数赔偿受益人因此受到的利息损失。利息按照我们公示的利'}, {'content': '险人申请时提交的医学材料不足以支持药品处方的开具或审核； （2）医学材料中相关的科学检验方法报告结果不支持药品处方的开具。 首次申请用药和保险金赔付的，我们将在收到上述所有证明和资料之日起最 长 30 日内作出核定。非首次申请用药和保险金赔付的，我们将在收到上述 所有证明和资料之日起最长 5 日内作出核定。 如果被保险人的药品处方审核未通过，我们不承担赔付保险金的责任。 7.4 保险金的赔付 2.药品购买和保险金赔付 用药和保险金赔付申请核定通过后，我们将会提供购药凭证。被保险人前往 指定药店购买药品。如果被保险人因赔付比例原因需要自行承担部分药品 费，则需要在领取药品时支付自负部分的药品费。 保险金将由我们与指定药店直接结算。属于本主险合同保险责任范围内的费 用，被保险人无需支付该部分费用且不应向我们申请该部分保险金的支付。 我们在收到保险金的赔付申请书及上述有关证明和资料后，将在 5 '}, {'content': '疗保险金赔付限额内 赔付院外重大疾病药品费用医疗保险金： 被保险人从院外购买的药品还须满足以下所有条件： 1. 药品处方7必须是由本主险合同约定的医院的专科医生开具的； 2. 药品处方开具的药品必须是被保险人当前治疗所必备的，且必须与国家药品 监督管理机构批准的该药品说明书中所列明的适应症相符合； 3. 药品处方开具的药品需具有国家药品监督管理部门核发的药品批准文号或者 进口药品注册证书、医药产品注册证书。 院外重大疾病药品费用不包括营养补充类药品，免疫功能调节类药品，美容及减 3保险事故指发生本主险合同保险责任范围内的事件。 4意外伤害指遭受外来的、突发的、非本意的、非疾病的使身体受到伤害的客观事件。 5医院指中华人民共和国境内（港、澳、台地区除外）合法经营的二级以上（含二级）属事业单位编制的公立医院（包括公立医院内设 特需部、国际部和 VIP 部），不包括疗养院、护理院、以康复治疗为主'}, {'content': '意外门急诊保险金；指定疾病门急诊保险金。指定疾病包括：病毒性肝炎、麻疹、百日咳、白喉、新生儿破伤风、新冠病毒感染、甲流、乙流、手足口病、猴痘、肺炎、气管炎、支气管炎、幼儿急疹、肠炎、扁桃体炎、喉炎、水痘、狂犬病、流行性乙型脑炎。'}, {'content': '在保险期间内，被保险人因遭受意外伤害或在等待期后因疾病需住院治疗并入住重症监护病房的，我们将按重症监护病房住院津贴保险金日额×实际天数给付保险金，每次住院最多给付 30 日，累计最多给付 90 日。'}, {'content': '重大疾病保险金、轻度疾病保险金（可选责任）。保障范围包括但不限于：深度昏迷、双耳失聪、双目失明、瘫痪、心脏瓣膜手术、严重阿尔茨海默病、严重脑损伤、严重原发性帕金森病、严重Ⅲ度烧伤、严重特发性肺动脉高压、严重运动神经元病、语言能力丧失、重型再生障碍性贫血、主动脉手术、严重慢性呼吸衰竭、严重克罗恩病、严重溃疡性结肠炎、严重多发性硬化症、严重1型糖尿病、严重类风湿性关节炎、胆道重建手术、重症急性坏死性筋膜炎、严重系统性硬皮病、急性坏死胰腺炎开腹手术、严重原发性硬化性胆管炎、胆汁性肝硬化、颅脑手术、系统性红斑狼疮-Ⅲ型或以上狼疮性肾炎、严重结核性脑膜炎、经输血导致的人类免疫缺陷病毒（HIV）感染、丝虫病所致严重象皮肿、胰腺移植、严重慢性复发性胰腺炎、严重肾髓质囊性病、肺源性心脏病、特发性慢性肾上腺皮质功能衰竭、严重进行性核上性麻痹、严重哮喘、严重冠状动脉粥样硬化性心脏病、植物人状态、严重疯牛病、严重自身免疫性肝炎、一肢及单眼缺失、职业性HIV感染、破伤风、狂犬病、严重心肌炎、需手术切除的嗜铬细胞瘤、严重肠道疾病并发症、严重Ⅲ度房室传导阻滞、双侧肾切除或孤肾切除、严重感染性心内膜炎、败血症导致的'}, {'content': '在本主险合同保险期间内，我们承担如下保险责任：基本责任和可选责任。基本责任包括一般医疗保险金（住院、指定门诊急诊、住院前后门诊急诊）、特定疾病医疗保险金（住院、指定门诊急诊、住院前后门诊急诊）、重大疾病医疗保险金（住院、指定门诊急诊、住院前后门诊急诊、质子重离子）、指定疾病康复医疗保险金、重大疾病关爱保险金、院外恶性肿瘤特定药品费用医疗保险金、院外恶性肿瘤特定用药基因检测费用保险金。特定疾病包括原位癌、激光心肌血运重建术、心脏瓣膜介入手术、强直性脊柱炎的特定手术治疗、视力严重受损、单目失明、角膜移植、主动脉内手术、脑垂体瘤、脑囊肿、脑动脉瘤及脑血管瘤、特定面积Ⅲ度烧伤、轻度面部烧伤、面部重建手术、严重头部外伤、微创颅脑手术、原发性肺动脉高压、运动神经元病、单侧肺脏切除、于颈动脉进行血管成形术或内膜切除术、单耳失聪、人工耳蜗植入术、起搏器或除颤器植入、心包膜切除术、肝叶切除、单个肢体缺失、特定周围动脉疾病的血管介入治疗、早期原发性心肌病、肾脏切除等。重大疾病包括但不限于因疾病或意外伤害导致的肾脏严重损害、双侧卵巢或睾丸切除术、腔静脉过滤器植入术、肾上腺皮质腺瘤切除肾上腺、可逆性再生障碍性'}, {'content': '在本主险合同保险期间内，被保险人因遭受意外伤害事故或在等待期后因意外伤害以外的原因，经本主险合同约定的医院的专科医生确诊初次罹患本主险合同所附重大疾病清单定义的重大疾病，对于其在本主险合同约定的医院外购买的，用于治疗而产生的合理且必要的，必须由被保险人个人自行承担的，满足以下条件的院外重大疾病药品费用，我们依据2.1.3条的保险金计算方法结合补偿原则在院外重大疾病药品费用医疗保险金赔付限额内赔付院外重大疾病药品费用医疗保险金。重大疾病包括但不限于神经系统永久性功能障碍、深度昏迷、双耳失聪、双目失明、瘫痪、心脏瓣膜手术、严重阿尔茨海默病、严重脑损伤、严重原发性帕金森病、严重Ⅲ度烧伤、严重特发性肺动脉高压、严重运动神经元病、语言能力丧失、重型再生障碍性贫血、主动脉手术、严重慢性呼吸衰竭、严重克罗恩病、严重溃疡性结肠炎、侵蚀性葡萄胎、严重的原发性心肌病、严重感染性心内膜炎、严重肺源性心脏病、严重的Ⅲ度房室传导阻滞、严重冠心病、严重心肌炎、艾森门格综合征、风湿热导致的心脏瓣膜疾病、急性风湿热、心脏粘液瘤手术、严重大动脉炎、Brugada 综合征、严重继发性肺动脉高压、室壁瘤切除手术、严重心脏衰'}]","22, 49"
移小保平安终身防癌,产品：移小保平安终身防癌	问题：这款保险的犹豫期是多久？犹豫期内退保会全额退款吗？,"根据移小保平安终身防癌保险的相关内容：

**犹豫期：15天**

**犹豫期内退保：会全额退还保险费**

具体依据：
- 在阅读指引中明确标注：""签收本主险合同后15日内您可以要求全额退还保险费""
- 在条款中多次提到""15日""犹豫期
- 犹豫期内解除保险合同的，保险公司会全额退还已交保险费

需要注意的是，犹豫期内解除合同的，合同解除前发生的保险事故保险公司不承担保险责任。","[{'content': ' （1）被保险人身故； （2）本主险合同中列明的其他合同解除或终止的情形。 -252- 附表 1： 平安互联网长期癌症医疗保险（费率可调）计划表 保证续保期间内赔付总限额 保险期间内赔付限额 保险期间 保证续保期间 犹豫期 保障区域 医院范围 等待期 人民币 800 万元 人民币 400 万元 1 年（终身保证续保） 首个保险期间开始日至被保险人终身 15 天 中国大陆（不包括港澳台） 二级以上（含二级）公立医院普通部 90 天（续保无等待期） 恶性肿瘤及原位癌治疗费用医疗保险金 院外恶性肿瘤特定药品费用保险金 指定医院，100%赔付，非指定医院 90%赔付（基本医 疗保险罚则 60%） -253- 附表 2： 序号 1 2 3 4 5 6 7 8 9 10 11 12 13 14 15 16 17 18 19 20 21 22 23 24 25 26 27 28 29 30 31 32 '}, {'content': '平安健康〔2023〕医疗保险 110 号 阅 读 指 引 ．．．．．．（费率可调） ．．．．．．”．内容的解释以条款为准 ．．．．．．．．．．。 请扫描以查询验证条款 ．．．．．．．．．．．．，对．“．平安．．互联网．．．长期．．癌症医疗保险 阅读指引有助于您理解条款 \uf043\uf020您拥有的重要权益 \uf076 签收本主险合同后15日内您可以要求全额退还保险费…………………………………1.6 \uf076 被保险人可以享受本主险合同提供的保障………………………………………………2.2 \uf076 您有退保的权利……………………………………………………………………………7.1 \uf043\uf020您应当特别注意的事项 \uf076 本保险为费率可调的长期医疗保险，在保证续保期间内保险费率有可能调整……1.7、5 \uf076 我们对免除保险人责任的条款作了特别提示，详见条款正文中背景突出显示的内容 ……………………………………………………………1.6、2.2、3'}, {'content': '自出生之日起为零周岁，每经过一年增加一岁，不足一年的不计。 解除本主险合同时，您需要填写申请书，并提供您的保险合同及有效身 份证件。自我们收齐上述资料时起，本主险合同即被解除，犹豫期内解 除保险合同的，合同解除前发生的保险事故3我们不承担保险责任，已经 承担保险责任的情况下，被保险人应当向我们退还已经支付的保险金， 您对被保险人退还保险金应承担连带责任。 1.7 保 险 期 间 与 不 保 证续保 本主险合同的保险期间为 1 年，不保证续保。保险期间届满，您需要重 新向我们申请投保本产品，并经我们同意，交纳保险费，获得新的保险 合同。若保险期间届满时，本主险产品已停止销售，我们不再接受投保 申请，但会向您提供投保其他保险产品的合理建议。 \uf076\uf020我们提供的保障 2.1 保险计划 本主险合同的保险计划由您在投保时选择并在保险合同中载明。不同保险 计划的特定疾病范围和保险金总限额4详见保险计划表。'}, {'content': '我们同意了您的投保申请，您的保证续保期间和等待期 （见 2.2 条保险责任）也将重新开始计算： 1. 您在投保时对我们询问的问题未做如实回答，即未履行如实告知义务； 2. 您在本主险合同 1 年的保险期间内申请解除保险合同； 3. 您在任一保险期间结束后 60 日内没有及时足额缴纳应缴的保险费； 4. 我们向您赔付的保险金达到了保证续保期间内赔付总限额。 本主险合同属于费率可调型长期医疗保险，您在保证续保期间内续保时应缴 纳的保险费是不确定的，详见本条款第 5 条的约定和产品说明书。 \uf076\uf020我们提供的保障 2.1 保险计划 本主险合同的保险期间内赔付限额、保证续保期间内赔付总限额、赔付比例 等详见保险计划表。 2.2 保险责任 在本主险合同保险期间内，我们承担如下保险责任： 2.2.1 等待期 除另有约定外，自本主险合同保险期间开始日起 90 天内（含第 90 天）为等 待期。被保险人在投保'}, {'content': '见保险计划表。 2.2 保险责任 在本主险合同保险期间内，我们承担如下保险责任： 2.2.1 等待期 除另有约定外，自本主险合同保险期间开始日起 90 天内（含第 90 天）为等 待期。被保险人在投保后至等待期结束前确诊本主险合同所定义的恶性肿瘤 或原位癌的，我们不承担保险责任，本主险合同将终止，我们会向您无息退 还本主险合同的所有保险费。 以下情形，无等待期： 保证续保期间内每个保险期间届满后60日内，按本主险合同约定足额缴纳应 缴的保险费，完成续保的。 2.2.2 恶性肿瘤 本主险合同所称的“恶性肿瘤”应当符合以下两种定义之一： 1.恶性肿瘤--重度 指恶性细胞不受控制的进行性增长和扩散，浸润和破坏周围正常组织，可以 3 有效身份证件是指政府有权机关颁发的能够证明其合法真实身份的证件或文件等，如居民身份证、按规定可使用的有效护照、 营业执照等。 -241- 经血管、淋巴管和体腔扩散转移'}, {'content': '险金的赔付 6.5 诉讼时效 7.如何解除保险合同 7.1 您解除合同的手续和风险 8.其他需要关注的事项 8.1 明确说明与如实告知 8.2 年龄与性别错误 8.3 合同内容变更 8.4 联系方式变更 8.5 效力终止 8.6 争议处理 附表1：平安互联网长期癌症医疗 保险（费率可调）计划表 附表2：院外恶性肿瘤特定药品清 单 附表3：指定医院清单 附表4：甲状腺癌的TNM分期 -239- 平安互联网长期癌症医疗保险（费率可调）条款 本保险为费率可调的长期医疗保险，在保证续保期间内保险费率有可能调整。 在本条款中，“您”指投保人，“我们”、“本公司”均指平安健康保险股份有限公司。 \uf075\uf020您与我们的合同 1.1 合同构成 本保险条款、保险合同、保险单或其他保险凭证、产品说明书、投保书、与 保险合同有关的投保文件、合法有效的声明、批注、批单、附加险合同、其 他书面或电子协议都是您与我们之间订立'}, {'content': '15天'}, {'content': '15日'}, {'content': '15日'}]","1, 7, 59, 65, 66"
移小保平安终身防癌,产品：移小保平安终身防癌	问题：保险期间是多长时间？到期后能否保证续保？,"根据移小保平安终身防癌保险条款内容：

**保险期间**：本产品的保险期间为1年。

**续保条件**：这是一款保证续保型医疗保险，保证续保至被保险人终身。在保证续保期间内：
- 保险公司不会因被保险人的身体状况或历史理赔情况而拒绝续保申请
- 产品停售也不影响您的保证续保权
- 如您未明确声明不再续保，保险合同将自动续保

**续保要求**：需要在每个保险期间届满后60日内按时足额缴纳应缴保险费，才能继续享有保障。

**注意事项**：
1. 本产品属于费率可调型长期医疗保险，保证续保期间内续保时缴纳的保险费可能调整
2. 首次费率调整不会早于产品正式上市销售之日起满三年
3. 每次调整费率的间隔时间不少于1年

**合同终止情形**：如发生未如实告知、合同解除、未按时缴费或达到保证续保期间内赔付总限额等情况，保证续保期间将终止。","[{'content': '我们同意了您的投保申请，您的保证续保期间和等待期 （见 2.2 条保险责任）也将重新开始计算： 1. 您在投保时对我们询问的问题未做如实回答，即未履行如实告知义务； 2. 您在本主险合同 1 年的保险期间内申请解除保险合同； 3. 您在任一保险期间结束后 60 日内没有及时足额缴纳应缴的保险费； 4. 我们向您赔付的保险金达到了保证续保期间内赔付总限额。 本主险合同属于费率可调型长期医疗保险，您在保证续保期间内续保时应缴 纳的保险费是不确定的，详见本条款第 5 条的约定和产品说明书。 \uf076\uf020我们提供的保障 2.1 保险计划 本主险合同的保险期间内赔付限额、保证续保期间内赔付总限额、赔付比例 等详见保险计划表。 2.2 保险责任 在本主险合同保险期间内，我们承担如下保险责任： 2.2.1 等待期 除另有约定外，自本主险合同保险期间开始日起 90 天内（含第 90 天）为等 待期。被保险人在投保'}, {'content': '至保险期间届满前，您可以向我们申请恢复合 同效力。我们有权对被保险人的健康状况进行核保并有可能依法不同意恢复 合同效力。经本公司与您协商并达成协议，在您补缴保险费后，自您补缴保 险费的次日零时起，本合同效力恢复。 自本主险合同效力中止之日起至保险期间届满日止仍未达成协议的，本主险 合同效力终止。 \uf079\uf020保险费率的调整 5.1 保险费率的调整 本保险是费率可调的长期医疗保险产品，在保证续保期间内您应缴纳的保险 费可能在初始费率的基础上调整，但我们首次调整费率的时间不会早于本保 险正式上市销售之日起满三年且每次调整费率的间隔时间不少于 1 年。 本保险的费率调整适用于所有被保险人或同一费率组别的所有被保险人，我 们有权对不同组别的被保险人确定不同的费率调整幅度，分组方式根据您投 保时或保费应缴日被保险人的年龄、性别和被保险人是否享有基本医疗保险 等因素确定。我们不会因单个被保险人身体状况的差异实'}, {'content': '保证续保型医疗保险合同，保险期间为 1 年，保证 续保至被保险人终身。保证续保期间自您首次投保本主险合同的保险期间开 始之日起计算。在保证续保期间内，我们不因被保险人的身体状况或历史理 赔情况而拒绝您的续保申请且本产品的停售也不影响您的保证续保权。保证 续保期间内，如您未明确声明不再续保，本主险合同将自动续保，但您需要 在每一个保险期间届满后 60 日内按该保险期间届满时本保险的费率表足额 缴纳应缴保险费，才能继续享有本主险合同提供的保障。 若发生下列情形之一的，本主险合同和保证续保期间将一并终止，您在下列 任一情形发生之后的投保或续保申请均等同于首次申请投保，我们有权拒绝 您的投保申请，即使我们同意了您的投保申请，您的保证续保期间和等待期 （见 2.2 条保险责任）也将重新开始计算： 1. 您在投保时对我们询问的问题未做如实回答，即未履行如实告知义务； 2. 您在本主险合同 1 年的保险'}, {'content': '医疗活动中，违反医疗卫生管理法律、行政法规、部门规章和诊疗护理规范及常规，过 失造成患者人身损害的事故（在本合同有效期内，因输血导致的感染艾滋病病毒或患艾滋病的、因器官移植导致的感染艾滋 病病毒或患艾滋病的除外）。 30基因疗法指通过各种手段修复缺陷基因，以实现减缓或治愈疾病目的的技术。 31细胞免疫疗法指通过采集人体免疫细胞，在体外进行扩增和功能鉴定，然后向患者转输，达到杀灭血液及组织中的病原体、 癌细胞、突变的细胞，从而打破机体免疫耐受，激活和增强机体免疫力的治疗方法。 32人工器官指用人工材料和电子技术制成部分或全部替代人体自然器官、骨骼、血管、神经等功能的替代物、机械装置或电子 装置。 -247- 4.2 宽限期 在保证续保期间内，您应于上一保险期间届满后 60 日内向我们支付应缴保 险费；若您未在上述 60 日内向我们支付应缴保险费，本主险合同效力自本 主险合同约定的保险期间届满'}, {'content': '险人申请投保且所有被保险人均被我们同意承 保的情况。 2周岁指按有效身份证件中记载的出生日期计算的年龄，自出生之日起为零周岁，每经过一年增加一岁，不足一年的不计。 -240- 1.7 保 险 期 间 与 保 证 续保 期间提出解除本主险合同，我们将无息退还您所支付的全部保险费。 解除本主险合同时，您需要填写申请书，并提供您的保险合同及有效身份证 件3。自我们收齐上述资料时起，本主险合同即被解除。犹豫期内解除保险 合同的，合同解除前发生的保险事故我们不承担保险责任，已经承担保险责 任的情况下，被保险人应当向我们退还已经支付的保险金，您对被保险人退 还保险金应承担连带责任。 本主险合同是费率可调的保证续保型医疗保险合同，保险期间为 1 年，保证 续保至被保险人终身。保证续保期间自您首次投保本主险合同的保险期间开 始之日起计算。在保证续保期间内，我们不因被保险人的身体状况或历史理 赔情况而拒绝您'}, {'content': '们在保证续保期间内累计赔付的保险金达到保 证续保期间内赔付总限额时，本主险合同和保证续保期间将一并终止，我们 不再承担保险责任。 22基本医疗保险指《中华人民共和国社会保险法》所规定的基本医疗保险，包括城镇职工基本医疗保险、城镇居民基本医疗保 险或城乡居民基本医疗保险、新型农村合作医疗等政府举办的基本医疗保障项目。 -245- 2.2.8 补偿原则 若被保险人已从其他途径（包括基本医疗保险、公费医疗、城乡居民大病保 险、工作单位、第三方侵权责任人（包含法人）或本公司在内的任何商业保 险机构等）取得补偿的，我们将按上述约定计算并赔付保险金，且最高赔付 金额不超过被保险人实际发生的医疗费用扣除其所获补偿后的余额。 \uf077\uf020责任免除 3.1 责任免除 1. 因下列情形之一导致被保险人罹患恶性肿瘤或原位癌，或在治疗恶性肿 瘤或原位癌的过程中发生下列原因造成的医疗费，我们不承担赔付保险金的 责任： （1'}, {'content': '1年（终身保证续保）'}, {'content': '1年'}, {'content': '1年'}]","2, 3, 60, 61"
移小保平安终身防癌,产品：移小保平安终身防癌	问题：哪些医疗机构可以使用质子重离子治疗服务？,"根据移小保平安终身防癌保险条款，质子重离子治疗服务的指定医疗机构包括：

**一、国内质子重离子医院**
- 上海质子重离子医院（暨复旦大学附属肿瘤医院质子重离子中心）

**二、海外特定质子重离子医疗机构**
包括但不限于以下机构：
- **日本**：国立癌症研究中心东医院、相泽医院质子治疗中心、名古屋质子治疗中心等16家医院
- **韩国**：三星首尔医院、国立癌症中心质子治疗中心
- **印度**：印度阿波罗医院质子治疗中心
- **英国**：Clatterbridge癌症中心、Proton Partner's卢瑟福癌症中心、克里斯蒂质子治疗中心
- **意大利**：意大利国家核物理研究所、CNA0质子重离子治疗中心、特伦托质子治疗中心
- **瑞士**：保罗谢尔研究所质子治疗中心
- **瑞典**：Skandion诊所
- **捷克**：布拉格质子治疗中心
- **荷兰**：格罗宁根大学质子治疗中心、荷兰粒子治疗中心、马斯特里赫特ZON质子治疗中心
- **法国**：CAL癌症中心、居里研究所

**重要提示**：
1. 完整的海外医疗机构清单详见保险合同附表2
2. 保险公司会根据实际情况调整医疗机构范围
3. 您可通过保险公司官方网站或客服电话查询最新清单
4. 在非指定医疗机构就医产生的费用不属于保险责任范围","[{'content': '内分泌疗法指针对于肿瘤的内分泌疗法，用药物抑制激素生成和激素反应，杀死癌细胞或抑制癌细胞的生长。 12肿瘤靶向疗法指在细胞分子水平上，针对已经明确的致癌点来设计相应的靶向治疗药物，利用具有一定特异性的载体，将药物或其 他杀伤肿瘤细胞的活性物质选择性地运送到肿瘤部位攻击癌细胞的疗法。 2.2.3 海外特定质子重 离子医疗机构就 医流程 （2）目的是使被保险人的身体状况满足归国行程所需。 如果您选择的保险计划所包含的指定的医疗机构是海外特定质子重离子医疗机 构，那么被保险人在等待期后经我们认可的医院的专科医生确诊初次罹患恶性 肿瘤--重度，需经过以下评估流程并经我们的安排，才能前往海外特定质子重 离子医疗机构接受质子重离子放射治疗： 一、质子重离子放射治疗就医适应症评估 在本主险合同的保险期间内，若被保险人在等待期后经我们认可的医院的专科 医生确诊初次罹患恶性肿瘤—重度，希望前往本主险合同指定'}, {'content': '子医疗费用”不包含手术、肿瘤化学疗法8 、质 子重离子治疗以外的肿瘤放射疗法9、肿瘤免疫疗法10、肿瘤内分泌疗法11、肿 瘤靶向疗法12等其它治疗的相关费用。 如果您选择的保险计划所包含的指定的医疗机构是海外特定质子重离子医疗机 构，我们在质子重离子医疗费用外还承担如下费用的保障： 1. 转运费 指遵循医嘱且预先通过我们批准使用救护车在同一城市内进行转院或者运送时 产生的费用。 2. 翻译费 指被保险人在医疗机构就诊时产生的与治疗相关的医学翻译费用。 3. 治疗直接并发症的费用 指治疗由本保险安排的海外质子重离子放射治疗所引起的直接并发症的费用。 这些费用需同时满足以下条件： （1）被保险人需要立即在治疗国的医疗机构进行医疗处置； 5医院指中华人民共和国境内（港、澳、台地区除外）合法经营的二级以上（含二级）属事业单位编制的公立医院，不包括疗养院、 护理院、以康复治疗为主要职能的医疗机构如康'}, {'content': '5.1 受益人 5.2 保险事故通知 5.3 保险金的申请 5.4 保险金的赔付 5.5 诉讼时效 6.如何解除保险合同 6.1 您解除合同的手续及风险 7.其他需要关注的事项 7.1 明确说明与如实告知 7.2 年龄错误 7.3 合同内容变更 7.4 联系方式变更 7.5 效力终止 附表1 平安互联网质子重离子医疗 保险计划表 附表2 海外特定质子重离子医疗机 构清单 平安互联网质子重离子医疗保险条款 在本条款中，“您”指投保人，“我们”、“本公司”均指平安健康保险股份有限公司。 \uf075\uf020 您与我们的合同 1.1 合同构成 本保险条款、保险合同、保险单或其他保险凭证、投保书、与保险合同有关的 投保文件、合法有效的声明、批注、批单、附加险合同、服务手册、其他书面 或电子协议都是您与我们之间订立的保险合同的构成部分。 “平安互联网质子重离子医疗保险合同”以下简称为“本主险合同”。 您提出投保申请'}, {'content': '可以通过我们 的官方网站或客服电话查询最新的海外特定医疗机构质子重离子医院列表。 您在本主险合同指定的医疗机构以外的任何医疗机构就医所产生的所有费用都 不属于本主险合同的保险责任范围。 2.2 保险责任 在本主险合同保险期间内，我们承担如下保险责任： 2.2.1 等待期 除另有约定外，本主险合同保险期间开始日起 90 天内（含第 90 天）为等待期。 被保险人在投保后至等待期结束前罹患恶性肿瘤—重度4的，我们不承担保险责 任，本主险合同将终止，我们会向您无息退还本主险合同的所有保险费。 以下情形，无等待期： 根据本条款 1.6 条的约定获得新的保险合同并经我们审核免除被保险人的等待 期的。 4恶性肿瘤--重度指恶性细胞不受控制的进行性增长和扩散，浸润和破坏周围正常组织，可以经血管、淋巴管和体腔扩散转移到身体 其他部位，病灶经组织病理学检查（涵盖骨髓病理学检查）结果明确诊断，临床诊断属于世界'}, {'content': '提供投保其他保险产品的合理建议。 \uf076\uf020 我们提供的保障 2.1 保险计划和医疗机 本主险合同的保障区域、指定的医疗机构范围、赔付限额、赔付比例及特定项 目限额等条款未尽内容详见保险计划表。 构 根据您选择的保险计划不同，本主险合同中指定的医疗机构是以下两类中的 一类： （一）国内质子重离子医院 指上海质子重离子医院，暨复旦大学附属肿瘤医院质子重离子中心。我们会根 据实际情况调整国内质子重离子医院的范围，并在我们的官方网站进行展示。 （二）海外特定质子重离子医疗机构 指附表 2 所列海外特定质子重离子医疗机构清单中的医疗机构。我们会跟踪分 析并适时更新和公布海外特定医疗机构质子重离子医院列表。您可以通过我们 的官方网站或客服电话查询最新的海外特定医疗机构质子重离子医院列表。 您在本主险合同指定的医疗机构以外的任何医疗机构就医所产生的所有费用都 不属于本主险合同的保险责任范围。 2.2 保险责'}, {'content': '最后住所或通讯地 址所发送的有关通知，均视为已送达给您。 7.5 效力终止 当发生下列情形之一时，本主险合同效力终止： （1）被保险人身故； （2）本主险合同中列明的其他合同解除或终止的情形。 附表 1： 平安互联网质子重离子医疗保险计划表 根据您在投保时选择的医院列表，本主险合同共计有两个不同价格的保险计划，详如下表。 保障计划 计划一 计划二 指定医疗机构 国内质子重离子医院 赔付比例 保险金总赔付限额 床位费限额 100% 人民币 100 万元 人民币 1500 元/天 海外特定质子重离子医疗机构 （详见附表 2） 100% 人民币 100 万元 无 附表 2： 平安互联网质子重离子医疗保险 海外特定质子重离子医疗机构清单 序号 国家或地区 医疗机构名称 医疗机构外文名称 地址 日本 日本 日本 日本 1 2 3 4 5 6 7 8 9 中国台湾 林口长庚纪念医院质子暨放射治疗中心 '}, {'content': '除本主险合同另行约定的特定医院外，被保险人在保险合同载明的保障区域外就医的，不属于保险责任范围。被保险人应在本主险合同中约定的医院就诊，若因急诊未在约定的医院就诊的，应在3日内通知我们，并在病情好转后及时转入约定的医院。认可的医院为二级以上（含二级）公立医院普通部，具体指定医院清单见附表3，包括但不限于上海交通大学医学院附属瑞金医院、深圳市人民医院等多家医院。我们会根据实际情况调整指定医院清单的范围，最新版本将在官方网站公示。'}, {'content': ""上海质子重离子医院，暨复旦大学附属肿瘤医院质子重离子中心；中华人民共和国境内（港、澳、台地区除外）合法经营的二级以上（含二级）属事业单位编制的公立医院，不包括疗养院、护理院、以康复治疗为主要职能的医疗机构如康复医院、戒酒或戒毒中心、精神心理治疗中心以及无相应医护人员或设备的二级或三级医院的联合医院或联合病房；附表2所列海外特定质子重离子医疗机构清单中的医疗机构。具体包括：日本：国立癌症研究中心东医院、相泽医院质子治疗中心、名古屋质子治疗中心等16家医院；韩国：三星首尔医院、国立癌症中心质子治疗中心；印度：印度阿波罗医院质子治疗中心；英国：英国 Clatterbridge 癌症中心、Proton Partner's 卢瑟福癌症中心、克里斯蒂质子治疗中心；意大利：意大利国家核物理研究所、意大利 CNA0 质子重离子治疗中心、意大利特伦托质子治疗中心；瑞士：瑞士保罗谢尔研究所质子治疗中心；瑞典：瑞典 Skandion 诊所；捷克共和国：捷克共和国布拉格质子治疗中心；荷兰：格罗宁根大学质子治疗中心、荷兰粒子治疗中心、荷兰马斯特里赫特 ZON 质子治疗中心；法国：法国 CAL 癌症中心、法国居里""}, {'content': '中华人民共和国境内（港、澳、台地区除外）合法经营的二级以上（含二级）公立医院（包括公立医院内设的特需部、VIP部、国际部或国际医疗中心）'}]","4, 9, 10, 14, 20, 41"
移小保平安终身防癌,产品：移小保平安终身防癌	问题：投保年龄有什么限制要求？,"根据移小保平安终身防癌保险的相关内容，投保年龄要求如下：

**首次投保年龄范围：0周岁至70周岁**

具体说明：
- 0周岁投保要求：必须为出生满28日且已健康出院的婴儿
- 年龄计算方式：按有效身份证件中记载的出生日期计算的周岁年龄
- 续保年龄：被保险人年满99周岁前（含99周岁）均可续保

**其他相关要求：**
- 被保险人需在中华人民共和国（港澳台除外）境内累计居住至少240天
- 若被保险人投保时不满1周岁，则需在境内累计居住时间不少于自出生之日起至投保之日止累计日数的三分之二
- 被保险人的身体健康状况需通过保险公司的核保审核

**家庭保单说明：**
您及您的家庭成员（父母、子女及投保时具有合法婚姻关系的配偶）若均满足上述条件，可以同时参保形成家庭保单。","[{'content': '明，未作提示或者明确说明的，该条款不产生效力。 我们就您和被保险人的有关情况提出询问，您应当如实告知。我们的询问和您 的告知将记载于本主险合同中作为保险合同的重要组成部分。 如果您故意或者因重大过失未履行前款规定的如实告知义务，足以影响我们决 定是否同意承保或者提高保险费率的，我们有权解除本主险合同。 如果您故意不履行如实告知义务，对于本主险合同解除前发生的保险事故，我 们不承担赔付保险金的责任，并不退还保险费。 如果您因重大过失未履行如实告知义务，对保险事故的发生有严重影响的，对 于本主险合同解除前发生的保险事故，我们不承担赔付保险金的责任，但会退 还保险费。 我们在合同订立时已经知道您未如实告知的情况的，我们不得解除合同；发生 保险事故的，我们承担赔付保险金的责任。 您在申请投保时，应将与有效身份证件相符的被保险人的出生日期在投保书上 7.2 年龄错误 填明，如果发生错误按照下列方式办'}, {'content': '应当向我们退还已经支付的保险金，您对被保险人退还保险 1同时参保指您在一次投保行为中为两名及以上符合本主险合同约定条件的被保险人申请投保且所有被保险人均被我们同意承保的情 况。 2周岁指按有效身份证件中记载的出生日期计算的年龄，自出生之日起为零周岁，每经过一年增加一岁，不足一年的不计。 3保险事故指发生本主险合同保险责任范围内的事件。 金应承担连带责任。 1.6 保险期间与不保证 续保 本主险合同的保险期间为 1 年，不保证续保。保险期间届满，您需要重新向 我们申请投保本产品，并经我们同意，交纳保险费，获得新的保险合同。 若保险期间届满时，本主险产品已停止销售，我们不再接受投保申请，但会向 您提供投保其他保险产品的合理建议。 \uf076\uf020 我们提供的保障 2.1 保险计划和医疗机 本主险合同的保障区域、指定的医疗机构范围、赔付限额、赔付比例及特定项 目限额等条款未尽内容详见保险计划表。 构 根据您'}, {'content': '险人申请投保且所有被保险人均被我们同意承 保的情况。 2周岁指按有效身份证件中记载的出生日期计算的年龄，自出生之日起为零周岁，每经过一年增加一岁，不足一年的不计。 -240- 1.7 保 险 期 间 与 保 证 续保 期间提出解除本主险合同，我们将无息退还您所支付的全部保险费。 解除本主险合同时，您需要填写申请书，并提供您的保险合同及有效身份证 件3。自我们收齐上述资料时起，本主险合同即被解除。犹豫期内解除保险 合同的，合同解除前发生的保险事故我们不承担保险责任，已经承担保险责 任的情况下，被保险人应当向我们退还已经支付的保险金，您对被保险人退 还保险金应承担连带责任。 本主险合同是费率可调的保证续保型医疗保险合同，保险期间为 1 年，保证 续保至被保险人终身。保证续保期间自您首次投保本主险合同的保险期间开 始之日起计算。在保证续保期间内，我们不因被保险人的身体状况或历史理 赔情况而拒绝您'}, {'content': '自出生之日起为零周岁，每经过一年增加一岁，不足一年的不计。 解除本主险合同时，您需要填写申请书，并提供您的保险合同及有效身 份证件。自我们收齐上述资料时起，本主险合同即被解除，犹豫期内解 除保险合同的，合同解除前发生的保险事故3我们不承担保险责任，已经 承担保险责任的情况下，被保险人应当向我们退还已经支付的保险金， 您对被保险人退还保险金应承担连带责任。 1.7 保 险 期 间 与 不 保 证续保 本主险合同的保险期间为 1 年，不保证续保。保险期间届满，您需要重 新向我们申请投保本产品，并经我们同意，交纳保险费，获得新的保险 合同。若保险期间届满时，本主险产品已停止销售，我们不再接受投保 申请，但会向您提供投保其他保险产品的合理建议。 \uf076\uf020我们提供的保障 2.1 保险计划 本主险合同的保险计划由您在投保时选择并在保险合同中载明。不同保险 计划的特定疾病范围和保险金总限额4详见保险计划表。'}, {'content': '至少240天。若被保险人投保时不满1周岁，则被保险人 在中华人民共和国（港澳台除外）境内累计居住时间不少于自出生之日起 至投保之日止累计日数的三分之二； 2. 被保险人在保险期间开始之日符合1.4条投保年龄要求； 3. 被保险人的身体健康状况能够通过我们的核保审核。 您及您的家庭成员若均满足上述条件，可以同时参保1本保险，形成家庭保 单。家庭成员仅指您的父母、子女以及投保时具有合法婚姻关系的配偶。我们 不接受非同时参保的被保险人保险单合并为家庭保单。 指投保时被保险人的年龄，投保年龄以周岁2计算。 本主险合同接受的首次投保年龄为 0 周岁至 70 周岁，投保时被保险人为 0 周 岁的，应当为出生满 28 日且已健康出院的婴儿。被保险人年满 99 周岁前 （含 99 周岁），保险期间届满，可以重新向我们申请投保本产品，并经过我 们同意，交纳保险费，获得新的保险合同。 自您收到本主险合同电子保'}, {'content': ' 出生之日起至投保之日止累计日数的二分之一； 2. 被保险人在保险期间开始之日符合1.4条投保年龄要求； 3. 被保险人的身体健康状况能够通过我们的核保审核。 您及您的家庭成员若均满足上述条件，可以同时参保1本保险，形成家庭 保单。家庭成员仅指您的父母、子女以及投保时具有合法婚姻关系的配 偶。我们不接受非同时参保的被保险人保险单合并为家庭保单。 指保险期间开始时被保险人的年龄，投保年龄以周岁2计算。 本主险合同接受的首次投保年龄为 0 周岁至 65 周岁，投保时被保险人为 0 周岁的，应当为出生满 28 日且已健康出院的婴儿。被保险人年满 99 周 岁前（含 99 周岁），保险期间届满，可以重新向我们申请投保本产品， 并经过我们同意，交纳保险费，获得新的保险合同。 本主险合同的保障区域为中国大陆（不包括港澳台）。除本主险合同另行 约定的特定医院外，被保险人在保险合同载明的保障区域外就医的，'}, {'content': '首次投保年龄为 0 周岁至 70 周岁，投保时被保险人为 0 周岁的，应当为出生满 28 日且已健康出院的婴儿。被保险人需在中华人民共和国（港澳台除外）境内累计居住至少183天，若被保险人投保时不满1周岁，则被保险人在中华人民共和国（港澳台除外）境内累计居住时间不少于自出生之日起至投保之日止累计日数的二分之一。'}, {'content': '适用人群：首次投保年龄为0周岁至70周岁，投保时被保险人为0周岁的，应当为出生满28日且已健康出院的婴儿。被保险人于本主险合同生效日前365天内在中华人民共和国（港澳台除外）境内累计居住至少240天。若被保险人投保时不满1周岁，则被保险人在中华人民共和国（港澳台除外）境内累计居住时间不少于自出生之日起至投保之日止累计日数的三分之二。被保险人年满99周岁前（含99周岁）。'}, {'content': '0周岁至65周岁，出生满28日且已健康出院的婴儿，被保险人于本主险合同生效日前365天内在中华人民共和国（港澳台除外）境内累计居住至少183天，身体健康状况能够通过核保审核。'}]","6, 8, 38, 64, 66"
移小保平安终身防癌,产品：移小保平安终身防癌	问题：保险责任具体包括哪些治疗费用？,"根据移小保平安终身防癌保险的相关内容，该产品的保险责任主要包括以下几个方面：

**一、恶性肿瘤及原位癌治疗费用医疗保险金**
1. **住院医疗保险金**：承担因恶性肿瘤或原位癌住院治疗产生的医疗费用
2. **指定门诊急诊医疗保险金**：包括
   - 肿瘤化学疗法、肿瘤放射疗法、肿瘤靶向疗法、肿瘤内分泌疗法、肿瘤免疫疗法的治疗费用
   - 器官移植后的门诊抗排异治疗
   - 门诊手术
3. **住院前后门诊急诊医疗保险金**：承担住院前30日（含住院当日）和出院后30日（含出院当日）内，与本次住院相同原因发生的门诊急诊医疗费用

**二、院外恶性肿瘤特定药品费用医疗保险金**
承担用于治疗恶性肿瘤的合理且必要的特定药品费用

**三、质子重离子治疗保险金**
承担质子束放疗、重离子束放疗和中子束放疗时发生的：
- 质子重离子医疗费用
- 转运费
- 翻译费
- 治疗直接并发症的费用

**四、特定疾病医疗保险金**
包括特定疾病住院医疗费用、特定疾病指定门诊急诊医疗费用和特定疾病住院前后门诊急诊医疗费用

需要注意的是，所有保险责任仅承担发生在医院内且由医院实际收取的医疗费用，并需符合保险合同约定的赔付条件和限额。","[{'content': '学疗法20、肿瘤放射疗法21、肿瘤靶向疗 法22、肿瘤内分泌疗法23、肿瘤免疫疗法24的治疗费用； （3）器官移植后的门诊抗排异治疗； （4）门诊手术25。 我们结合补偿原则在特定疾病医疗保险金赔付限额内赔付特定疾病指定 门诊急诊医疗保险金。 3.特定疾病住院前后门诊急诊医疗保险金 被保险人因在等待期后初次罹患的本主险合同约定的特定疾病，在住院前 30日（含住院当日，以住院病历或出院小结为准）和出院后30日（含出院 当日，以住院病历或出院小结为准）内在医院门诊部门或急诊部门，与本 次住院相同原因而发生的，必须由被保险人个人自行承担的门诊急诊医疗 费用26。我们结合补偿原则在特定疾病医疗保险金赔付限额内赔付特定疾 病住院前后门诊急诊医疗保险金。 特定疾病住院前后门诊急诊医疗不包括上述第 2 项所列明的特定疾病指定 门诊急诊医疗。 特定疾病医疗保险金保险责任仅承担发生在医院内且由医院实际收取的'}, {'content': '的门诊急诊医疗费用。我们依据2.2.6 条的保险金计算方法结合补偿原则在恶性肿瘤及原位癌治疗费用医疗保险 金赔付限额内赔付住院前后门诊急诊医疗保险金。 住院前后门诊急诊医疗保险金不包括上述第 2 项所列明的指定门诊急诊医 疗。 恶性肿瘤及原位癌治疗费用医疗保险金保险责任仅承担发生在医院内且由 医院实际收取的住院医疗费用、指定门诊急诊医疗费用与住院前后门诊急 诊医疗费用（以相关医疗费票据为准）的赔偿责任。 2.2.5 院外恶性肿瘤特 定药品费用医疗 保险金 被保险人在等待期满后经我们认可的医院的专科医生确诊初次罹患符合本 主险合同定义的恶性肿瘤或原位癌的，对于其用于治疗该恶性肿瘤而产生的 合理且必要的，满足以下条件的特定药品费用，我们依据 2.2.6 条的保险金 15门诊急诊医疗费用指发生在医院门诊部门或急诊部门的医生诊疗费、治疗费、检查检验费、药品费与中草药药品费。 16肿瘤化学疗法指针对'}, {'content': '是指应用人工物理因子 （如光、电、磁、声等）来治疗疾病，具体疗法包括电疗、光疗、磁疗、热疗等；中医理疗是指以治疗疾病为目的，被保险人接受由 具有相应资格的医生实施的针灸治疗、推拿治疗、拔罐治疗或刮痧治疗等；其他特殊疗法包括顺势治疗、职业疗法及语音治疗等。 （7）医生诊疗费指包括外科医生、麻醉师、内科医生、专科医生的诊疗费用。（8）药品费指被保险人在治疗地使用的，实际发生的 合理且必要的由医生开具的具有治疗地当地国家药品监督管理部门核发的药品批准文号或者进口药品注册证书、医药产品注册证书的 国产或进口药品的费用。药品费中不包括《城镇职工基本医疗保险药品目录》及相关规定中不予给付的下列药品：营养补充类药品， 免疫功能调节类药品，美容及减肥类药品，预防类药品以及根据中医药方组合一种或多种中医药材进行内服或外用的中草药药品费。 8肿瘤化学疗法指针对于肿瘤的化学治疗。化疗是使用医学界公认的化疗药物以'}, {'content': '）结果明确诊断，临床诊断属于世界卫生组织 （WHO，World Health Organization）《疾病和有关健康问题的国际统计分 类》第十次修订版（ICD-10）的恶性肿瘤类别及《国际疾病分类肿瘤学专 辑》第三版（ICD-O-3）的肿瘤形态学编码属于 3、6、9（恶性肿瘤）范畴 的疾病。 下列疾病不属于“恶性肿瘤--重度”，不在保障范围内： （1）ICD-O-3 肿瘤形态学编码属于 0（良性肿瘤）、1（动态未定性肿瘤）、 2（原位癌和非侵袭性癌）范畴的疾病，如： a.原位癌，癌前病变，非浸润性癌，非侵袭性癌，肿瘤细胞未侵犯基底层， 2.2.3 特定疾病 20肿瘤化学疗法指针对于肿瘤的化学治疗。化疗是使用医学界公认的化疗药物以杀死癌细胞、抑制癌细胞生长繁殖为目的而进 行的治疗。本主险合同所指的化疗为被保险人根据医嘱，在医院进行的静脉注射化疗。 21肿瘤放射疗法指被保险人根据医嘱，在医'}, {'content': '充类药品， 免疫功能调节类药品，美容及减肥类药品，预防类药品以及根据中医药方组合一种或多种中医药材进行内服或外用的中草药药品费。 8肿瘤化学疗法指针对于肿瘤的化学治疗。化疗是使用医学界公认的化疗药物以杀死癌细胞、抑制癌细胞生长繁殖为目的而进行的治 疗。本主险合同所指的化疗为被保险人根据医嘱，在医院进行的静脉注射化疗。 9肿瘤放射疗法指被保险人根据医嘱，在医院的专门科室进行的光子束放射疗法和电子束放射疗法。 10肿瘤免疫疗法指应用免疫学原理和方法，使用肿瘤免疫治疗药物提高肿瘤细胞的免疫原性和对效应细胞杀伤的敏感性，激发和增强 机体抗肿瘤免疫应答，促进机体免疫系统杀伤肿瘤、抑制肿瘤生长。 11肿瘤内分泌疗法指针对于肿瘤的内分泌疗法，用药物抑制激素生成和激素反应，杀死癌细胞或抑制癌细胞的生长。 12肿瘤靶向疗法指在细胞分子水平上，针对已经明确的致癌点来设计相应的靶向治疗药物，利用具有一定特异性的'}, {'content': '、肿瘤靶向疗法18、 肿瘤内分泌疗法19、肿瘤免疫疗法20的治疗费用； （2）器官移植后的门诊抗排异治疗； （3）门诊手术21。 我们依据 2.2.6 条的保险金计算方法结合补偿原则在恶性肿瘤及原位癌治 疗费用医疗保险金赔付限额内赔付指定门诊急诊医疗保险金。 3.住院前后门诊急诊医疗保险金 被保险人因在等待期后初次罹患符合本主险合同定义的恶性肿瘤或原位癌， 在确诊之日后经医院诊断必须住院治疗的，对于其在住院前30日（含住院当 日，以住院病历或出院小结为准）和出院后30日（含出院当日，以住院病历 或出院小结为准）内在医院门诊部门或急诊部门，与本次住院相同原因而发 生的，必须由被保险人个人自行承担的门诊急诊医疗费用。我们依据2.2.6 条的保险金计算方法结合补偿原则在恶性肿瘤及原位癌治疗费用医疗保险 金赔付限额内赔付住院前后门诊急诊医疗保险金。 住院前后门诊急诊医疗保险金不包括上述第 2 项所'}, {'content': '在本主险合同保险期间内，我们承担如下保险责任：恶性肿瘤--重度和恶性肿瘤--轻度的保险责任。恶性肿瘤及原位癌治疗费用医疗保险金，包括住院医疗保险金、指定门诊急诊医疗保险金、住院前后门诊急诊医疗保险金、院外恶性肿瘤特定药品费用医疗保险金。'}, {'content': '在保险期间内，被保险人在等待期后经认可医院确诊初次罹患恶性肿瘤--重度，对于其在指定医疗机构接受质子束放疗、重离子束放疗（如碳离子放疗）和中子束放疗时发生的合理且必要的质子重离子医疗费用、转运费、翻译费及治疗直接并发症的费用，保险公司根据约定的赔付比例在保险金赔付限额内赔付。'}, {'content': '特定疾病住院医疗保险金、特定疾病指定门急诊医疗保险金、特定疾病住院前后门急诊医疗保险金。包括特定疾病住院医疗费用、特定疾病指定门诊急诊医疗费用、特定疾病住院前后门诊急诊医疗费用。'}]","18, 19, 77, 79"
移小保平安终身防癌,产品：移小保平安终身防癌	问题：哪些情况属于责任免除范围？,"根据移小保平安终身防癌保险条款，责任免除范围主要包括以下几类情况：

**一、特定疾病不在保障范围内**
1. ICD-O-3肿瘤形态学编码属于0（良性肿瘤）、1（动态未定性肿瘤）、2（原位癌和非侵袭性癌）范畴的疾病
2. 以下特定早期恶性肿瘤：
   - TNM分期为Ⅰ期的甲状腺癌
   - TNM分期为T1N0M0期的前列腺癌
   - 黑色素瘤以外的未发生淋巴结和远处转移的皮肤恶性肿瘤
   - 相当于Binet分期方案A期程度的慢性淋巴细胞白血病
   - 相当于Ann Arbor分期方案Ⅰ期程度的何杰金氏病
   - 未发生淋巴结和远处转移且WHO分级为G1级别的神经内分泌肿瘤
3. 脑垂体瘤

**二、特定情形导致的保险责任免除**
1. 投保人对被保险人的故意杀害、故意伤害
2. 被保险人故意自杀、自伤、故意犯罪或抗拒刑事强制措施
3. 被保险人殴斗、醉酒、主动吸食或注射毒品
4. 核爆炸、核辐射与核污染、战争、军事冲突等
5. 感染艾滋病病毒或患艾滋病期间所患疾病
6. 遗传性疾病、先天性畸形、变形或染色体异常
7. 等待期内确诊的特定疾病

**三、特定医疗费用不在保障范围内**
1. 紧身胸衣、绷带、拐杖、假发等器具用品费用
2. 轮椅、专用床、空调器、空气净化器等设备费用
3. 非处方医生执业医疗机构购买的药品、医疗器械
4. 基因测试、实验性医疗、未经科学认可的医疗手段
5. 各类医疗鉴定费用
6. 精神和行为障碍治疗及健康预测咨询费用

**四、其他免责情况**
1. 确诊前12个月内在中国累计居住未超过240日
2. 保障区域外就医
3. 单纯为检查、购药、观察病情发展的出国
4. 探险、武术比赛、特技表演等相关医疗费用","[{'content': '浸润和破坏周围正常组织，可以 3 有效身份证件是指政府有权机关颁发的能够证明其合法真实身份的证件或文件等，如居民身份证、按规定可使用的有效护照、 营业执照等。 -241- 经血管、淋巴管和体腔扩散转移到身体其他部位，病灶经组织病理学检查（涵 盖骨髓病理学检查）结果明确诊断，临床诊断属于世界卫生组织（WHO，World Health Organization）《疾病和有关健康问题的国际统计分类》第十次修订 版（ICD-10）的恶性肿瘤类别及《国际疾病分类肿瘤学专辑》第三版（ICD-O-3） 的肿瘤形态学编码属于 3、6、9（恶性肿瘤）范畴的疾病。 下列疾病不属于“恶性肿瘤--重度”，不在保障范围内： （1）ICD-O-3 肿瘤形态学编码属于 0（良性肿瘤）、1（动态未定性肿瘤）、2 （原位癌和非侵袭性癌）范畴的疾病，如： a.原位癌，癌前病变，非浸润性癌，非侵袭性癌，肿瘤细胞未侵犯基底层， '}, {'content': '； （5）被保险人在接受治疗过程中购买或者租用任何类型的紧身胸衣、绷带、 拐杖、假发等其他类似器具用品产生的费用，购买或租赁轮椅、专用床、空调 器、空气净化器和其他类似物品或者设备产生的费用； （6）在中国境内（不含港澳台）购买的药品、医疗器械或医疗耗材不是在开 具该相应处方的医生所执业的医疗机构购买的（以收费票据为准）。 3.被保险人在经医院确诊初次发生恶性肿瘤之日（不含确诊初次发生当日） 前 12 个月内在中国（含港澳台）累计居住时间未超过 240 日的，我们不承担 本主险合同所有保险责任。 3.2 其他免责条款 除“3.1 责任免除”外，本主险合同中还有一些免除保险人责任的条款，详见 “2.2 保险责任”、“5 如何领取保险金”、“8.2 年龄错误”、脚注和附表中背景 突出显示的内容。 \uf078\uf020 如何支付保险费 4.1 保险费的支付 本主险合同的保险费按照被保险人的年龄、是否参加基本医疗'}, {'content': '性肿瘤）范畴，但不在“恶性肿瘤-重 度”保障范围的疾病。且特指下列六项之一： （1）TNM 分期为Ⅰ期的甲状腺癌； （2）TNM 分期为 T1N0M0 期的前列腺癌； （3）黑色素瘤以外的未发生淋巴结和远处转移的皮肤恶性肿瘤； （4）相当于 Binet 分期方案 A 期程度的慢性淋巴细胞白血病； （5）相当于 Ann Arbor 分期方案Ⅰ期程度的何杰金氏病； （6）未发生淋巴结和远处转移且 WHO 分级为 G1 级别（核分裂像＜10/50HPF 和 ki-67≤2%）的神经内分泌肿瘤。 下列疾病不属于“恶性肿瘤--轻度”，不在保障范围内： ICD-O-3 肿瘤形态学编码属于 0（良性肿瘤）、1（动态未定性肿瘤）、2（原 位癌和非侵袭性癌）范畴的疾病，如： a.原位癌，癌前病变，非浸润性癌，非侵袭性癌，肿瘤细胞未侵犯基底层， 上皮内瘤变，细胞不典型性增生等； b.交界性肿瘤，交界恶性肿瘤，'}, {'content': '色体异常依照世界卫 生组织《疾病和有关健康问题的国际统计分类》（ICD-10）确定。 15随访指被保险人在没有任何临床疾病体征和阳性医学检查结论的情况下，到医疗机构进行的、为确认其未来是否可能患病或预防未 来患病的所有医疗行为（包括问诊、治疗、用药、检查、复查等）。 16感染艾滋病病毒或患艾滋病 艾滋病病毒指人类免疫缺陷病毒，英文缩写为 HIV。艾滋病指人类免疫缺陷病毒引起的获得性免疫缺陷 综合征，英文缩写为 AIDS。在人体血液或其它样本中检测到艾滋病病毒或其抗体呈阳性，没有出现临床症状或体征的，为感染艾滋 病病毒；如果同时出现了明显临床症状或体征的，为患艾滋病。 17醉酒指每百毫升血液的酒精含量大于或等于 100 毫克。 18毒品指《中华人民共和国刑法》规定的鸦片、海洛因、甲基苯丙胺（冰毒）、吗啡、大麻、可卡因以及国家规定管制的其他能够使人 形成瘾癖的麻醉药品和精神药品，但不包括由医生'}, {'content': '）结果明确诊断，临床诊断属于世界卫生组织 （WHO，World Health Organization）《疾病和有关健康问题的国际统计分 类》第十次修订版（ICD-10）的恶性肿瘤类别及《国际疾病分类肿瘤学专 辑》第三版（ICD-O-3）的肿瘤形态学编码属于 3、6、9（恶性肿瘤）范畴 的疾病。 下列疾病不属于“恶性肿瘤--重度”，不在保障范围内： （1）ICD-O-3 肿瘤形态学编码属于 0（良性肿瘤）、1（动态未定性肿瘤）、 2（原位癌和非侵袭性癌）范畴的疾病，如： a.原位癌，癌前病变，非浸润性癌，非侵袭性癌，肿瘤细胞未侵犯基底层， 2.2.3 特定疾病 20肿瘤化学疗法指针对于肿瘤的化学治疗。化疗是使用医学界公认的化疗药物以杀死癌细胞、抑制癌细胞生长繁殖为目的而进 行的治疗。本主险合同所指的化疗为被保险人根据医嘱，在医院进行的静脉注射化疗。 21肿瘤放射疗法指被保险人根据医嘱，在医'}, {'content': '获补偿后的余额。 \uf077\uf020责任免除 3.1 责任免除 1. 因下列情形之一导致被保险人罹患恶性肿瘤或原位癌，或在治疗恶性肿 瘤或原位癌的过程中发生下列原因造成的医疗费，我们不承担赔付保险金的 责任： （1） 您对被保险人的故意杀害、故意伤害； （2） 被保险人故意自杀或自伤、故意犯罪或者抗拒依法采取的刑事强制 措施； （3） 被保险人殴斗、醉酒23、主动吸食或注射毒品24； （4） 核爆炸、核辐射与核污染、战争、军事冲突、恐怖袭击、暴乱或武 装叛乱； （5） 精神和行为障碍治疗以及各种医疗咨询和健康预测：如健康咨询、 睡眠咨询、性咨询、心理咨询（依照世界卫生组织《疾病和有关健康问题的 国际统计分类》（ICD-10）25确定的精神和行为障碍以外的一般心理问题，如 职场问题、家庭问题、婚恋问题、个人发展、情绪管理等）； （6） 各类医疗鉴定，包括但不限于医疗事故鉴定、精神病鉴定、遗传基 因鉴定费用'}, {'content': '下列疾病不属于“恶性肿瘤--重度”，不在保障范围内：（1）ICD-O-3 肿瘤形态学编码属于 0（良性肿瘤）、1（动态未定性肿瘤）、2（原位癌和非侵袭性癌）范畴的疾病，如原位癌、癌前病变、非浸润性癌、非侵袭性癌、肿瘤细胞未侵犯基底层、上皮内瘤变、细胞不典型性增生、交界性肿瘤、交界恶性肿瘤、肿瘤低度恶性潜能、潜在低度恶性肿瘤等；（2）TNM 分期为Ⅰ期或更轻分期的甲状腺癌；（3）TNM 分期为 T1N0M0 期或更轻分期的前列腺癌；（4）黑色素瘤以外的未发生淋巴结和远处转移的皮肤恶性肿瘤；（5）相当于 Binet 分期方案 A 期程度的慢性淋巴细胞白血病；（6）相当于 Ann Arbor 分期方案Ⅰ期程度的何杰金氏病；（7）未发生淋巴结和远处转移且 WHO 分级为 G1 级别（核分裂像＜10/50HPF 和 ki-67≤2%）或更轻分级的神经内分泌肿瘤。癌前病变、宫颈上皮内瘤样病变 CIN-1，CIN-2，重度不典型增生但非原位癌、感染艾滋病毒或患艾滋病期间所患极早期恶性肿瘤或恶性病变不在本保障范围之内。对被保险人所患癌症在被诊时已经超越原位癌阶段者，不在本保障范围之内。器械、假体、义肢'}, {'content': '被保险人在投保后至等待期结束前罹患恶性肿瘤—重度，或患有 ICD-O-3 肿瘤形态学编码属于 0、1、2 范畴的疾病，或 TNM 分期为Ⅰ期或更轻分期的甲状腺癌，或 TNM 分期为 T1N0M0 期或更轻分期的前列腺癌，或黑色素瘤以外的未发生淋巴结和远处转移的皮肤恶性肿瘤，或相当于 Bine 分期方案 A 期程度的慢性淋巴细胞白血病，或相当于 Ann Arbor 分期方案Ⅰ期程度的何杰金氏病，或未发生淋巴结和远处转移且 WHO 分级为 G1 级别或更轻分级的神经内分泌肿瘤，或被保险人故意自伤、故意犯罪，或在投保时已经患有恶性肿瘤—重度，或罹患遗传性疾病、先天性畸形、变形或染色体异常、先天性恶性肿瘤引起的医疗费用，或单纯为了检查、购药、观察病情发展的出国，或感染艾滋病病毒或患艾滋病或患艾滋病期间所患疾病，或殴斗、醉酒、主动吸食或注射毒品，或核爆炸、核辐射与核污染、战争、军事冲突、恐怖袭击、暴乱或武装叛乱，或前往海外特定质子重离子医疗机构接受治疗过程中发生的非医疗费用，或接种预防恶性肿瘤—重度的疫苗，进行基因测试，鉴定恶性肿瘤的遗传性，接受实验性医疗以及采取未经科学或医学认可的医疗手段所产'}, {'content': '被保险人在投保后至等待期结束前确诊本主险合同约定的特定疾病，不承担保险责任；保险合同载明的保障区域外就医不属于保险责任范围。特定疾病住院前后门诊急诊医疗不包括特定疾病指定门诊急诊医疗。以下疾病不在保障范围内：ICD-O-3肿瘤形态学编码属于0（良性肿瘤）、1（动态未定性肿瘤）、2（原位癌和非侵袭性癌）范畴的疾病，TNM分期为Ⅰ期或更轻分期的甲状腺癌，TNM分期为T1N0M0期或更轻分期的前列腺癌，黑色素瘤以外的未发生淋巴结和远处转移的皮肤恶性肿瘤，相当于Binet分期方案A期程度的慢性淋巴细胞白血病，相当于Ann Arbor分期方案Ⅰ期程度的何杰金氏病，未发生淋巴结和远处转移且WHO分级为G1级别（核分裂像＜10/50HPF和ki-67≤2%）或更轻分级的神经内分泌肿瘤，脑垂体瘤。探险、武术比赛、特技表演、基因疗法、细胞免疫疗法、人工器官等。'}]","28, 30, 79"
移小保平安终身防癌,产品：移小保平安终身防癌	问题：理赔申请需要准备哪些材料？,"根据移小保平安终身防癌保险条款，理赔申请需要准备以下材料：

**一、基本申请材料**
1. 保险金赔付申请书原件
2. 保险合同
3. 受益人的有效身份证件

**二、医疗证明材料**
1. 由保险公司认可的医院专科医生出具的疾病诊断证明书
2. 病历记录及相关医学报告：
   - 病理显微镜检查报告
   - 血液检查报告
   - 影像学检查报告
   - 其他必需的医学检验报告
3. 医疗诊断书、医疗病历或出院小结
4. 检查检验报告及药品明细处方
5. 医疗费用原始凭证和医疗费用结算清单
6. 费用明细单据

**三、特殊情况下需补充的材料**
- 如享有基本医疗保险或公费医疗保障，需提供相关医疗费用补偿证明
- 如药品处方审核需要，可能需提供基因检测结果报告等其他医学材料
- 如因特殊原因无法提供上述材料，应提供其他合法有效的证明材料

**注意事项：**
- 以上材料需提供原件或复印件
- 材料不完整时，保险公司将一次性通知补充
- 首次申请理赔的审核时间为30日内，非首次申请为5日内
- 处方需在有效期到期前1个工作日内提交申请

建议在申请前仔细阅读保险合同具体条款，或咨询保险公司客服获取更详细的指导。","[{'content': '6.3 保险金申请 6.4 保险金的赔付 6.5 诉讼时效 7.如何解除保险合同 7.1 您解除合同的手续及风险 8.其他需要关注的事项 8.1 明确说明与如实告知 8.2 年龄错误 8.3 合同内容变更 8.4 联系方式变更 8.5 效力终止 平安互联网特定疾病特需医疗保险条款 在本条款中，“您”指投保人，“我们”、“本公司”均指平安健康保险股份有限公司。 \uf075\uf020您与我们的合同 1.1 合同构成 本保险条款、保险合同、保险单或其他保险凭证、投保书、与保险合同有 关的投保文件、合法有效的声明、批注、批单、附加险合同、服务手册、 其他书面或电子协议都是您与我们之间订立的保险合同的构成部分。 “平安互联网特定疾病特需医疗保险合同”以下简称为“本主险合同”。 1.2 合同成立与生效 您提出投保申请，我们审核您的投保申请和被保险人健康状况后同意承 保，本主险合同成立。 本主险合同自我们同意承保，并签'}, {'content': '的全部证明、信息和证据，包括但不限于医院出具的病 历资料、医学诊断书、基因检测结果报告、处方原件（收取不返还）、病理 检查报告、化验检查报告、费用明细单据等原件或复印件。被保险人因特殊 原因不能提供上述材料的，应提供其它合法有效的材料原件； （4）被保险人所能提供的其他与确认保险事故的性质、原因等有关的证明 和资料原件。 如果药品处方审核出现以下情况，我们有权要求被保险人提供其他与药品处 方审核相关的医学材料： （1）被保险人申请时提交的医学材料不足以支持药品处方的开具或审核； （2）医学材料中相关的科学检验方法报告结果不支持药品处方的开具。 首次申请用药和保险金赔付的，我们将在收到上述所有证明和资料之日起最 长 30 日内作出核定。非首次申请用药和保险金赔付的，我们将在收到上述 所有证明和资料之日起最长 5 日内作出核定。 如果被保险人的药品处方审核未通过，我们不承担赔付保险金的责任。 '}, {'content': '的，需包含按基本医疗保险或公费医疗有 关规定取得医疗费用补偿的证明）； （6） 所能提供的与确认保险事故的性质、原因等有关的其他证明和资料。 以上证明和资料不完整的，我们将及时一次性通知受益人补充提供有关证明 和资料。 院外恶性肿瘤特 定药品费用医疗 保险金的申请和 赔付 院外恶性肿瘤特定药品费用医疗保险金必须按以下流程申请保险金： 1．提交用药和保险金赔付申请 被保险人取得了符合本主险合同约定标准的药品处方，最晚应在处方有效期 到期前 1 个工作日内通过我们指定的渠道提交如下材料： -249- （1）个人医疗保险理赔申请书原件； （2）被保险人的有效身份证件正反面复印件； （3）支持处方审核的全部证明、信息和证据，包括但不限于医院出具的病 历资料、医学诊断书、基因检测结果报告、处方原件（收取不返还）、病理 检查报告、化验检查报告、费用明细单据等原件或复印件。被保险人因特殊 原因不能提供上'}, {'content': '变更本主险合同的，应当由我们在保险单或者其他保险凭证上批注或 者附贴批单，或者由您与我们订立书面的变更协议。 您通过我们同意或认可的网站等互联网渠道提出对本主险合同进行变更，视 为您的书面申请，您向我们在线提交的电子信息与您向我们提交的书面文件 具有相同的法律效力。 8.4 联系方式变更 为了保障您的合法权益，您的住所、通讯地址、电话或电子邮箱等联系方式 变更时，请及时以书面形式或双方认可的其他形式通知我们。若您未以书面 形式或双方认可的其他形式通知我们，我们按本主险合同载明的最后住所或 通讯地址所发送的有关通知，均视为已送达给您。 8.5 效力终止 当发生下列情形之一时，本主险合同效力终止： （1）被保险人身故； （2）本主险合同中列明的其他合同解除或终止的情形。 -252- 附表 1： 平安互联网长期癌症医疗保险（费率可调）计划表 保证续保期间内赔付总限额 保险期间内赔付限额 保险期间'}, {'content': '内通知我们，并在病情好转后及时转入约定的医院。 6.3 保险金申请 在申请保险金时，请按照下列方式办理： 恶性肿瘤及原位 癌治疗费用医疗 保险金的申请 由受益人填写保险金赔付申请书，并提供下列证明和资料： （1） 保险合同； （2） 受益人的有效身份证件； （3） 由我们认可的医院专科医生出具的疾病诊断证明书、病历记录，以及 由我们认可的医院出具的确诊疾病必需的病理显微镜检查、血液检 查、影像学检查及其他医学检验报告； （4） 医院出具的医疗诊断书、医疗病历或出院小结、检查检验报告及药品 明细处方； （5） 医院出具的医疗费用原始凭证和医疗费用结算清单（被保险人享有基 本医疗保险或公费医疗保障的，需包含按基本医疗保险或公费医疗有 关规定取得医疗费用补偿的证明）； （6） 所能提供的与确认保险事故的性质、原因等有关的其他证明和资料。 以上证明和资料不完整的，我们将及时一次性通知受益人补充提供'}, {'content': '明，未作提示或者明确说明的，该条款不产生效力。 我们就您和被保险人的有关情况提出询问，您应当如实告知。我们的询问和您 的告知将记载于本主险合同中作为保险合同的重要组成部分。 如果您故意或者因重大过失未履行前款规定的如实告知义务，足以影响我们决 定是否同意承保或者提高保险费率的，我们有权解除本主险合同。 如果您故意不履行如实告知义务，对于本主险合同解除前发生的保险事故，我 们不承担赔付保险金的责任，并不退还保险费。 如果您因重大过失未履行如实告知义务，对保险事故的发生有严重影响的，对 于本主险合同解除前发生的保险事故，我们不承担赔付保险金的责任，但会退 还保险费。 我们在合同订立时已经知道您未如实告知的情况的，我们不得解除合同；发生 保险事故的，我们承担赔付保险金的责任。 您在申请投保时，应将与有效身份证件相符的被保险人的出生日期在投保书上 7.2 年龄错误 填明，如果发生错误按照下列方式办'}, {'content': '在本主险合同保险期间内，我们承担如下保险责任：恶性肿瘤--重度和恶性肿瘤--轻度的保险责任。恶性肿瘤及原位癌治疗费用医疗保险金，包括住院医疗保险金、指定门诊急诊医疗保险金、住院前后门诊急诊医疗保险金、院外恶性肿瘤特定药品费用医疗保险金。'}, {'content': '在保险期间内，被保险人在等待期后经认可医院确诊初次罹患恶性肿瘤--重度，对于其在指定医疗机构接受质子束放疗、重离子束放疗（如碳离子放疗）和中子束放疗时发生的合理且必要的质子重离子医疗费用、转运费、翻译费及治疗直接并发症的费用，保险公司根据约定的赔付比例在保险金赔付限额内赔付。'}, {'content': '特定疾病住院医疗保险金、特定疾病指定门急诊医疗保险金、特定疾病住院前后门急诊医疗保险金。包括特定疾病住院医疗费用、特定疾病指定门诊急诊医疗费用、特定疾病住院前后门诊急诊医疗费用。'}]","38, 62"
移小保平安终身防癌,产品：移小保平安终身防癌	问题：退保会带来哪些损失？,"根据移小保平安终身防癌保险条款，退保会带来以下损失：

1. **保障终止**：退保后立即失去终身防癌医疗保障，包括：
   - 恶性肿瘤及原位癌治疗费用医疗保险金
   - 院外恶性肿瘤特定药品费用保险金
   - 最高800万元保证续保期间内赔付总限额

2. **保费损失**：
   - 犹豫期（15天）后退保，仅能获得保单的现金价值
   - 已交保费无法全额退还

3. **续保权益丧失**：
   - 失去终身保证续保的权利
   - 重新投保时需重新计算90天等待期
   - 若年龄增长或健康状况变化，可能无法再次获得相同保障

4. **其他损失**：
   - 失去在指定医院100%赔付的优惠
   - 失去续保无等待期的权益

建议在退保前仔细考虑，如有疑问可咨询保险公司客服了解具体现金价值金额。","[{'content': ' （1）被保险人身故； （2）本主险合同中列明的其他合同解除或终止的情形。 -252- 附表 1： 平安互联网长期癌症医疗保险（费率可调）计划表 保证续保期间内赔付总限额 保险期间内赔付限额 保险期间 保证续保期间 犹豫期 保障区域 医院范围 等待期 人民币 800 万元 人民币 400 万元 1 年（终身保证续保） 首个保险期间开始日至被保险人终身 15 天 中国大陆（不包括港澳台） 二级以上（含二级）公立医院普通部 90 天（续保无等待期） 恶性肿瘤及原位癌治疗费用医疗保险金 院外恶性肿瘤特定药品费用保险金 指定医院，100%赔付，非指定医院 90%赔付（基本医 疗保险罚则 60%） -253- 附表 2： 序号 1 2 3 4 5 6 7 8 9 10 11 12 13 14 15 16 17 18 19 20 21 22 23 24 25 26 27 28 29 30 31 32 '}, {'content': '获补偿后的余额。 \uf077\uf020责任免除 3.1 责任免除 1. 因下列情形之一导致被保险人罹患恶性肿瘤或原位癌，或在治疗恶性肿 瘤或原位癌的过程中发生下列原因造成的医疗费，我们不承担赔付保险金的 责任： （1） 您对被保险人的故意杀害、故意伤害； （2） 被保险人故意自杀或自伤、故意犯罪或者抗拒依法采取的刑事强制 措施； （3） 被保险人殴斗、醉酒23、主动吸食或注射毒品24； （4） 核爆炸、核辐射与核污染、战争、军事冲突、恐怖袭击、暴乱或武 装叛乱； （5） 精神和行为障碍治疗以及各种医疗咨询和健康预测：如健康咨询、 睡眠咨询、性咨询、心理咨询（依照世界卫生组织《疾病和有关健康问题的 国际统计分类》（ICD-10）25确定的精神和行为障碍以外的一般心理问题，如 职场问题、家庭问题、婚恋问题、个人发展、情绪管理等）； （6） 各类医疗鉴定，包括但不限于医疗事故鉴定、精神病鉴定、遗传基 因鉴定费用'}, {'content': '必要的，满足以下条件的特定药品费用，我们依据 2.2.6 条的保险金 15门诊急诊医疗费用指发生在医院门诊部门或急诊部门的医生诊疗费、治疗费、检查检验费、药品费与中草药药品费。 16肿瘤化学疗法指针对于肿瘤的化学治疗。化疗是使用医学界公认的化疗药物以杀死癌细胞、抑制癌细胞生长繁殖为目的而进 行的治疗。本主险合同所指的化疗为被保险人根据医嘱，在医院进行的静脉注射化疗。 17肿瘤放射疗法指被保险人根据医嘱，在医院的专门科室进行的光子束放射疗法和电子束放射疗法，不包括质子束放疗、重离 子束放疗（如碳离子放疗）和中子束放疗。 18肿瘤靶向疗法指在细胞分子水平上，针对已经明确的致癌点来设计相应的靶向治疗药物，利用具有一定特异性的载体，将药 物或其他杀伤肿瘤细胞的活性物质选择性地运送到肿瘤部位攻击癌细胞的疗法。本主险合同所指的靶向治疗的药物需具有国 家药品监督管理部门核发的药品批准文号或者进口药品注册'}, {'content': '变更本主险合同的，应当由我们在保险单或者其他保险凭证上批注或 者附贴批单，或者由您与我们订立书面的变更协议。 您通过我们同意或认可的网站等互联网渠道提出对本主险合同进行变更，视 为您的书面申请，您向我们在线提交的电子信息与您向我们提交的书面文件 具有相同的法律效力。 8.4 联系方式变更 为了保障您的合法权益，您的住所、通讯地址、电话或电子邮箱等联系方式 变更时，请及时以书面形式或双方认可的其他形式通知我们。若您未以书面 形式或双方认可的其他形式通知我们，我们按本主险合同载明的最后住所或 通讯地址所发送的有关通知，均视为已送达给您。 8.5 效力终止 当发生下列情形之一时，本主险合同效力终止： （1）被保险人身故； （2）本主险合同中列明的其他合同解除或终止的情形。 -252- 附表 1： 平安互联网长期癌症医疗保险（费率可调）计划表 保证续保期间内赔付总限额 保险期间内赔付限额 保险期间'}, {'content': '自出生之日起为零周岁，每经过一年增加一岁，不足一年的不计。 解除本主险合同时，您需要填写申请书，并提供您的保险合同及有效身 份证件。自我们收齐上述资料时起，本主险合同即被解除，犹豫期内解 除保险合同的，合同解除前发生的保险事故3我们不承担保险责任，已经 承担保险责任的情况下，被保险人应当向我们退还已经支付的保险金， 您对被保险人退还保险金应承担连带责任。 1.7 保 险 期 间 与 不 保 证续保 本主险合同的保险期间为 1 年，不保证续保。保险期间届满，您需要重 新向我们申请投保本产品，并经我们同意，交纳保险费，获得新的保险 合同。若保险期间届满时，本主险产品已停止销售，我们不再接受投保 申请，但会向您提供投保其他保险产品的合理建议。 \uf076\uf020我们提供的保障 2.1 保险计划 本主险合同的保险计划由您在投保时选择并在保险合同中载明。不同保险 计划的特定疾病范围和保险金总限额4详见保险计划表。'}, {'content': '应当向我们退还已经支付的保险金，您对被保险人退还保险 1同时参保指您在一次投保行为中为两名及以上符合本主险合同约定条件的被保险人申请投保且所有被保险人均被我们同意承保的情 况。 2周岁指按有效身份证件中记载的出生日期计算的年龄，自出生之日起为零周岁，每经过一年增加一岁，不足一年的不计。 3保险事故指发生本主险合同保险责任范围内的事件。 金应承担连带责任。 1.6 保险期间与不保证 续保 本主险合同的保险期间为 1 年，不保证续保。保险期间届满，您需要重新向 我们申请投保本产品，并经我们同意，交纳保险费，获得新的保险合同。 若保险期间届满时，本主险产品已停止销售，我们不再接受投保申请，但会向 您提供投保其他保险产品的合理建议。 \uf076\uf020 我们提供的保障 2.1 保险计划和医疗机 本主险合同的保障区域、指定的医疗机构范围、赔付限额、赔付比例及特定项 目限额等条款未尽内容详见保险计划表。 构 根据您'}]","8, 66"
移小保平安终身防癌,产品：移小保平安终身防癌	问题：保险事故发生后需要在多长时间内通知保险公司？,"根据移小保平安终身防癌保险条款，关于保险事故通知时间的规定如下：

**一般情况下：**
保险事故发生后应""及时""通知保险公司。

**特殊情况：**
- 若因急诊未在合同约定的医院就诊，应在**3日内**通知保险公司
- 并在病情好转后及时转入约定的医院

**温馨提示：**
虽然条款中未明确一般情况下的具体通知时限，但建议您在保险事故发生后尽快通知保险公司，以免影响理赔时效。如有急诊就医情况，请务必遵守3日内通知的规定。

在申请理赔时，请准备好保险合同、受益人身份证件、医疗诊断证明、医疗费用凭证等相关资料。","[{'content': '学治疗。化疗是使用医学界公认的化疗药物以杀死癌细胞、抑制癌细胞生长繁殖为目的而进 行的治疗。本主险合同所指的化疗为被保险人根据医嘱，在医院进行的静脉注射化疗。 21肿瘤放射疗法指被保险人根据医嘱，在医院的专门科室进行的光子束放射疗法和电子束放射疗法，除本主险合同约定的指定 医疗机构外不包括质子束放疗、重离子束放疗（如碳离子放疗）和中子束放疗。 22肿瘤靶向疗法指在细胞分子水平上，针对已经明确的致癌点来设计相应的靶向治疗药物，利用具有一定特异性的载体，将药 物或其他杀伤肿瘤细胞的活性物质选择性地运送到肿瘤部位攻击癌细胞的疗法。本主险合同所指的靶向治疗的药物需具有国 家药品监督管理部门核发的药品批准文号或者进口药品注册证书、医药产品注册证书。 23肿瘤内分泌疗法指针对于肿瘤的内分泌疗法，用药物抑制激素生成和激素反应，杀死癌细胞或抑制癌细胞的生长。本主险合 同所指的内分泌治疗药物需符合法律、法规'}, {'content': '道保险事故发生或者虽未及时通知但不影响我们确定保险事故的性质、原 因、损失程度的除外。 被保险人应在本主险合同中约定的医院就诊，若因急诊未在约定的医院就 诊的，应在 3 日内通知我们，并在病情好转后及时转入约定的医院。 6.3 保险金申请 在申请保险金时，请按照下列方式办理： 保险金申请 由受益人填写保险金赔付申请书，并提供下列证明和资料： （1） 保险合同； （2） 受益人的有效身份证件； （3） 医院出具的医疗诊断书、医疗病历或出院小结、检查检验报告及药 品明细处方； （4） 医院出具的医疗费用原始凭证和医疗费用结算清单（被保险人享有 基本医疗保险或公费医疗保障的，需包含按基本医疗保险或公费医 疗有关规定取得医疗费用补偿的证明）； （5） 所能提供的与确认保险事故的性质、原因等有关的其他证明和资料。 以上证明和资料不完整的，我们将及时一次性通知受益人补充提供有关证 明和资料。 6.4 '}, {'content': '内通知我们，并在病情好转后及时转入约定的医院。 6.3 保险金申请 在申请保险金时，请按照下列方式办理： 恶性肿瘤及原位 癌治疗费用医疗 保险金的申请 由受益人填写保险金赔付申请书，并提供下列证明和资料： （1） 保险合同； （2） 受益人的有效身份证件； （3） 由我们认可的医院专科医生出具的疾病诊断证明书、病历记录，以及 由我们认可的医院出具的确诊疾病必需的病理显微镜检查、血液检 查、影像学检查及其他医学检验报告； （4） 医院出具的医疗诊断书、医疗病历或出院小结、检查检验报告及药品 明细处方； （5） 医院出具的医疗费用原始凭证和医疗费用结算清单（被保险人享有基 本医疗保险或公费医疗保障的，需包含按基本医疗保险或公费医疗有 关规定取得医疗费用补偿的证明）； （6） 所能提供的与确认保险事故的性质、原因等有关的其他证明和资料。 以上证明和资料不完整的，我们将及时一次性通知受益人补充提供'}, {'content': '书并向我们提供下列资 料： 续及风险 （1）保险合同； （2）您的有效身份证件。 自我们收到解除合同申请书时起，本主险合同终止。我们自收到解除合同申 请书之日起 30 日内向您退还本主险合同的现金价值36。 您解除合同会遭受一定损失。 解除合同后，您会失去原有的保障和保证续保的权益。 \uf07c\uf020其他需要关注的事项 8.1 明 确 说 明 与 如 实 告知 订立本主险合同时，我们会向您说明本主险合同的内容。对本主险合同中免 除我们责任的条款，我们在订立合同时会在投保书、保险单或其他保险凭证 上作出足以引起您注意的提示，并对该条款的内容以书面或口头形式向您作 出明确说明，未作提示或者明确说明的，该条款不产生效力。 我们就您和被保险人的有关情况提出询问，您应当如实告知。我们的询问和 您的告知将记载于本主险合同中作为保险合同的重要组成部分。 如果您故意或者因重大过失未履行前款规定的如实告知义务，足以影响'}, {'content': '）结果明确诊断，临床诊断属于世界卫生组织 （WHO，World Health Organization）《疾病和有关健康问题的国际统计分 类》第十次修订版（ICD-10）的恶性肿瘤类别及《国际疾病分类肿瘤学专 辑》第三版（ICD-O-3）的肿瘤形态学编码属于 3、6、9（恶性肿瘤）范畴 的疾病。 下列疾病不属于“恶性肿瘤--重度”，不在保障范围内： （1）ICD-O-3 肿瘤形态学编码属于 0（良性肿瘤）、1（动态未定性肿瘤）、 2（原位癌和非侵袭性癌）范畴的疾病，如： a.原位癌，癌前病变，非浸润性癌，非侵袭性癌，肿瘤细胞未侵犯基底层， 2.2.3 特定疾病 20肿瘤化学疗法指针对于肿瘤的化学治疗。化疗是使用医学界公认的化疗药物以杀死癌细胞、抑制癌细胞生长繁殖为目的而进 行的治疗。本主险合同所指的化疗为被保险人根据医嘱，在医院进行的静脉注射化疗。 21肿瘤放射疗法指被保险人根据医嘱，在医'}, {'content': '明和资料之日起最 长 30 日内作出核定。非首次申请用药和保险金赔付的，我们将在收到上述 所有证明和资料之日起最长 5 日内作出核定。 如果被保险人的药品处方审核未通过，我们不承担赔付保险金的责任。 2. 药品购买和保险金赔付 用药和保险金赔付申请核定通过后，我们将会提供购药凭证。被保险人前往 指定药店购买药品。如果被保险人因赔付比例原因需要自行承担部分药品 费，则需要在领取药品时支付自负部分的药品费。 保险金将由我们与指定药店直接结算。属于本主险合同保险责任范围内的费 用，被保险人无需支付该部分费用且不应向我们申请该部分保险金的支付。 我们在收到恶性肿瘤及原位癌治疗费用医疗保险金的赔付申请书及上述有 关证明和资料后，将在 5 日内作出核定；情形复杂的，在 30 日内作出核定。 对属于保险责任的，我们在与受益人达成赔付保险金的协议后 10 日内，履 行赔付保险金义务；若我们在收到保险金赔付'}, {'content': '在本主险合同保险期间内，我们承担如下保险责任：恶性肿瘤--重度和恶性肿瘤--轻度的保险责任。恶性肿瘤及原位癌治疗费用医疗保险金，包括住院医疗保险金、指定门诊急诊医疗保险金、住院前后门诊急诊医疗保险金、院外恶性肿瘤特定药品费用医疗保险金。'}, {'content': '在保险期间内，被保险人在等待期后经认可医院确诊初次罹患恶性肿瘤--重度，对于其在指定医疗机构接受质子束放疗、重离子束放疗（如碳离子放疗）和中子束放疗时发生的合理且必要的质子重离子医疗费用、转运费、翻译费及治疗直接并发症的费用，保险公司根据约定的赔付比例在保险金赔付限额内赔付。'}, {'content': '特定疾病住院医疗保险金、特定疾病指定门急诊医疗保险金、特定疾病住院前后门急诊医疗保险金。包括特定疾病住院医疗费用、特定疾病指定门诊急诊医疗费用、特定疾病住院前后门诊急诊医疗费用。'}]","79, 80"
移小保平安终身防癌,产品：移小保平安终身防癌	问题：被保险人在中国境内居住时间有什么要求？,"根据移小保平安终身防癌保险条款规定，被保险人在中国境内的居住时间要求如下：

**对于1周岁及以上的被保险人：**
- 需在本主险合同生效日前365天内在中华人民共和国境内（港澳台除外）累计居住至少183天

**对于不满1周岁的被保险人：**
- 需在中华人民共和国境内（港澳台除外）累计居住时间不少于自出生之日起至投保之日止累计日数的二分之一

**其他重要要求：**
- 首次投保年龄为0周岁至70周岁
- 0周岁的被保险人需为出生满28日且已健康出院的婴儿
- 被保险人的身体健康状况需通过保险公司的核保审核

以上居住时间要求是投保该保险产品的基本条件之一，需与其他投保条件同时满足。","[{'content': '险人）须满足以下全部条件： 1. 被保险人于本主险合同生效日前365天内在中华人民共和国（港澳台除 外）境内累计居住至少183天。若被保险人投保时不满1周岁，则被保险 人在中华人民共和国（港澳台除外）境内累计居住时间不少于自出生之 日起至投保之日止累计日数的二分之一； 2. 被保险人在保证续保期间开始之日符合1.4条投保年龄要求； 3. 被保险人的身体健康状况能够通过我们的核保审核。 本主险合同不接受同一被保险人的重复投保。 您的两个及以上家庭成员（包括您本人）若均满足上述条件，可以同时参保 1本保险，形成家庭保单。家庭成员仅指您的父母、子女以及投保时具有合 法婚姻关系的配偶。我们不接受非同时参保的被保险人保险单合并为家庭保 单。 指保险期间开始时被保险人的年龄，投保年龄以周岁2计算。 本主险合同接受的首次投保年龄为 0 周岁至 70 周岁，投保时被保险人为 0 周岁的，应当为出生满 28'}, {'content': '互联网特定疾病特需医疗保险合同”以下简称为“本主险合同”。 1.2 合同成立与生效 您提出投保申请，我们审核您的投保申请和被保险人健康状况后同意承 保，本主险合同成立。 本主险合同自我们同意承保，并签发保险合同时开始生效，我们承担保 险责任的时间以保险合同记载的保险期间为准。 1.3 保险对象 1.4 投保年龄 1.5 保障区域 1.6 犹豫期 本主险合同的保险对象（即被保险人）须满足以下全部条件： 1. 被保险人于本主险合同生效日前365天内在中华人民共和国（港澳台 除外）境内累计居住至少183天。若被保险人投保时不满1周岁，则被 保险人在中华人民共和国（港澳台除外）境内累计居住时间不少于自 出生之日起至投保之日止累计日数的二分之一； 2. 被保险人在保险期间开始之日符合1.4条投保年龄要求； 3. 被保险人的身体健康状况能够通过我们的核保审核。 您及您的家庭成员若均满足上述条件，可以同'}, {'content': '至少240天。若被保险人投保时不满1周岁，则被保险人 在中华人民共和国（港澳台除外）境内累计居住时间不少于自出生之日起 至投保之日止累计日数的三分之二； 2. 被保险人在保险期间开始之日符合1.4条投保年龄要求； 3. 被保险人的身体健康状况能够通过我们的核保审核。 您及您的家庭成员若均满足上述条件，可以同时参保1本保险，形成家庭保 单。家庭成员仅指您的父母、子女以及投保时具有合法婚姻关系的配偶。我们 不接受非同时参保的被保险人保险单合并为家庭保单。 指投保时被保险人的年龄，投保年龄以周岁2计算。 本主险合同接受的首次投保年龄为 0 周岁至 70 周岁，投保时被保险人为 0 周 岁的，应当为出生满 28 日且已健康出院的婴儿。被保险人年满 99 周岁前 （含 99 周岁），保险期间届满，可以重新向我们申请投保本产品，并经过我 们同意，交纳保险费，获得新的保险合同。 自您收到本主险合同电子保'}, {'content': '医疗活动中，违反医疗卫生管理法律、行政法规、部门规章和诊疗护理规范及常规，过 失造成患者人身损害的事故（在本合同有效期内，因输血导致的感染艾滋病病毒或患艾滋病的、因器官移植导致的感染艾滋 病病毒或患艾滋病的除外）。 30基因疗法指通过各种手段修复缺陷基因，以实现减缓或治愈疾病目的的技术。 31细胞免疫疗法指通过采集人体免疫细胞，在体外进行扩增和功能鉴定，然后向患者转输，达到杀灭血液及组织中的病原体、 癌细胞、突变的细胞，从而打破机体免疫耐受，激活和增强机体免疫力的治疗方法。 32人工器官指用人工材料和电子技术制成部分或全部替代人体自然器官、骨骼、血管、神经等功能的替代物、机械装置或电子 装置。 -247- 4.2 宽限期 在保证续保期间内，您应于上一保险期间届满后 60 日内向我们支付应缴保 险费；若您未在上述 60 日内向我们支付应缴保险费，本主险合同效力自本 主险合同约定的保险期间届满'}, {'content': '险人申请投保且所有被保险人均被我们同意承 保的情况。 2周岁指按有效身份证件中记载的出生日期计算的年龄，自出生之日起为零周岁，每经过一年增加一岁，不足一年的不计。 -240- 1.7 保 险 期 间 与 保 证 续保 期间提出解除本主险合同，我们将无息退还您所支付的全部保险费。 解除本主险合同时，您需要填写申请书，并提供您的保险合同及有效身份证 件3。自我们收齐上述资料时起，本主险合同即被解除。犹豫期内解除保险 合同的，合同解除前发生的保险事故我们不承担保险责任，已经承担保险责 任的情况下，被保险人应当向我们退还已经支付的保险金，您对被保险人退 还保险金应承担连带责任。 本主险合同是费率可调的保证续保型医疗保险合同，保险期间为 1 年，保证 续保至被保险人终身。保证续保期间自您首次投保本主险合同的保险期间开 始之日起计算。在保证续保期间内，我们不因被保险人的身体状况或历史理 赔情况而拒绝您'}, {'content': '费医 疗有关规定取得医疗费用补偿的证明）； （5） 所能提供的与确认保险事故的性质、原因等有关的其他证明和资料。 以上证明和资料不完整的，我们将及时一次性通知受益人补充提供有关证 明和资料。 6.4 保险金的赔付 我们在收到保险金的赔付申请书及上述有关证明和资料后，将在 5 日内作 出核定；情形复杂的，在 30 日内作出核定。 对属于保险责任的，我们在与受益人达成赔付保险金的协议后 10 日内，履 行赔付保险金义务；若我们在收到保险金赔付申请书及上述有关证明和资 料后第 30 日仍未作出核定，除支付保险金外，我们将从第 31 日起按超过 天数赔偿受益人因此受到的利息损失。利息按照我们公示的利率按单利计 算，且保证该利率不低于中国人民银行公布的同期金融机构人民币活期存 款基准利率。 如我们要求您、被保险人或者受益人补充提供有关证明和资料的，那么自 您、被保险人或者受益人收到补充提供有关证明和'}, {'content': '首次投保年龄为 0 周岁至 70 周岁，投保时被保险人为 0 周岁的，应当为出生满 28 日且已健康出院的婴儿。被保险人需在中华人民共和国（港澳台除外）境内累计居住至少183天，若被保险人投保时不满1周岁，则被保险人在中华人民共和国（港澳台除外）境内累计居住时间不少于自出生之日起至投保之日止累计日数的二分之一。'}, {'content': '适用人群：首次投保年龄为0周岁至70周岁，投保时被保险人为0周岁的，应当为出生满28日且已健康出院的婴儿。被保险人于本主险合同生效日前365天内在中华人民共和国（港澳台除外）境内累计居住至少240天。若被保险人投保时不满1周岁，则被保险人在中华人民共和国（港澳台除外）境内累计居住时间不少于自出生之日起至投保之日止累计日数的三分之二。被保险人年满99周岁前（含99周岁）。'}, {'content': '0周岁至65周岁，出生满28日且已健康出院的婴儿，被保险人于本主险合同生效日前365天内在中华人民共和国（港澳台除外）境内累计居住至少183天，身体健康状况能够通过核保审核。'}]","6, 63"
移小保平安终身防癌,产品：移小保平安终身防癌	问题：海外特定质子重离子医疗机构有哪些？,"根据移小保平安终身防癌保险条款，海外特定质子重离子医疗机构清单详见附表2。目前条款中明确列出的医疗机构包括：

1. 日本（具体医疗机构名称未在提供内容中完整显示）
2. 日本
3. 日本  
4. 日本
5. 中国台湾林口长庚纪念医院质子暨放射治疗中心

需要注意的是：
- 完整的海外特定质子重离子医疗机构清单需要通过保险公司官方网站或客服电话查询最新版本
- 保险公司会跟踪分析并适时更新和公布海外特定医疗机构质子重离子医院列表
- 只有在该清单内的医疗机构就医产生的费用才属于保险责任范围

建议您直接联系保险公司客服或访问官网获取最完整、最新的海外特定质子重离子医疗机构清单。","[{'content': '最后住所或通讯地 址所发送的有关通知，均视为已送达给您。 7.5 效力终止 当发生下列情形之一时，本主险合同效力终止： （1）被保险人身故； （2）本主险合同中列明的其他合同解除或终止的情形。 附表 1： 平安互联网质子重离子医疗保险计划表 根据您在投保时选择的医院列表，本主险合同共计有两个不同价格的保险计划，详如下表。 保障计划 计划一 计划二 指定医疗机构 国内质子重离子医院 赔付比例 保险金总赔付限额 床位费限额 100% 人民币 100 万元 人民币 1500 元/天 海外特定质子重离子医疗机构 （详见附表 2） 100% 人民币 100 万元 无 附表 2： 平安互联网质子重离子医疗保险 海外特定质子重离子医疗机构清单 序号 国家或地区 医疗机构名称 医疗机构外文名称 地址 日本 日本 日本 日本 1 2 3 4 5 6 7 8 9 中国台湾 林口长庚纪念医院质子暨放射治疗中心 '}, {'content': '内分泌疗法指针对于肿瘤的内分泌疗法，用药物抑制激素生成和激素反应，杀死癌细胞或抑制癌细胞的生长。 12肿瘤靶向疗法指在细胞分子水平上，针对已经明确的致癌点来设计相应的靶向治疗药物，利用具有一定特异性的载体，将药物或其 他杀伤肿瘤细胞的活性物质选择性地运送到肿瘤部位攻击癌细胞的疗法。 2.2.3 海外特定质子重 离子医疗机构就 医流程 （2）目的是使被保险人的身体状况满足归国行程所需。 如果您选择的保险计划所包含的指定的医疗机构是海外特定质子重离子医疗机 构，那么被保险人在等待期后经我们认可的医院的专科医生确诊初次罹患恶性 肿瘤--重度，需经过以下评估流程并经我们的安排，才能前往海外特定质子重 离子医疗机构接受质子重离子放射治疗： 一、质子重离子放射治疗就医适应症评估 在本主险合同的保险期间内，若被保险人在等待期后经我们认可的医院的专科 医生确诊初次罹患恶性肿瘤—重度，希望前往本主险合同指定'}, {'content': '提供投保其他保险产品的合理建议。 \uf076\uf020 我们提供的保障 2.1 保险计划和医疗机 本主险合同的保障区域、指定的医疗机构范围、赔付限额、赔付比例及特定项 目限额等条款未尽内容详见保险计划表。 构 根据您选择的保险计划不同，本主险合同中指定的医疗机构是以下两类中的 一类： （一）国内质子重离子医院 指上海质子重离子医院，暨复旦大学附属肿瘤医院质子重离子中心。我们会根 据实际情况调整国内质子重离子医院的范围，并在我们的官方网站进行展示。 （二）海外特定质子重离子医疗机构 指附表 2 所列海外特定质子重离子医疗机构清单中的医疗机构。我们会跟踪分 析并适时更新和公布海外特定医疗机构质子重离子医院列表。您可以通过我们 的官方网站或客服电话查询最新的海外特定医疗机构质子重离子医院列表。 您在本主险合同指定的医疗机构以外的任何医疗机构就医所产生的所有费用都 不属于本主险合同的保险责任范围。 2.2 保险责'}, {'content': '子医疗费用”不包含手术、肿瘤化学疗法8 、质 子重离子治疗以外的肿瘤放射疗法9、肿瘤免疫疗法10、肿瘤内分泌疗法11、肿 瘤靶向疗法12等其它治疗的相关费用。 如果您选择的保险计划所包含的指定的医疗机构是海外特定质子重离子医疗机 构，我们在质子重离子医疗费用外还承担如下费用的保障： 1. 转运费 指遵循医嘱且预先通过我们批准使用救护车在同一城市内进行转院或者运送时 产生的费用。 2. 翻译费 指被保险人在医疗机构就诊时产生的与治疗相关的医学翻译费用。 3. 治疗直接并发症的费用 指治疗由本保险安排的海外质子重离子放射治疗所引起的直接并发症的费用。 这些费用需同时满足以下条件： （1）被保险人需要立即在治疗国的医疗机构进行医疗处置； 5医院指中华人民共和国境内（港、澳、台地区除外）合法经营的二级以上（含二级）属事业单位编制的公立医院，不包括疗养院、 护理院、以康复治疗为主要职能的医疗机构如康'}, {'content': '可以通过我们 的官方网站或客服电话查询最新的海外特定医疗机构质子重离子医院列表。 您在本主险合同指定的医疗机构以外的任何医疗机构就医所产生的所有费用都 不属于本主险合同的保险责任范围。 2.2 保险责任 在本主险合同保险期间内，我们承担如下保险责任： 2.2.1 等待期 除另有约定外，本主险合同保险期间开始日起 90 天内（含第 90 天）为等待期。 被保险人在投保后至等待期结束前罹患恶性肿瘤—重度4的，我们不承担保险责 任，本主险合同将终止，我们会向您无息退还本主险合同的所有保险费。 以下情形，无等待期： 根据本条款 1.6 条的约定获得新的保险合同并经我们审核免除被保险人的等待 期的。 4恶性肿瘤--重度指恶性细胞不受控制的进行性增长和扩散，浸润和破坏周围正常组织，可以经血管、淋巴管和体腔扩散转移到身体 其他部位，病灶经组织病理学检查（涵盖骨髓病理学检查）结果明确诊断，临床诊断属于世界'}, {'content': '资料提交至选定的医疗机 构，由其评估是否接受被保险人进行质子重离子放射治疗。 如果本主险合同指定的海外特定质子重离子医疗机构评估认为被保险人不适 合接受质子重离子放射治疗的，我们不承担赔付保险金的责任。 三、治疗方案授权书签署 如果被保险人通过选定的海外特定质子重离子医疗机构的评估，且至少有一所 本合同指定的海外特定质子重离子医疗机构接受被保险人进行质子重离子放射 治疗的，则被保险人需选定接受其中一所医疗机构进行治疗，并就所选医疗机 构的名称以及就医计划等内容与我们达成一致并签署治疗方案授权书等相关文 件。我们将为其进行就医安排。本主险合同的就医安排只对治疗方案授权书上 约定的医疗机构有效，被保险人应当根据就医安排前往指定的海外特定质子重 离子医疗机构就医，并自行承担交通住宿费用。由于被保险人的健康状况随时 可能变化，如果在治疗方案授权书签署之后的 1 个月内，被保险人未在双方选 定的医疗'}, {'content': '详见附表2：院外恶性肿瘤特定药品清单。保障疾病包括但不限于：TNM 分期为Ⅰ期的甲状腺癌、TNM 分期为 T1N0M0 期的前列腺癌、黑色素瘤以外的未发生淋巴结和远处转移的皮肤恶性肿瘤、相当于 Binet 分期方案 A 期程度的慢性淋巴细胞白血病、相当于 Ann Arbor 分期方案Ⅰ期程度的何杰金氏病、未发生淋巴结和远处转移且 WHO 分级为 G1 级别的神经内分泌肿瘤及原位癌。甲状腺癌的TNM分期涵盖甲状腺乳头状癌、滤泡癌、低分化癌、Hürthle细胞癌、未分化癌和甲状腺髓样癌的具体分期标准。'}, {'content': '恶性肿瘤--重度，质子重离子治疗相关的疾病'}, {'content': '恶性肿瘤--重度、重大器官衰竭、造血干细胞功能损害或造血系统恶性肿瘤、严重非恶性颅内肿瘤、严重III度烧伤、重型再生障碍性贫血。特定疾病范围详见保险计划表。'}]","9, 10, 14, 20, 23, 41"
移小保平安终身防癌,产品：移小保平安终身防癌	问题：保险金的赔付方式和时效是怎样的？,"根据移小保平安终身防癌保险条款，保险金的赔付方式和时效如下：

### 赔付方式
1. **申请材料**：需提供以下证明和资料：
   - 保险合同
   - 受益人的有效身份证件
   - 医院出具的医疗诊断书、病历记录、出院小结、检查检验报告及药品明细处方
   - 医疗费用原始凭证和结算清单（含医保补偿证明）
   - 其他与确认保险事故性质、原因相关的证明和资料

2. **赔付标准**：
   - 在指定医院就诊：100%赔付
   - 在非指定医院就诊：90%赔付（若涉及基本医疗保险罚则，按60%赔付）
   - 床位费限额：1500元/天

3. **赔付限额**：
   - 保险期间内赔付限额：人民币400万元
   - 保证续保期间内总赔付限额：人民币800万元
   - 累计赔付金额达到总赔付限额时，保险责任终止

### 赔付时效
1. **通知时效**：保险事故发生后需及时通知保险公司。若因急诊未在约定医院就诊，应在3日内通知，并在病情好转后转入约定医院。
2. **资料补充**：若申请材料不完整，保险公司将一次性通知补充，需及时提供完整资料。
3. **诉讼时效**：保险金请求权诉讼时效为2年，自知道或应当知道保险事故发生之日起计算。

### 注意事项
- 需在二级以上（含二级）公立医院普通部就诊
- 等待期为90天（续保无等待期）
- 保障区域为中国大陆（不含港澳台）

建议出险后尽快准备齐全材料申请赔付，以确保理赔流程高效完成。","[{'content': '6.3 保险金申请 6.4 保险金的赔付 6.5 诉讼时效 7.如何解除保险合同 7.1 您解除合同的手续及风险 8.其他需要关注的事项 8.1 明确说明与如实告知 8.2 年龄错误 8.3 合同内容变更 8.4 联系方式变更 8.5 效力终止 平安互联网特定疾病特需医疗保险条款 在本条款中，“您”指投保人，“我们”、“本公司”均指平安健康保险股份有限公司。 \uf075\uf020您与我们的合同 1.1 合同构成 本保险条款、保险合同、保险单或其他保险凭证、投保书、与保险合同有 关的投保文件、合法有效的声明、批注、批单、附加险合同、服务手册、 其他书面或电子协议都是您与我们之间订立的保险合同的构成部分。 “平安互联网特定疾病特需医疗保险合同”以下简称为“本主险合同”。 1.2 合同成立与生效 您提出投保申请，我们审核您的投保申请和被保险人健康状况后同意承 保，本主险合同成立。 本主险合同自我们同意承保，并签'}, {'content': '变更本主险合同的，应当由我们在保险单或者其他保险凭证上批注或 者附贴批单，或者由您与我们订立书面的变更协议。 您通过我们同意或认可的网站等互联网渠道提出对本主险合同进行变更，视 为您的书面申请，您向我们在线提交的电子信息与您向我们提交的书面文件 具有相同的法律效力。 8.4 联系方式变更 为了保障您的合法权益，您的住所、通讯地址、电话或电子邮箱等联系方式 变更时，请及时以书面形式或双方认可的其他形式通知我们。若您未以书面 形式或双方认可的其他形式通知我们，我们按本主险合同载明的最后住所或 通讯地址所发送的有关通知，均视为已送达给您。 8.5 效力终止 当发生下列情形之一时，本主险合同效力终止： （1）被保险人身故； （2）本主险合同中列明的其他合同解除或终止的情形。 -252- 附表 1： 平安互联网长期癌症医疗保险（费率可调）计划表 保证续保期间内赔付总限额 保险期间内赔付限额 保险期间'}, {'content': ' （1）被保险人身故； （2）本主险合同中列明的其他合同解除或终止的情形。 -252- 附表 1： 平安互联网长期癌症医疗保险（费率可调）计划表 保证续保期间内赔付总限额 保险期间内赔付限额 保险期间 保证续保期间 犹豫期 保障区域 医院范围 等待期 人民币 800 万元 人民币 400 万元 1 年（终身保证续保） 首个保险期间开始日至被保险人终身 15 天 中国大陆（不包括港澳台） 二级以上（含二级）公立医院普通部 90 天（续保无等待期） 恶性肿瘤及原位癌治疗费用医疗保险金 院外恶性肿瘤特定药品费用保险金 指定医院，100%赔付，非指定医院 90%赔付（基本医 疗保险罚则 60%） -253- 附表 2： 序号 1 2 3 4 5 6 7 8 9 10 11 12 13 14 15 16 17 18 19 20 21 22 23 24 25 26 27 28 29 30 31 32 '}, {'content': '道保险事故发生或者虽未及时通知但不影响我们确定保险事故的性质、原 因、损失程度的除外。 被保险人应在本主险合同中约定的医院就诊，若因急诊未在约定的医院就 诊的，应在 3 日内通知我们，并在病情好转后及时转入约定的医院。 6.3 保险金申请 在申请保险金时，请按照下列方式办理： 保险金申请 由受益人填写保险金赔付申请书，并提供下列证明和资料： （1） 保险合同； （2） 受益人的有效身份证件； （3） 医院出具的医疗诊断书、医疗病历或出院小结、检查检验报告及药 品明细处方； （4） 医院出具的医疗费用原始凭证和医疗费用结算清单（被保险人享有 基本医疗保险或公费医疗保障的，需包含按基本医疗保险或公费医 疗有关规定取得医疗费用补偿的证明）； （5） 所能提供的与确认保险事故的性质、原因等有关的其他证明和资料。 以上证明和资料不完整的，我们将及时一次性通知受益人补充提供有关证 明和资料。 6.4 '}, {'content': '内通知我们，并在病情好转后及时转入约定的医院。 6.3 保险金申请 在申请保险金时，请按照下列方式办理： 恶性肿瘤及原位 癌治疗费用医疗 保险金的申请 由受益人填写保险金赔付申请书，并提供下列证明和资料： （1） 保险合同； （2） 受益人的有效身份证件； （3） 由我们认可的医院专科医生出具的疾病诊断证明书、病历记录，以及 由我们认可的医院出具的确诊疾病必需的病理显微镜检查、血液检 查、影像学检查及其他医学检验报告； （4） 医院出具的医疗诊断书、医疗病历或出院小结、检查检验报告及药品 明细处方； （5） 医院出具的医疗费用原始凭证和医疗费用结算清单（被保险人享有基 本医疗保险或公费医疗保障的，需包含按基本医疗保险或公费医疗有 关规定取得医疗费用补偿的证明）； （6） 所能提供的与确认保险事故的性质、原因等有关的其他证明和资料。 以上证明和资料不完整的，我们将及时一次性通知受益人补充提供'}, {'content': '）结果明确诊断，临床诊断属于世界卫生组织 （WHO，World Health Organization）《疾病和有关健康问题的国际统计分 类》第十次修订版（ICD-10）的恶性肿瘤类别及《国际疾病分类肿瘤学专 辑》第三版（ICD-O-3）的肿瘤形态学编码属于 3、6、9（恶性肿瘤）范畴 的疾病。 下列疾病不属于“恶性肿瘤--重度”，不在保障范围内： （1）ICD-O-3 肿瘤形态学编码属于 0（良性肿瘤）、1（动态未定性肿瘤）、 2（原位癌和非侵袭性癌）范畴的疾病，如： a.原位癌，癌前病变，非浸润性癌，非侵袭性癌，肿瘤细胞未侵犯基底层， 2.2.3 特定疾病 20肿瘤化学疗法指针对于肿瘤的化学治疗。化疗是使用医学界公认的化疗药物以杀死癌细胞、抑制癌细胞生长繁殖为目的而进 行的治疗。本主险合同所指的化疗为被保险人根据医嘱，在医院进行的静脉注射化疗。 21肿瘤放射疗法指被保险人根据医嘱，在医'}, {'content': '保险期间内赔付限额：人民币400万元，保证续保期间内赔付总限额：人民币800万元。'}, {'content': '详见保险计划表。累计赔付金额以本主险合同载明的保险金总赔付限额为限，累计赔付金额达到保险金总赔付限额时，保险责任终止。人民币 100 万元。'}, {'content': '特定疾病医疗保险金赔付限额为400万，床位费限1500元/天。'}]","62, 79"
移小保平安终身防癌,产品：移小保平安终身防癌	问题：投保时需要如实告知哪些健康信息？,"根据移小保平安终身防癌保险的相关规定，投保时需要如实告知以下健康信息：

**投保告知要求：**
- 被保险人的身体健康状况需通过保险公司的核保审核
- 订立保险合同时，需如实告知被保险人的有关情况

**具体而言，投保时需要重点关注：**
1. **既往病史**：特别是与恶性肿瘤相关的疾病史
2. **当前健康状况**：包括但不限于：
   - 是否曾被诊断患有恶性肿瘤、原位癌等疾病
   - 是否有癌前病变、非浸润性癌等病史
   - 是否有交界性肿瘤、潜在低度恶性肿瘤等

**重要提示：**
投保时应本着最大诚信原则，如实告知所有与健康相关的信息，以确保保险合同的有效性。如有隐瞒或不如实告知，可能会影响后续的理赔权益。

建议在投保前仔细阅读保险条款，如有不确定的健康状况，可咨询专业保险顾问或直接联系保险公司进行确认。","[{'content': '浸润和破坏周围正常组织，可以 3 有效身份证件是指政府有权机关颁发的能够证明其合法真实身份的证件或文件等，如居民身份证、按规定可使用的有效护照、 营业执照等。 -241- 经血管、淋巴管和体腔扩散转移到身体其他部位，病灶经组织病理学检查（涵 盖骨髓病理学检查）结果明确诊断，临床诊断属于世界卫生组织（WHO，World Health Organization）《疾病和有关健康问题的国际统计分类》第十次修订 版（ICD-10）的恶性肿瘤类别及《国际疾病分类肿瘤学专辑》第三版（ICD-O-3） 的肿瘤形态学编码属于 3、6、9（恶性肿瘤）范畴的疾病。 下列疾病不属于“恶性肿瘤--重度”，不在保障范围内： （1）ICD-O-3 肿瘤形态学编码属于 0（良性肿瘤）、1（动态未定性肿瘤）、2 （原位癌和非侵袭性癌）范畴的疾病，如： a.原位癌，癌前病变，非浸润性癌，非侵袭性癌，肿瘤细胞未侵犯基底层， '}, {'content': '的，需包含按基本医疗保险或公费医疗有 关规定取得医疗费用补偿的证明）； （6） 所能提供的与确认保险事故的性质、原因等有关的其他证明和资料。 以上证明和资料不完整的，我们将及时一次性通知受益人补充提供有关证明 和资料。 院外恶性肿瘤特 定药品费用医疗 保险金的申请和 赔付 院外恶性肿瘤特定药品费用医疗保险金必须按以下流程申请保险金： 1．提交用药和保险金赔付申请 被保险人取得了符合本主险合同约定标准的药品处方，最晚应在处方有效期 到期前 1 个工作日内通过我们指定的渠道提交如下材料： -249- （1）个人医疗保险理赔申请书原件； （2）被保险人的有效身份证件正反面复印件； （3）支持处方审核的全部证明、信息和证据，包括但不限于医院出具的病 历资料、医学诊断书、基因检测结果报告、处方原件（收取不返还）、病理 检查报告、化验检查报告、费用明细单据等原件或复印件。被保险人因特殊 原因不能提供上'}, {'content': '内通知我们，并在病情好转后及时转入约定的医院。 6.3 保险金申请 在申请保险金时，请按照下列方式办理： 恶性肿瘤及原位 癌治疗费用医疗 保险金的申请 由受益人填写保险金赔付申请书，并提供下列证明和资料： （1） 保险合同； （2） 受益人的有效身份证件； （3） 由我们认可的医院专科医生出具的疾病诊断证明书、病历记录，以及 由我们认可的医院出具的确诊疾病必需的病理显微镜检查、血液检 查、影像学检查及其他医学检验报告； （4） 医院出具的医疗诊断书、医疗病历或出院小结、检查检验报告及药品 明细处方； （5） 医院出具的医疗费用原始凭证和医疗费用结算清单（被保险人享有基 本医疗保险或公费医疗保障的，需包含按基本医疗保险或公费医疗有 关规定取得医疗费用补偿的证明）； （6） 所能提供的与确认保险事故的性质、原因等有关的其他证明和资料。 以上证明和资料不完整的，我们将及时一次性通知受益人补充提供'}, {'content': '道保险事故发生或者虽未及时通知但不影响我们确定保险事故的性质、原 因、损失程度的除外。 被保险人应在本主险合同中约定的医院就诊，若因急诊未在约定的医院就 诊的，应在 3 日内通知我们，并在病情好转后及时转入约定的医院。 6.3 保险金申请 在申请保险金时，请按照下列方式办理： 保险金申请 由受益人填写保险金赔付申请书，并提供下列证明和资料： （1） 保险合同； （2） 受益人的有效身份证件； （3） 医院出具的医疗诊断书、医疗病历或出院小结、检查检验报告及药 品明细处方； （4） 医院出具的医疗费用原始凭证和医疗费用结算清单（被保险人享有 基本医疗保险或公费医疗保障的，需包含按基本医疗保险或公费医 疗有关规定取得医疗费用补偿的证明）； （5） 所能提供的与确认保险事故的性质、原因等有关的其他证明和资料。 以上证明和资料不完整的，我们将及时一次性通知受益人补充提供有关证 明和资料。 6.4 '}, {'content': '）结果明确诊断，临床诊断属于世界卫生组织 （WHO，World Health Organization）《疾病和有关健康问题的国际统计分 类》第十次修订版（ICD-10）的恶性肿瘤类别及《国际疾病分类肿瘤学专 辑》第三版（ICD-O-3）的肿瘤形态学编码属于 3、6、9（恶性肿瘤）范畴 的疾病。 下列疾病不属于“恶性肿瘤--重度”，不在保障范围内： （1）ICD-O-3 肿瘤形态学编码属于 0（良性肿瘤）、1（动态未定性肿瘤）、 2（原位癌和非侵袭性癌）范畴的疾病，如： a.原位癌，癌前病变，非浸润性癌，非侵袭性癌，肿瘤细胞未侵犯基底层， 2.2.3 特定疾病 20肿瘤化学疗法指针对于肿瘤的化学治疗。化疗是使用医学界公认的化疗药物以杀死癌细胞、抑制癌细胞生长繁殖为目的而进 行的治疗。本主险合同所指的化疗为被保险人根据医嘱，在医院进行的静脉注射化疗。 21肿瘤放射疗法指被保险人根据医嘱，在医'}, {'content': '1（动态未定性肿瘤）、2（原 位癌和非侵袭性癌）范畴的疾病，如： a.原位癌，癌前病变，非浸润性癌，非侵袭性癌，肿瘤细胞未侵犯基底层， 上皮内瘤变，细胞不典型性增生等； b.交界性肿瘤，交界恶性肿瘤，肿瘤低度恶性潜能，潜在低度恶性肿瘤等。 2.2.3 原位癌 原位癌指恶性细胞局限于上皮内但尚未穿破基底膜浸润周围正常组织的癌 4TNM 分期指采用 AJCC 癌症分期手册标准。该标准由美国癌症联合委员会与国际抗癌联合会 TNM 委员会联合制定，是目前肿瘤 医学分期的国际通用标准。T 指原发肿瘤的大小、形态等；N 指淋巴结的转移情况；M 指有无其他脏器的转移情况。 甲状腺癌的 TNM 分期采用目前现行的 AJCC 第八版定义标准，我国国家卫生健康委员会 2018 年发布的《甲状腺癌诊疗规范（2018 年版）》也采用此定义标准，详见附表 4。 -242- 2.2.4 恶性肿瘤及原位 癌治疗费用医疗'}, {'content': '被保险人的身体健康状况需通过核保审核。'}, {'content': '被保险人的身体健康状况能够通过我们的核保审核。'}, {'content': '被保险人的身体健康状况需通过公司的核保审核，订立合同时需如实告知被保险人的有关情况。'}]","6, 63, 64, 79"
移小保平安终身防癌,产品：移小保平安终身防癌	问题：保险合同中哪些条款是特别需要关注的？,"在移小保平安终身防癌保险合同中，以下条款需要特别关注：

**一、核心保障条款**
1. **等待期条款**（2.2.1）
   - 首次投保有90天等待期，期间确诊恶性肿瘤或原位癌不赔付，合同终止并退还保费
   - 续保无等待期（需在保险期间届满后60日内足额缴费）

2. **恶性肿瘤定义**（2.2.2）
   - 明确区分""恶性肿瘤-重度""和""恶性肿瘤-轻度""的医学标准
   - 涵盖住院、门诊急诊、住院前后门急诊及院外特定药品费用

**二、关键限制条款**
1. **责任免除条款**（3.1, 3.2）
   - 明确列出保险公司不承担赔偿责任的情形
   - 建议仔细阅读所有免责情形

2. **保证续保条件**（1.7）
   - 保险期间为1年，但提供保证续保
   - 续保时需注意：如实告知、按时缴费、未达赔付总额度等条件

**三、重要实务条款**
1. **费率调整条款**（5）
   - 属于费率可调型医疗险，保证续保期间内费率可能调整

2. **保险事故通知**（6.2）
   - 出险后需及时通知保险公司，避免因延迟通知影响理赔

3. **退保风险提示**（7.1）
   - 退保可能造成经济损失，需慎重考虑

**建议**：重点关注保险计划表中的具体赔付限额、赔付比例等核心数据，并结合自身需求仔细阅读条款中突出显示的内容。","[{'content': '见保险计划表。 2.2 保险责任 在本主险合同保险期间内，我们承担如下保险责任： 2.2.1 等待期 除另有约定外，自本主险合同保险期间开始日起 90 天内（含第 90 天）为等 待期。被保险人在投保后至等待期结束前确诊本主险合同所定义的恶性肿瘤 或原位癌的，我们不承担保险责任，本主险合同将终止，我们会向您无息退 还本主险合同的所有保险费。 以下情形，无等待期： 保证续保期间内每个保险期间届满后60日内，按本主险合同约定足额缴纳应 缴的保险费，完成续保的。 2.2.2 恶性肿瘤 本主险合同所称的“恶性肿瘤”应当符合以下两种定义之一： 1.恶性肿瘤--重度 指恶性细胞不受控制的进行性增长和扩散，浸润和破坏周围正常组织，可以 3 有效身份证件是指政府有权机关颁发的能够证明其合法真实身份的证件或文件等，如居民身份证、按规定可使用的有效护照、 营业执照等。 -241- 经血管、淋巴管和体腔扩散转移'}, {'content': '7.1 ❖ 我们对免除保险人责任的条款作了特别提示，详见条款正文中背景突出显示的内容 …………………………………………………………………………………………………. 2.2、3.1、3.2、8.2、脚注 ❖ 退保会给您造成一定的损失，请您慎重决策………………………………………………………………7.1 ❖ 费用型医疗险是适用补偿原则的…………………………………………………………………………………2.2.5 ❖ 您有及时向我们通知保险事故的责任……………………………………………………………………………6.2 ❖ 我们对一些重要术语进行了解释，并作了显著标识，请您注意………………………………脚注 ❖ 本主险合同的保险期间为1年…………………………………………………………………………………………1.7 \uf043条款是保险合同的重要内容，为充分保障您的权益，请您仔细阅读本条款。条款目录如下： 1.您与我们的'}, {'content': '疗保险，在保证续保期间内保险费率有可能调整……1.7、5 \uf076 我们对免除保险人责任的条款作了特别提示，详见条款正文中背景突出显示的内容 ……………………………………………………………1.6、2.2、3.1、3.2、8.2、脚注 \uf076 退保会给您造成一定的损失，请您慎重决策………………………………………………7.1 \uf076 费用型医疗险是适用补偿原则的…………………………………………………………2.2.8 \uf076 您有及时向我们通知保险事故的责任………………………………………………………6.2 \uf076 我们对一些重要术语进行了解释，并作了显著标识，请您注意…………………………脚注 \uf043\uf020条款是保险合同的重要内容，为充分保障您的权益，请您仔细阅读本条款。条款目录如下: 1.您与我们的合同 1.1 合同构成 1.2 合同成立与生效 1.3 保险对象 1.4 投保年龄 1.5 保障区域 1.6 犹豫期 1.7 保'}, {'content': ' 我们对一些重要术语进行了解释，并作了显著标识，请您注意 ……………………………脚注 \uf076 本主险合同的保险期间为1年………………………………………………………………………………………1.6 \uf043条款是保险合同的重要内容，为充分保障您的权益，请您仔细阅读本条款。条款目录如下： 1.您与我们的合同 1.1 合同构成 1.2 合同成立与生效 1.3 保险对象 1.4 投保年龄 1.5 犹豫期 1.6 保险期间与不保证续保 2.我们提供的保障 2.1 保险计划和医疗机构 2.2 保险责任 3.责任免除 3.1 责任免除 3.2 其他免责条款 4.如何支付保险费 4.1 保险费的支付 5.如何领取保险金 5.1 受益人 5.2 保险事故通知 5.3 保险金的申请 5.4 保险金的赔付 5.5 诉讼时效 6.如何解除保险合同 6.1 您解除合同的手续及风险 7.其他需要关注的事项 7.1 明确说明与如实'}, {'content': '学治疗。化疗是使用医学界公认的化疗药物以杀死癌细胞、抑制癌细胞生长繁殖为目的而进 行的治疗。本主险合同所指的化疗为被保险人根据医嘱，在医院进行的静脉注射化疗。 21肿瘤放射疗法指被保险人根据医嘱，在医院的专门科室进行的光子束放射疗法和电子束放射疗法，除本主险合同约定的指定 医疗机构外不包括质子束放疗、重离子束放疗（如碳离子放疗）和中子束放疗。 22肿瘤靶向疗法指在细胞分子水平上，针对已经明确的致癌点来设计相应的靶向治疗药物，利用具有一定特异性的载体，将药 物或其他杀伤肿瘤细胞的活性物质选择性地运送到肿瘤部位攻击癌细胞的疗法。本主险合同所指的靶向治疗的药物需具有国 家药品监督管理部门核发的药品批准文号或者进口药品注册证书、医药产品注册证书。 23肿瘤内分泌疗法指针对于肿瘤的内分泌疗法，用药物抑制激素生成和激素反应，杀死癌细胞或抑制癌细胞的生长。本主险合 同所指的内分泌治疗药物需符合法律、法规'}, {'content': '我们同意了您的投保申请，您的保证续保期间和等待期 （见 2.2 条保险责任）也将重新开始计算： 1. 您在投保时对我们询问的问题未做如实回答，即未履行如实告知义务； 2. 您在本主险合同 1 年的保险期间内申请解除保险合同； 3. 您在任一保险期间结束后 60 日内没有及时足额缴纳应缴的保险费； 4. 我们向您赔付的保险金达到了保证续保期间内赔付总限额。 本主险合同属于费率可调型长期医疗保险，您在保证续保期间内续保时应缴 纳的保险费是不确定的，详见本条款第 5 条的约定和产品说明书。 \uf076\uf020我们提供的保障 2.1 保险计划 本主险合同的保险期间内赔付限额、保证续保期间内赔付总限额、赔付比例 等详见保险计划表。 2.2 保险责任 在本主险合同保险期间内，我们承担如下保险责任： 2.2.1 等待期 除另有约定外，自本主险合同保险期间开始日起 90 天内（含第 90 天）为等 待期。被保险人在投保'}, {'content': '在本主险合同保险期间内，我们承担如下保险责任：恶性肿瘤--重度和恶性肿瘤--轻度的保险责任。恶性肿瘤及原位癌治疗费用医疗保险金，包括住院医疗保险金、指定门诊急诊医疗保险金、住院前后门诊急诊医疗保险金、院外恶性肿瘤特定药品费用医疗保险金。'}, {'content': '在保险期间内，被保险人在等待期后经认可医院确诊初次罹患恶性肿瘤--重度，对于其在指定医疗机构接受质子束放疗、重离子束放疗（如碳离子放疗）和中子束放疗时发生的合理且必要的质子重离子医疗费用、转运费、翻译费及治疗直接并发症的费用，保险公司根据约定的赔付比例在保险金赔付限额内赔付。'}, {'content': '特定疾病住院医疗保险金、特定疾病指定门急诊医疗保险金、特定疾病住院前后门急诊医疗保险金。包括特定疾病住院医疗费用、特定疾病指定门诊急诊医疗费用、特定疾病住院前后门诊急诊医疗费用。'}]","3, 60, 80"
移小保平安终身防癌,产品：移小保平安终身防癌	问题：特定疾病特需医疗保险与质子重离子保险有什么区别？,"特定疾病特需医疗保险与质子重离子保险的主要区别如下：

1. **保障范围不同**：
   - **特定疾病特需医疗保险**：主要针对特定疾病（如癌症、心脑血管疾病等）提供特需医疗服务保障，包括专家门诊、住院、手术等。
   - **质子重离子保险**：专门针对癌症治疗中的质子重离子治疗提供保障，覆盖相关的医疗费用。

2. **治疗方式不同**：
   - **特定疾病特需医疗保险**：覆盖多种治疗方式，如手术、化疗、放疗等，但不一定包括质子重离子治疗。
   - **质子重离子保险**：仅覆盖质子重离子治疗，这是一种先进的放射治疗技术，用于精准打击肿瘤。

3. **适用人群不同**：
   - **特定疾病特需医疗保险**：适用于希望获得全面特需医疗服务的投保人，尤其是对特定疾病有较高保障需求的人群。
   - **质子重离子保险**：适用于关注高端癌症治疗技术的人群，特别是希望获得质子重离子治疗保障的投保人。

4. **保费和保额不同**：
   - **特定疾病特需医疗保险**：保费相对较高，保额通常较高，覆盖范围广。
   - **质子重离子保险**：保费相对较低，保额主要集中在质子重离子治疗费用上。

总之，两者在保障范围、治疗方式、适用人群和保费保额等方面存在明显差异，投保人应根据自身需求选择适合的保险产品。",,
移小保平安终身防癌,产品：移小保平安终身防癌	问题：如果年龄填写错误会有什么影响？,"根据移小保平安终身防癌保险条款，如果投保时年龄填写错误，将按以下方式处理：

**年龄错误的影响：**

1. **如实告知义务**：投保时必须如实填写与被保险人有效身份证件相符的出生日期，这是保险合同的重要组成部分

2. **可能的后果**：
   - 如果年龄错误足以影响保险公司决定是否承保或确定保险费率，保险公司有权解除合同
   - 年龄错误可能导致保险费计算不准确，影响保险责任的承担

3. **处理原则**：
   - 保险公司将按照正确年龄重新核算保险费或保险金额
   - 可能需要补交保险费差额或退还多交的保险费

**建议**：
请在投保时仔细核对被保险人的身份证件信息，确保年龄等个人信息准确无误。如发现年龄填写错误，应及时联系保险公司进行更正，以免影响保险合同的效力和后续理赔权益。","[{'content': '产生效力。 我们就您和被保险人的有关情况提出询问，您应当如实告知。我们的询问和 您的告知将记载于本主险合同中作为保险合同的重要组成部分。 如果您故意或者因重大过失未履行前款规定的如实告知义务，足以影响我们 决定是否同意承保或者提高保险费率的，我们有权解除本主险合同。 如果您故意不履行如实告知义务，对于本主险合同解除前发生的保险事故， 我们不承担赔付保险金的责任，并不退还保险费。 如果您因重大过失未履行如实告知义务，对保险事故的发生有严重影响的， 对于本主险合同解除前发生的保险事故，我们不承担赔付保险金的责任，但 会退还保险费。 我们在合同订立时已经知道您未如实告知的情况的，我们不得解除合同；发 生保险事故的，我们承担赔付保险金的责任。 8.2 年龄和性别错误 您在申请投保时，应将与有效身份证件相符的被保险人的出生日期和性别在 投保书上填明，如果发生错误按照下列方式办理： （1）您申报的被保'}, {'content': '明，未作提示或者明确说明的，该条款不产生效力。 我们就您和被保险人的有关情况提出询问，您应当如实告知。我们的询问和您 的告知将记载于本主险合同中作为保险合同的重要组成部分。 如果您故意或者因重大过失未履行前款规定的如实告知义务，足以影响我们决 定是否同意承保或者提高保险费率的，我们有权解除本主险合同。 如果您故意不履行如实告知义务，对于本主险合同解除前发生的保险事故，我 们不承担赔付保险金的责任，并不退还保险费。 如果您因重大过失未履行如实告知义务，对保险事故的发生有严重影响的，对 于本主险合同解除前发生的保险事故，我们不承担赔付保险金的责任，但会退 还保险费。 我们在合同订立时已经知道您未如实告知的情况的，我们不得解除合同；发生 保险事故的，我们承担赔付保险金的责任。 您在申请投保时，应将与有效身份证件相符的被保险人的出生日期在投保书上 7.2 年龄错误 填明，如果发生错误按照下列方式办'}, {'content': ' 现金价值=已交保险费×（1-35%）×（1－保险经过天数/本合同生效日至保险费交至日的天数），经过天数不足 1 天的按 1 天计算。 和您的告知将记载于本主险合同中作为保险合同的重要组成部分。 如果您故意或者因重大过失未履行前款规定的如实告知义务，足以影响我 们决定是否同意承保或者提高保险费率的，我们有权解除本主险合同。 如果您故意不履行如实告知义务，对于本主险合同解除前发生的保险事 故，我们不承担赔付保险金的责任，并不退还保险费。 如果您因重大过失未履行如实告知义务，对保险事故的发生有严重影响 的，对于本主险合同解除前发生的保险事故，我们不承担赔付保险金的责 任，但会退还保险费。 我们在合同订立时已经知道您未如实告知的情况的，我们不得解除合同； 发生保险事故的，我们承担赔付保险金的责任。 您在申请投保时，应将与有效身份证件相符的被保险人的出生日期在投保 8.2 年龄错误 书上填明，如果'}, {'content': '自出生之日起为零周岁，每经过一年增加一岁，不足一年的不计。 解除本主险合同时，您需要填写申请书，并提供您的保险合同及有效身 份证件。自我们收齐上述资料时起，本主险合同即被解除，犹豫期内解 除保险合同的，合同解除前发生的保险事故3我们不承担保险责任，已经 承担保险责任的情况下，被保险人应当向我们退还已经支付的保险金， 您对被保险人退还保险金应承担连带责任。 1.7 保 险 期 间 与 不 保 证续保 本主险合同的保险期间为 1 年，不保证续保。保险期间届满，您需要重 新向我们申请投保本产品，并经我们同意，交纳保险费，获得新的保险 合同。若保险期间届满时，本主险产品已停止销售，我们不再接受投保 申请，但会向您提供投保其他保险产品的合理建议。 \uf076\uf020我们提供的保障 2.1 保险计划 本主险合同的保险计划由您在投保时选择并在保险合同中载明。不同保险 计划的特定疾病范围和保险金总限额4详见保险计划表。'}, {'content': ' 27先天性畸形、变形或染色体异常指被保险人出生时就具有的畸形、变形或染色体异常。先天性畸形、变形和染色体异常依照 世界卫生组织《疾病和有关健康问题的国际统计分类》（ICD-10）确定。 28 感染艾滋病病毒或患艾滋病 艾滋病病毒指人类免疫缺陷病毒，英文缩写为 HIV。艾滋病指人类免疫缺陷病毒引起的获得性 免疫缺陷综合征，英文缩写为 AIDS。在人体血液或其它样本中检测到艾滋病病毒或其抗体呈阳性，没有出现临床症状或体征 的，为感染艾滋病病毒；如果同时出现了明显临床症状或体征的，为患艾滋病。 -246- 容、整形和矫形手术费用。各种健美治疗项目，如营养、减肥、增胖、增高 及胃减容术（包括但不限于：可调节式束带手术、袖状胃切除手术、胃旁路 手术、胃内水囊手术、胃肠转流术）； （11） 冒名住院、被保险人未到达医院就诊即代诊、不符合入院标准、挂 床住院或住院病人应当出院而拒不出院（从医院确定可以'}, {'content': '险人申请投保且所有被保险人均被我们同意承 保的情况。 2周岁指按有效身份证件中记载的出生日期计算的年龄，自出生之日起为零周岁，每经过一年增加一岁，不足一年的不计。 -240- 1.7 保 险 期 间 与 保 证 续保 期间提出解除本主险合同，我们将无息退还您所支付的全部保险费。 解除本主险合同时，您需要填写申请书，并提供您的保险合同及有效身份证 件3。自我们收齐上述资料时起，本主险合同即被解除。犹豫期内解除保险 合同的，合同解除前发生的保险事故我们不承担保险责任，已经承担保险责 任的情况下，被保险人应当向我们退还已经支付的保险金，您对被保险人退 还保险金应承担连带责任。 本主险合同是费率可调的保证续保型医疗保险合同，保险期间为 1 年，保证 续保至被保险人终身。保证续保期间自您首次投保本主险合同的保险期间开 始之日起计算。在保证续保期间内，我们不因被保险人的身体状况或历史理 赔情况而拒绝您'}, {'content': '首次投保年龄为 0 周岁至 70 周岁，投保时被保险人为 0 周岁的，应当为出生满 28 日且已健康出院的婴儿。被保险人需在中华人民共和国（港澳台除外）境内累计居住至少183天，若被保险人投保时不满1周岁，则被保险人在中华人民共和国（港澳台除外）境内累计居住时间不少于自出生之日起至投保之日止累计日数的二分之一。'}, {'content': '适用人群：首次投保年龄为0周岁至70周岁，投保时被保险人为0周岁的，应当为出生满28日且已健康出院的婴儿。被保险人于本主险合同生效日前365天内在中华人民共和国（港澳台除外）境内累计居住至少240天。若被保险人投保时不满1周岁，则被保险人在中华人民共和国（港澳台除外）境内累计居住时间不少于自出生之日起至投保之日止累计日数的三分之二。被保险人年满99周岁前（含99周岁）。'}, {'content': '0周岁至65周岁，出生满28日且已健康出院的婴儿，被保险人于本主险合同生效日前365天内在中华人民共和国（港澳台除外）境内累计居住至少183天，身体健康状况能够通过核保审核。'}]","38, 66"
移小保平安终身防癌,产品：移小保平安终身防癌	问题：保险合同的生效条件是什么？,"根据移小保平安终身防癌保险条款，保险合同的生效条件如下：

1. **投保申请需经保险公司同意** - 保险公司需同意您的投保申请

2. **保险期间** - 本主险合同的保险期间为1年

3. **重新投保要求** - 保险期间届满后，您需要重新向保险公司申请投保本产品，并经保险公司同意，交纳保险费，才能获得新的保险合同

4. **如实告知义务** - 在订立合同时，您需要对保险公司就您和被保险人的有关情况提出的询问如实告知

5. **合同解除影响** - 如在1年保险期间内申请解除保险合同，将影响合同的持续有效性

需要注意的是，该产品不保证续保，保险期间届满时需要重新申请投保。若保险期间届满时本产品已停止销售，保险公司不再接受投保申请，但会提供投保其他保险产品的合理建议。","[{'content': '我们同意了您的投保申请，您的保证续保期间和等待期 （见 2.2 条保险责任）也将重新开始计算： 1. 您在投保时对我们询问的问题未做如实回答，即未履行如实告知义务； 2. 您在本主险合同 1 年的保险期间内申请解除保险合同； 3. 您在任一保险期间结束后 60 日内没有及时足额缴纳应缴的保险费； 4. 我们向您赔付的保险金达到了保证续保期间内赔付总限额。 本主险合同属于费率可调型长期医疗保险，您在保证续保期间内续保时应缴 纳的保险费是不确定的，详见本条款第 5 条的约定和产品说明书。 \uf076\uf020我们提供的保障 2.1 保险计划 本主险合同的保险期间内赔付限额、保证续保期间内赔付总限额、赔付比例 等详见保险计划表。 2.2 保险责任 在本主险合同保险期间内，我们承担如下保险责任： 2.2.1 等待期 除另有约定外，自本主险合同保险期间开始日起 90 天内（含第 90 天）为等 待期。被保险人在投保'}, {'content': '自出生之日起为零周岁，每经过一年增加一岁，不足一年的不计。 解除本主险合同时，您需要填写申请书，并提供您的保险合同及有效身 份证件。自我们收齐上述资料时起，本主险合同即被解除，犹豫期内解 除保险合同的，合同解除前发生的保险事故3我们不承担保险责任，已经 承担保险责任的情况下，被保险人应当向我们退还已经支付的保险金， 您对被保险人退还保险金应承担连带责任。 1.7 保 险 期 间 与 不 保 证续保 本主险合同的保险期间为 1 年，不保证续保。保险期间届满，您需要重 新向我们申请投保本产品，并经我们同意，交纳保险费，获得新的保险 合同。若保险期间届满时，本主险产品已停止销售，我们不再接受投保 申请，但会向您提供投保其他保险产品的合理建议。 \uf076\uf020我们提供的保障 2.1 保险计划 本主险合同的保险计划由您在投保时选择并在保险合同中载明。不同保险 计划的特定疾病范围和保险金总限额4详见保险计划表。'}, {'content': '书并向我们提供下列资 料： 续及风险 （1）保险合同； （2）您的有效身份证件。 自我们收到解除合同申请书时起，本主险合同终止。我们自收到解除合同申 请书之日起 30 日内向您退还本主险合同的现金价值36。 您解除合同会遭受一定损失。 解除合同后，您会失去原有的保障和保证续保的权益。 \uf07c\uf020其他需要关注的事项 8.1 明 确 说 明 与 如 实 告知 订立本主险合同时，我们会向您说明本主险合同的内容。对本主险合同中免 除我们责任的条款，我们在订立合同时会在投保书、保险单或其他保险凭证 上作出足以引起您注意的提示，并对该条款的内容以书面或口头形式向您作 出明确说明，未作提示或者明确说明的，该条款不产生效力。 我们就您和被保险人的有关情况提出询问，您应当如实告知。我们的询问和 您的告知将记载于本主险合同中作为保险合同的重要组成部分。 如果您故意或者因重大过失未履行前款规定的如实告知义务，足以影响'}, {'content': '产生效力。 我们就您和被保险人的有关情况提出询问，您应当如实告知。我们的询问和 您的告知将记载于本主险合同中作为保险合同的重要组成部分。 如果您故意或者因重大过失未履行前款规定的如实告知义务，足以影响我们 决定是否同意承保或者提高保险费率的，我们有权解除本主险合同。 如果您故意不履行如实告知义务，对于本主险合同解除前发生的保险事故， 我们不承担赔付保险金的责任，并不退还保险费。 如果您因重大过失未履行如实告知义务，对保险事故的发生有严重影响的， 对于本主险合同解除前发生的保险事故，我们不承担赔付保险金的责任，但 会退还保险费。 我们在合同订立时已经知道您未如实告知的情况的，我们不得解除合同；发 生保险事故的，我们承担赔付保险金的责任。 8.2 年龄和性别错误 您在申请投保时，应将与有效身份证件相符的被保险人的出生日期和性别在 投保书上填明，如果发生错误按照下列方式办理： （1）您申报的被保'}, {'content': '时效 受益人向我们请求赔付保险金的诉讼时效适用现行有效法律规定，自其知 道或者应当知道保险事故发生之日起计算。 \uf07b\uf020如何解除保险合同 7.1 您 解 除 合 同 的 手 续及风险 您可以申请解除本主险合同，请填写解除合同申请书并向我们提供下列资 料： （1）保险合同； （2）您的有效身份证件。 自我们收到解除合同申请书时起，本主险合同终止。我们自收到解除合同 申请书之日起 30 日内向您退还本主险合同的现金价值44。 您解除合同会遭受一定损失。 \uf07c\uf020其他需要关注的事项 8.1 明 确 说 明 与 如 实 告知 订立本主险合同时，我们会向您说明本主险合同的内容。对本主险合同中 免除我们责任的条款，我们在订立合同时会在投保书、保险单或其他保险 凭证上作出足以引起您注意的提示，并对该条款的内容以书面或口头形式 向您作出明确说明，未作提示或者明确说明的，该条款不产生效力。 我们就您和被保险人的有关'}, {'content': '关证明和资料的期间将不计入上述 30 日。 对不属于保险责任的，我们自作出核定之日起 3 日内向受益人发出拒绝赔付 保险金通知书并说明理由。 我们在收到受益人的保险金赔付申请书及有关证明和资料之日起 60 日内， 对赔付保险金的数额不能确定的，根据已有证明和资料可以确定的数额先予 支付；我们最终确定赔付保险金的数额后，将支付相应的差额。 6.4 保险金的赔付 6.5 诉讼时效 受益人向我们请求赔付保险金的诉讼时效适用现行有效法律规定，自其知道 或者应当知道保险事故发生之日起计算。 -250- \uf07b\uf020如何解除保险合同 7.1 您 解 除 合 同 的 手 您可以申请解除本主险合同，请填写解除合同申请书并向我们提供下列资 料： 续及风险 （1）保险合同； （2）您的有效身份证件。 自我们收到解除合同申请书时起，本主险合同终止。我们自收到解除合同申 请书之日起 30 日内向您退还本主险合同的现金价值'}, {'content': '无对应取值。'}]",66
移小保平安终身防癌,产品：移小保平安终身防癌	问题：保险计划中是否包含门诊治疗费用？,"根据移小保平安终身防癌保险条款，该保险计划确实包含门诊治疗费用保障，具体如下：

**包含的门诊治疗费用：**

1. **指定门诊急诊医疗保险金**
   - 门诊肿瘤治疗费用：包括肿瘤化学疗法、肿瘤放射疗法、肿瘤靶向疗法、肿瘤内分泌疗法、肿瘤免疫疗法的治疗费用
   - 器官移植后的门诊抗排异治疗
   - 门诊手术费用

2. **住院前后门诊急诊医疗保险金**
   - 住院前30日内和出院后30日内，与住院相同原因发生的门诊急诊医疗费用

3. **特定疾病指定门急诊医疗保险金**
   - 针对特定疾病的门诊急诊医疗费用

**重要说明：**
- 所有门诊治疗费用需在恶性肿瘤及原位癌治疗费用医疗保险金赔付限额内进行赔付
- 适用补偿原则，即赔付金额不超过实际医疗费用扣除其他途径补偿后的余额
- 需在等待期后初次确诊恶性肿瘤或原位癌
- 治疗必须由医院诊断认为必要，且在指定医疗机构进行

因此，该保险计划对符合条款规定的恶性肿瘤相关门诊治疗费用提供保障。","[{'content': '、肿瘤靶向疗法18、 肿瘤内分泌疗法19、肿瘤免疫疗法20的治疗费用； （2）器官移植后的门诊抗排异治疗； （3）门诊手术21。 我们依据 2.2.6 条的保险金计算方法结合补偿原则在恶性肿瘤及原位癌治 疗费用医疗保险金赔付限额内赔付指定门诊急诊医疗保险金。 3.住院前后门诊急诊医疗保险金 被保险人因在等待期后初次罹患符合本主险合同定义的恶性肿瘤或原位癌， 在确诊之日后经医院诊断必须住院治疗的，对于其在住院前30日（含住院当 日，以住院病历或出院小结为准）和出院后30日（含出院当日，以住院病历 或出院小结为准）内在医院门诊部门或急诊部门，与本次住院相同原因而发 生的，必须由被保险人个人自行承担的门诊急诊医疗费用。我们依据2.2.6 条的保险金计算方法结合补偿原则在恶性肿瘤及原位癌治疗费用医疗保险 金赔付限额内赔付住院前后门诊急诊医疗保险金。 住院前后门诊急诊医疗保险金不包括上述第 2 项所'}, {'content': '）结果明确诊断，临床诊断属于世界卫生组织 （WHO，World Health Organization）《疾病和有关健康问题的国际统计分 类》第十次修订版（ICD-10）的恶性肿瘤类别及《国际疾病分类肿瘤学专 辑》第三版（ICD-O-3）的肿瘤形态学编码属于 3、6、9（恶性肿瘤）范畴 的疾病。 下列疾病不属于“恶性肿瘤--重度”，不在保障范围内： （1）ICD-O-3 肿瘤形态学编码属于 0（良性肿瘤）、1（动态未定性肿瘤）、 2（原位癌和非侵袭性癌）范畴的疾病，如： a.原位癌，癌前病变，非浸润性癌，非侵袭性癌，肿瘤细胞未侵犯基底层， 2.2.3 特定疾病 20肿瘤化学疗法指针对于肿瘤的化学治疗。化疗是使用医学界公认的化疗药物以杀死癌细胞、抑制癌细胞生长繁殖为目的而进 行的治疗。本主险合同所指的化疗为被保险人根据医嘱，在医院进行的静脉注射化疗。 21肿瘤放射疗法指被保险人根据医嘱，在医'}, {'content': '充类药品， 免疫功能调节类药品，美容及减肥类药品，预防类药品以及根据中医药方组合一种或多种中医药材进行内服或外用的中草药药品费。 8肿瘤化学疗法指针对于肿瘤的化学治疗。化疗是使用医学界公认的化疗药物以杀死癌细胞、抑制癌细胞生长繁殖为目的而进行的治 疗。本主险合同所指的化疗为被保险人根据医嘱，在医院进行的静脉注射化疗。 9肿瘤放射疗法指被保险人根据医嘱，在医院的专门科室进行的光子束放射疗法和电子束放射疗法。 10肿瘤免疫疗法指应用免疫学原理和方法，使用肿瘤免疫治疗药物提高肿瘤细胞的免疫原性和对效应细胞杀伤的敏感性，激发和增强 机体抗肿瘤免疫应答，促进机体免疫系统杀伤肿瘤、抑制肿瘤生长。 11肿瘤内分泌疗法指针对于肿瘤的内分泌疗法，用药物抑制激素生成和激素反应，杀死癌细胞或抑制癌细胞的生长。 12肿瘤靶向疗法指在细胞分子水平上，针对已经明确的致癌点来设计相应的靶向治疗药物，利用具有一定特异性的'}, {'content': '必要的，满足以下条件的特定药品费用，我们依据 2.2.6 条的保险金 15门诊急诊医疗费用指发生在医院门诊部门或急诊部门的医生诊疗费、治疗费、检查检验费、药品费与中草药药品费。 16肿瘤化学疗法指针对于肿瘤的化学治疗。化疗是使用医学界公认的化疗药物以杀死癌细胞、抑制癌细胞生长繁殖为目的而进 行的治疗。本主险合同所指的化疗为被保险人根据医嘱，在医院进行的静脉注射化疗。 17肿瘤放射疗法指被保险人根据医嘱，在医院的专门科室进行的光子束放射疗法和电子束放射疗法，不包括质子束放疗、重离 子束放疗（如碳离子放疗）和中子束放疗。 18肿瘤靶向疗法指在细胞分子水平上，针对已经明确的致癌点来设计相应的靶向治疗药物，利用具有一定特异性的载体，将药 物或其他杀伤肿瘤细胞的活性物质选择性地运送到肿瘤部位攻击癌细胞的疗法。本主险合同所指的靶向治疗的药物需具有国 家药品监督管理部门核发的药品批准文号或者进口药品注册'}, {'content': '据医生建议，被保险人在不同医院转诊过程中的医院用车费 用。 -243- 恶性肿瘤及原位癌治疗费用医疗保险金赔付限额内赔付住院医疗保险金。 如果保险期间到期时，被保险人尚处于住院状态中，则在被保险人办理出院 手续前，我们将继续按前一保险期间的赔付限额承担保险责任，直至被保险 人办理出院手续。 2. 指定门诊急诊医疗保险金 被保险人因在等待期后初次罹患符合本主险合同定义的恶性肿瘤或原位癌， 经医院诊断必须在医院门诊部门或急诊部门对其经确诊的恶性肿瘤或原位 癌进行如下治疗发生的必须由被保险人个人自行承担的合理且必要的门诊 急诊医疗费用15： （1）门诊肿瘤治疗，包括肿瘤化学疗法16、肿瘤放射疗法17、肿瘤靶向疗法18、 肿瘤内分泌疗法19、肿瘤免疫疗法20的治疗费用； （2）器官移植后的门诊抗排异治疗； （3）门诊手术21。 我们依据 2.2.6 条的保险金计算方法结合补偿原则在恶性肿瘤及原位癌'}, {'content': '们在保证续保期间内累计赔付的保险金达到保 证续保期间内赔付总限额时，本主险合同和保证续保期间将一并终止，我们 不再承担保险责任。 22基本医疗保险指《中华人民共和国社会保险法》所规定的基本医疗保险，包括城镇职工基本医疗保险、城镇居民基本医疗保 险或城乡居民基本医疗保险、新型农村合作医疗等政府举办的基本医疗保障项目。 -245- 2.2.8 补偿原则 若被保险人已从其他途径（包括基本医疗保险、公费医疗、城乡居民大病保 险、工作单位、第三方侵权责任人（包含法人）或本公司在内的任何商业保 险机构等）取得补偿的，我们将按上述约定计算并赔付保险金，且最高赔付 金额不超过被保险人实际发生的医疗费用扣除其所获补偿后的余额。 \uf077\uf020责任免除 3.1 责任免除 1. 因下列情形之一导致被保险人罹患恶性肿瘤或原位癌，或在治疗恶性肿 瘤或原位癌的过程中发生下列原因造成的医疗费，我们不承担赔付保险金的 责任： （1'}, {'content': '在本主险合同保险期间内，我们承担如下保险责任：恶性肿瘤--重度和恶性肿瘤--轻度的保险责任。恶性肿瘤及原位癌治疗费用医疗保险金，包括住院医疗保险金、指定门诊急诊医疗保险金、住院前后门诊急诊医疗保险金、院外恶性肿瘤特定药品费用医疗保险金。'}, {'content': '在保险期间内，被保险人在等待期后经认可医院确诊初次罹患恶性肿瘤--重度，对于其在指定医疗机构接受质子束放疗、重离子束放疗（如碳离子放疗）和中子束放疗时发生的合理且必要的质子重离子医疗费用、转运费、翻译费及治疗直接并发症的费用，保险公司根据约定的赔付比例在保险金赔付限额内赔付。'}, {'content': '特定疾病住院医疗保险金、特定疾病指定门急诊医疗保险金、特定疾病住院前后门急诊医疗保险金。包括特定疾病住院医疗费用、特定疾病指定门诊急诊医疗费用、特定疾病住院前后门诊急诊医疗费用。'}]","19, 79"
移小保平安终身防癌,产品：移小保平安终身防癌	问题：如何变更保险合同内容或联系方式？,"根据移小保平安终身防癌（平安互联网长期癌症医疗保险）条款内容，关于合同内容变更和联系方式变更的规定如下：

**合同内容变更（8.3条款）**
- 在保险合同有效期内，经您与保险公司协商一致，可以变更合同内容
- 变更方式包括：
  - 由保险公司在保险单或其他保险凭证上批注
  - 附贴批单
  - 双方订立书面的变更协议
- 您可以通过保险公司同意或认可的网站等互联网渠道提出变更申请
- 在线提交的电子信息与书面文件具有相同的法律效力

**联系方式变更（8.4条款）**
- 当您的住所、通讯地址、电话或电子邮箱等联系方式发生变更时
- 请及时以书面形式或双方认可的其他形式通知保险公司
- 如未及时通知，保险公司按合同载明的最后联系方式发送的通知，均视为已送达

**建议操作方式**
您可以通过平安健康保险的官方网站、官方APP或客服热线等官方渠道办理相关变更手续，确保变更信息及时准确更新。","[{'content': '险金的赔付 6.5 诉讼时效 7.如何解除保险合同 7.1 您解除合同的手续和风险 8.其他需要关注的事项 8.1 明确说明与如实告知 8.2 年龄与性别错误 8.3 合同内容变更 8.4 联系方式变更 8.5 效力终止 8.6 争议处理 附表1：平安互联网长期癌症医疗 保险（费率可调）计划表 附表2：院外恶性肿瘤特定药品清 单 附表3：指定医院清单 附表4：甲状腺癌的TNM分期 -239- 平安互联网长期癌症医疗保险（费率可调）条款 本保险为费率可调的长期医疗保险，在保证续保期间内保险费率有可能调整。 在本条款中，“您”指投保人，“我们”、“本公司”均指平安健康保险股份有限公司。 \uf075\uf020您与我们的合同 1.1 合同构成 本保险条款、保险合同、保险单或其他保险凭证、产品说明书、投保书、与 保险合同有关的投保文件、合法有效的声明、批注、批单、附加险合同、其 他书面或电子协议都是您与我们之间订立'}, {'content': '们的合同 1.1 合同构成 本保险条款、保险合同、保险单或其他保险凭证、产品说明书、投保书、与 保险合同有关的投保文件、合法有效的声明、批注、批单、附加险合同、其 他书面或电子协议都是您与我们之间订立的保险合同的构成部分。 “平安互联网长期癌症医疗保险（费率可调）合同”以下简称为“本主险合 同”。 1.2 合同成立与生效 您提出投保申请，我们审核您的投保申请和被保险人健康状况后同意承保， 本主险合同成立。 本主险合同自我们同意承保，并签发保险合同时开始生效，我们承担保险责 任的时间以保险合同记载的保险期间为准。 1.3 保险对象 1.4 投保年龄 1.5 保障区域 本主险合同的保险对象（即被保险人）须满足以下全部条件： 1. 被保险人于本主险合同生效日前365天内在中华人民共和国（港澳台除 外）境内累计居住至少183天。若被保险人投保时不满1周岁，则被保险 人在中华人民共和国（港澳台除外）'}, {'content': '变更本主险合同的，应当由我们在保险单或者其他保险凭证上批注或 者附贴批单，或者由您与我们订立书面的变更协议。 您通过我们同意或认可的网站等互联网渠道提出对本主险合同进行变更，视 为您的书面申请，您向我们在线提交的电子信息与您向我们提交的书面文件 具有相同的法律效力。 8.4 联系方式变更 为了保障您的合法权益，您的住所、通讯地址、电话或电子邮箱等联系方式 变更时，请及时以书面形式或双方认可的其他形式通知我们。若您未以书面 形式或双方认可的其他形式通知我们，我们按本主险合同载明的最后住所或 通讯地址所发送的有关通知，均视为已送达给您。 8.5 效力终止 当发生下列情形之一时，本主险合同效力终止： （1）被保险人身故； （2）本主险合同中列明的其他合同解除或终止的情形。 -252- 附表 1： 平安互联网长期癌症医疗保险（费率可调）计划表 保证续保期间内赔付总限额 保险期间内赔付限额 保险期间'}, {'content': '6.3 保险金申请 6.4 保险金的赔付 6.5 诉讼时效 7.如何解除保险合同 7.1 您解除合同的手续及风险 8.其他需要关注的事项 8.1 明确说明与如实告知 8.2 年龄错误 8.3 合同内容变更 8.4 联系方式变更 8.5 效力终止 平安互联网特定疾病特需医疗保险条款 在本条款中，“您”指投保人，“我们”、“本公司”均指平安健康保险股份有限公司。 \uf075\uf020您与我们的合同 1.1 合同构成 本保险条款、保险合同、保险单或其他保险凭证、投保书、与保险合同有 关的投保文件、合法有效的声明、批注、批单、附加险合同、服务手册、 其他书面或电子协议都是您与我们之间订立的保险合同的构成部分。 “平安互联网特定疾病特需医疗保险合同”以下简称为“本主险合同”。 1.2 合同成立与生效 您提出投保申请，我们审核您的投保申请和被保险人健康状况后同意承 保，本主险合同成立。 本主险合同自我们同意承保，并签'}, {'content': '收的保险费退还给您。 7.3 合同内容变更 在本主险合同有效期内，经您与我们协商一致，可以变更本主险合同的有关内 容。变更本主险合同的，应当由我们在保险单或者其他保险凭证上批注或者附 贴批单，或者由您与我们订立书面的变更协议。 您通过我们同意或认可的网站等互联网渠道提出对本主险合同进行变更，视为 您的书面申请，您向我们在线提交的电子信息与您向我们提交的书面文件具有 相同的法律效力。 7.4 联系方式变更 为了保障您的合法权益，您的住所、通讯地址、电话或电子邮箱等联系方式变 更时，请及时以书面形式或双方认可的其他形式通知我们。若您未以书面形式 或双方认可的其他形式通知我们，我们按本主险合同载明的最后住所或通讯地 址所发送的有关通知，均视为已送达给您。 7.5 效力终止 当发生下列情形之一时，本主险合同效力终止： （1）被保险人身故； （2）本主险合同中列明的其他合同解除或终止的情形。 附表 '}, {'content': '付保险费 的，我们会将多收的保险费退还给您。 8.3 合同内容变更 在本主险合同有效期内，经您与我们协商一致，可以变更本主险合同的有 关内容。变更本主险合同的，应当由我们在保险单或者其他保险凭证上批 注或者附贴批单，或者由您与我们订立书面的变更协议。 您通过我们同意或认可的网站等互联网渠道提出对本主险合同进行变更， 视为您的书面申请，您向我们在线提交的电子信息与您向我们提交的书面 文件具有相同的法律效力。 8.4 联系方式变更 为了保障您的合法权益，您的住所、通讯地址、电话或电子邮箱等联系方 式变更时，请及时以书面形式或双方认可的其他形式通知我们。若您未以 书面形式或双方认可的其他形式通知我们，我们按本主险合同载明的最后 住所或通讯地址所发送的有关通知，均视为已送达给您。 8.5 效力终止 当发生下列情形之一时，本主险合同效力终止： （1）被保险人身故； （2）本主险合同中列明的其他合同解'}, {'content': '无对应取值。'}]","40, 62"
移小保平安终身防癌,产品：移小保平安终身防癌	问题：费用型医疗险的补偿原则具体是什么意思？,"根据移小保平安终身防癌保险条款，费用型医疗险的补偿原则具体含义如下：

**补偿原则的核心内容：**
当被保险人已从其他途径获得医疗费用补偿时，保险公司仅对剩余未补偿部分进行赔付，且赔付总额不超过实际发生的医疗费用总额。

**具体规定：**
1. **补偿来源包括：**
   - 基本医疗保险
   - 公费医疗
   - 城乡居民大病保险
   - 工作单位
   - 第三方侵权责任人
   - 其他商业保险机构（包括本公司）

2. **赔付计算方式：**
   保险公司按约定计算应赔付的保险金，但最高赔付金额不超过：
   **实际发生的医疗费用 - 已从其他途径获得的补偿**

**举例说明：**
如果被保险人实际医疗费用为10万元，已通过基本医保报销6万元，则保险公司最高赔付金额不超过4万元（10万-6万）。

这一原则旨在避免被保险人通过保险获得超额收益，确保保险补偿与实际经济损失相符，符合损失补偿原则的基本原理。","[{'content': '获补偿后的余额。 \uf077\uf020责任免除 3.1 责任免除 1. 因下列情形之一导致被保险人罹患恶性肿瘤或原位癌，或在治疗恶性肿 瘤或原位癌的过程中发生下列原因造成的医疗费，我们不承担赔付保险金的 责任： （1） 您对被保险人的故意杀害、故意伤害； （2） 被保险人故意自杀或自伤、故意犯罪或者抗拒依法采取的刑事强制 措施； （3） 被保险人殴斗、醉酒23、主动吸食或注射毒品24； （4） 核爆炸、核辐射与核污染、战争、军事冲突、恐怖袭击、暴乱或武 装叛乱； （5） 精神和行为障碍治疗以及各种医疗咨询和健康预测：如健康咨询、 睡眠咨询、性咨询、心理咨询（依照世界卫生组织《疾病和有关健康问题的 国际统计分类》（ICD-10）25确定的精神和行为障碍以外的一般心理问题，如 职场问题、家庭问题、婚恋问题、个人发展、情绪管理等）； （6） 各类医疗鉴定，包括但不限于医疗事故鉴定、精神病鉴定、遗传基 因鉴定费用'}, {'content': '们在保证续保期间内累计赔付的保险金达到保 证续保期间内赔付总限额时，本主险合同和保证续保期间将一并终止，我们 不再承担保险责任。 22基本医疗保险指《中华人民共和国社会保险法》所规定的基本医疗保险，包括城镇职工基本医疗保险、城镇居民基本医疗保 险或城乡居民基本医疗保险、新型农村合作医疗等政府举办的基本医疗保障项目。 -245- 2.2.8 补偿原则 若被保险人已从其他途径（包括基本医疗保险、公费医疗、城乡居民大病保 险、工作单位、第三方侵权责任人（包含法人）或本公司在内的任何商业保 险机构等）取得补偿的，我们将按上述约定计算并赔付保险金，且最高赔付 金额不超过被保险人实际发生的医疗费用扣除其所获补偿后的余额。 \uf077\uf020责任免除 3.1 责任免除 1. 因下列情形之一导致被保险人罹患恶性肿瘤或原位癌，或在治疗恶性肿 瘤或原位癌的过程中发生下列原因造成的医疗费，我们不承担赔付保险金的 责任： （1'}, {'content': '服或外用 的中草药药品费。 16医疗器械使用费指以治疗疾病为目的，为提供必要的医学手段而购买、租用和使用医疗器械所发生的费用。 17医生诊疗费指包括外科医生、麻醉师、内科医生、专科医生的诊疗费用。 18手术费指住院期间发生的合理且必要的治疗性手术医疗费用，包括外科医生费、手术室费、恢复室费、麻醉费、手术监测 费、手术辅助费、材料费、一次性用品费、术中用药费、手术设备费；若因器官移植而发生手术费用，则不包括器官本身的 费用和获取器官过程中的费用。 19转院救护车使用费指住院期间以抢救生命或治疗疾病为目的，根据医生建议，被保险人在不同医院转诊过程中的医院用车费 用。 （2）门诊肿瘤治疗，包括肿瘤化学疗法20、肿瘤放射疗法21、肿瘤靶向疗 法22、肿瘤内分泌疗法23、肿瘤免疫疗法24的治疗费用； （3）器官移植后的门诊抗排异治疗； （4）门诊手术25。 我们结合补偿原则在特定疾病医疗保险金赔付限'}, {'content': '阿胶、鹿角胶、龟鹿二仙胶、龟 板胶、鳖甲胶、马宝、珊瑚、玳瑁、冬虫夏草、藏红花、羚羊、犀角、牛黄、麝香、鹿茸、铁皮枫斗以及用中药材、中药饮片、 以及使用中药材或中药饮片炮制的各类酒制剂。 12医疗器械使用费指以治疗疾病为目的，为提供必要的医学手段而购买、租用和使用医疗器械所发生的费用。 13手术费指住院期间发生的合理且必要的治疗性手术医疗费用，包括外科医生费、手术室费、恢复室费、麻醉费、手术监测费、 手术辅助费、材料费、一次性用品费、术中用药费、手术设备费；若因器官移植而发生手术费用，则不包括器官本身的费用 和获取器官过程中的费用。 14转院救护车使用费指住院期间以抢救生命或治疗疾病为目的，根据医生建议，被保险人在不同医院转诊过程中的医院用车费 用。 -243- 恶性肿瘤及原位癌治疗费用医疗保险金赔付限额内赔付住院医疗保险金。 如果保险期间到期时，被保险人尚处于住院状态中，则在被保险人办理'}, {'content': '；中医理疗是指以治疗疾病为目的，被保险人接受由具有相应资格的医生实施的针灸治疗、推拿 治疗、拔罐治疗或刮痧治疗等；其他特殊疗法包括顺势治疗、职业疗法及语音治疗等。 14检查检验费指住院期间实际发生的，以诊断疾病为目的，采取必要的医学手段进行检查及检验而发生的合理的医疗费用，包 括 X 光费、心电图费、B 超费、脑电图费、内窥镜费、肺功能仪费、分子生化检验费和血、尿、便常规检验费等。 15药品费指住院期间实际发生的合理且必要的由医生开具的具有国家药品监督管理部门核发的药品批准文号或者进口药品注册 证书、医药产品注册证书的国产或进口药品的费用。药品费中不包含根据中医药方组合一种或多种中医药材进行内服或外用 的中草药药品费。 16医疗器械使用费指以治疗疾病为目的，为提供必要的医学手段而购买、租用和使用医疗器械所发生的费用。 17医生诊疗费指包括外科医生、麻醉师、内科医生、专科医生的诊疗费用。 1'}, {'content': '大病保险、 工作单位、第三方侵权责任人（包含法人）或本公司在内的任何商业保险机构 等）取得补偿的，我们将按上述约定计算并赔付保险金，且最高赔付金额不超 过被保险人实际发生的医疗费用扣除其所获补偿后的余额。 \uf077\uf020 责任免除 1.因下列情形之一导致被保险人接受本主险合同保险责任范围内的就医治疗 3.1 责任免除 的，我们不承担赔付保险金的责任： （1）您对被保险人的故意杀害、故意伤害或被保险人故意自伤、故意犯罪； （2）被保险人在投保时已经患有恶性肿瘤—重度； （3）被保险人罹患遗传性疾病13，先天性畸形、变形或染色体异常14、先天性 恶性肿瘤（BRCA1/BRCA2 基因突变家族性乳腺癌，遗传性非息肉病性结直肠 癌，肾母细胞瘤即 Wilms 瘤，李-佛美尼综合症即 Li-Fraumeni 综合症）引起 的医疗费用； （4）被保险人单纯为了检查、购药、观察病情发展的出国。被保险人在特定 医疗机'}, {'content': '在本主险合同保险期间内，我们承担如下保险责任：恶性肿瘤--重度和恶性肿瘤--轻度的保险责任。恶性肿瘤及原位癌治疗费用医疗保险金，包括住院医疗保险金、指定门诊急诊医疗保险金、住院前后门诊急诊医疗保险金、院外恶性肿瘤特定药品费用医疗保险金。'}, {'content': '在保险期间内，被保险人在等待期后经认可医院确诊初次罹患恶性肿瘤--重度，对于其在指定医疗机构接受质子束放疗、重离子束放疗（如碳离子放疗）和中子束放疗时发生的合理且必要的质子重离子医疗费用、转运费、翻译费及治疗直接并发症的费用，保险公司根据约定的赔付比例在保险金赔付限额内赔付。'}, {'content': '特定疾病住院医疗保险金、特定疾病指定门急诊医疗保险金、特定疾病住院前后门急诊医疗保险金。包括特定疾病住院医疗费用、特定疾病指定门诊急诊医疗费用、特定疾病住院前后门诊急诊医疗费用。'}]","25, 75, 76"
移小保康乐保医疗保险,产品：移小保康乐保医疗保险	问题：这款保险的保障范围包括哪些医疗费用？,"根据移小保康乐保医疗保险条款，该产品的保障范围包括以下医疗费用：

**一、基本医疗保险范围内医疗费用**
- 住院医疗费用
- 特殊门诊医疗费用  
- 门诊手术医疗费用
- 住院前后门急诊医疗费用（住院前7天及出院后30天内）

**二、基本医疗保险范围外医疗费用**
- 住院医疗费用（床位费、膳食费、治疗费、医生诊疗费、手术费、药品费、检查化验费、护理费、救护车费等）
- 特殊门诊医疗费用：
  - 肾透析治疗
  - 恶性肿瘤——重度治疗（化学疗法、放射疗法、肿瘤免疫疗法、肿瘤内分泌疗法、肿瘤靶向疗法）
  - 器官移植后的门诊抗排异治疗
- 门诊手术医疗费用
- 住院前后门急诊医疗费用

**保障额度：**
- 基本医疗保险范围内医疗费用保额：100万元
- 基本医疗保险范围外医疗费用保额：50万元

**赔付方式：**
按约定公式计算，扣除免赔额后按比例赔付（基本医保范围内给付比例一般为90%），具体赔付金额需根据实际发生的医疗费用计算。","[{'content': '部分讲的是我们提供的保障以及我们提供保障的期间。 第一条 基本保险金额 本主险合同基本医疗保险范围内医疗保险金和基本医疗保险范围外医疗保险金的基本保险金额 分别为人民币 100 万元和人民币 50 万元。 第二条 保险责任 一、基本医疗保险范围内医疗保险金 在本主险合同保险期间内，若被保险人因意外伤害事故1或因疾病，在我们认可的医院2进行治疗， 对于被保险人所发生的基本医疗保险3范围内的必要且合理4的下列（一）-（四）类医疗费用，我们 按以下公式给付基本医疗保险范围内医疗保险金： 基本医疗保险范围内医疗保险金＝（基本医疗保险范围内医疗费用-针对该医疗费用的补偿、赔 偿5–年度免赔额）×给付比例 1 意外伤害事故：指遭受外来的、突发的、非本意的、非疾病的使身体受到伤害的客观事件，猝死不属于意外伤 害。猝死指表面健康的人因潜在疾病、机能障碍或者其他原因在出现症状后 24 小时内发生的非暴力性突'}, {'content': '急诊医疗费用（不包括 门诊肾透析、门诊“恶性肿瘤——重度”治疗、器官移植后的门诊抗排异治疗费用和门诊手术医疗 费用）按约定的给付方式给付基本医疗保险范围外医疗保险金。 本主险合同的基本医疗保险范围外医疗保险金在每个保单年度内对应的免赔额为 2 万元。公费 医疗、基本医疗保险或城乡居民大病保险报销部分不可用于抵扣年度免赔额；通过其他途径获得的 医疗费用补偿可用于抵扣年度免赔额。 我们在同一保单年度内累计给付的基本医疗保险范围外医疗保险金数额达到本主险合同约定的 基本医疗保险范围外医疗基本保险金额时，本项保险责任在该保单年度内终止。 第三条 保险期间 本主险合同的保险期间为一年，自本主险合同生效日零时起至约定期满日二十四时止，并在保 险单上载明。 第四条 不保证续保 本主险合同为不保证续保合同。 本产品保险期间为一年。保险期间届满，您需要重新向我们申请投保本产品，并经我们同意， 交纳保险费，获'}, {'content': '院医疗费用具体包括床位费11、膳食费12、治疗费13、医生诊疗费14、手术费15、药品费16、检查 化验费17、护理费18、救护车费19等。 若本主险合同不再续保，对保险期间届满前发生的且延续至保险期间届满后三十日（含）内的 （4）从侵权方或第三方获得的针对该医疗费用的赔偿。 6 保单年度：指从保险合同生效日或保单周年日的零时起至下一年度保单周年日的前一日二十四时止为一个保单年 度。 7 公费医疗：指国家为保障国家工作人员而实行的、通过医疗卫生部门按规定向享受人员提供免费医疗及预防服务的 一项社保制度。 8 城乡居民大病保险：是基本医疗保障制度的拓展和延伸，是对大病患者发生的高额医疗费用给予进一步保障的一 项新的制度性安排。主要保障对象为城镇居民基本医疗保险、新型农村合作医疗或者城乡居民基本医疗保险的参 保（合）人以及部分地区建立的覆盖城镇职工、城镇居民、农村居民的统一的大病保险制度参保人'}, {'content': '保险金 在本主险合同保险期间内，若被保险人因意外伤害事故或因疾病，在我们认可的医院进行治疗， 对于被保险人所发生的基本医疗保险范围外的必要且合理的下列（一）-（四）类医疗费用，我们按 以下公式给付基本医疗保险范围外医疗保险金： 基本医疗保险范围外医疗保险金＝（基本医疗保险范围外医疗费用-针对该医疗费用的补偿、赔 偿–年度免赔额）×50% （一）住院医疗费用 如果被保险人因意外伤害事故或因疾病经我们认可的医院的专科医生诊断必须住院治疗，我们 对被保险人在保险期间内实际发生的必要且合理的住院医疗费用按约定的给付方式给付基本医疗保 险范围外医疗保险金。 住院医疗费用具体包括床位费、膳食费、治疗费、医生诊疗费、手术费、药品费、检查化验费、 护理费、救护车费等。 若本主险合同不再续保，对保险期间届满前发生的且延续至保险期间届满后三十日（含）内的 符合本主险合同约定的住院治疗，对于必要且合理的住院医疗'}, {'content': '药品监督管理总局批准用于临床治疗。 26 门诊手术医疗费用：指门急诊发生的合理且必要的手术医疗费用，包括外科医生费、手术室费、恢复室费、麻醉 第 5 页 共 14 页 付基本医疗保险范围内医疗保险金。 （四）住院前后门急诊医疗费用 如果被保险人因意外伤害事故或因疾病经我们认可的医院的专科医生诊断必须住院治疗，我们 对被保险人在住院前七日及住院后三十日内与该次住院相同原因而发生的门急诊医疗费用（不包括 门诊肾透析、门诊“恶性肿瘤——重度”治疗、器官移植后的门诊抗排异治疗费用和门诊手术医疗 费用）按约定的给付方式给付基本医疗保险范围内医疗保险金。 针对基本医疗保险范围内医疗保险金责任，本主险合同的给付比例为90%，但出现以下情况之一 时，给付比例为50%： （一）如果被保险人以已经参加公费医疗或基本医疗保险身份投保，但申请保险金前未通过公 费医疗、基本医疗保险或城乡居民大病保险结算； （二）如'}, {'content': '生诊疗费、手术费、药品费、检查化验费、 护理费、救护车费等。 若本主险合同不再续保，对保险期间届满前发生的且延续至保险期间届满后三十日（含）内的 符合本主险合同约定的住院治疗，对于必要且合理的住院医疗费用，我们仍承担给付基本医疗保险 范围外医疗保险金的责任。 （二）特殊门诊医疗费用 如果被保险人因意外伤害事故或因疾病经我们认可的医院的专科医生诊断必须接受特殊门诊治 疗，我们对被保险人在保险期间内实际发生的必要且合理的特殊门诊医疗费用按约定的给付方式给 付基本医疗保险范围外医疗保险金。 特殊门诊治疗包括以门诊方式接受的以下治疗： 1．肾透析治疗； 2．“恶性肿瘤——重度”治疗，包括化学疗法、放射疗法、肿瘤免疫疗法、肿瘤内分泌疗法、肿 费、手术检测费、手术辅助费、材料费、一次性用品费、术中用药费、手术设备费。 第 6 页 共 14 页 瘤靶向疗法； 3．器官移植后的门诊抗排异治疗。 （三）门诊'}, {'content': '保障责任范围包括基本医疗保险范围内和基本医疗保险范围外的医疗保险金，涵盖住院医疗费用、特殊门诊医疗费用、门诊手术医疗费用、住院前后门急诊医疗费用。住院医疗费用包括床位费、膳食费、治疗费、医生诊疗费、手术费、药品费、检查化验费、护理费、救护车费等。特殊门诊医疗费用包括肾透析治疗、恶性肿瘤——重度治疗（化学疗法、放射疗法、肿瘤免疫疗法、肿瘤内分泌疗法、肿瘤靶向疗法）、器官移植后的门诊抗排异治疗。门诊手术医疗费用指门急诊发生的合理且必要的手术医疗费用。住院前后门急诊医疗费用指住院前七日及住院后三十日内与该次住院相同原因而发生的门急诊医疗费用。'}]","7, 12, 24, 26, 27, 29"
移小保康乐保医疗保险,产品：移小保康乐保医疗保险	问题：基本医疗保险范围内和范围外的保额分别是多少？,"根据移小保康乐保医疗保险条款规定：

**基本保险金额分别为：**
- 基本医疗保险范围内医疗保险金：人民币100万元
- 基本医疗保险范围外医疗保险金：人民币50万元

这两个保额是在同一保单年度内的累计给付限额。当累计给付金额达到相应保额时，对应的保险责任在该保单年度内终止。","[{'content': '第十二条 保险金的申请 第十三条 保险金的给付 第五章 如何退保 第十四条 您解除合同的手续及风险 第六章 需关注的其他内容 第十五条 保险合同的构成 第十六条 保险合同成立与生效 第十七条 明确说明与如实告知 第十八条 年龄确定与错误处理 第十九条 欠款扣除 第二十条 合同内容的变更 第二十一条 公费医疗或基本医疗保险状态变更 第二十二条 争议处理 第 2 页 共 14 页 招商仁和康乐保医疗保险（互联网）条款 本条款中的每一部分都关乎到您的切身利益，请务必逐条仔细阅读并关注注释内容。 在本条款中，“您”均指投保人，“我们”均指招商局仁和人寿保险股份有限公司。 第一章 我们保什么、保多久 这部分讲的是我们提供的保障以及我们提供保障的期间。 第一条 基本保险金额 本主险合同基本医疗保险范围内医疗保险金和基本医疗保险范围外医疗保险金的基本保险金额 分别为人民币 100 万元和人民币 50 万'}, {'content': '部分讲的是我们提供的保障以及我们提供保障的期间。 第一条 基本保险金额 本主险合同基本医疗保险范围内医疗保险金和基本医疗保险范围外医疗保险金的基本保险金额 分别为人民币 100 万元和人民币 50 万元。 第二条 保险责任 一、基本医疗保险范围内医疗保险金 在本主险合同保险期间内，若被保险人因意外伤害事故1或因疾病，在我们认可的医院2进行治疗， 对于被保险人所发生的基本医疗保险3范围内的必要且合理4的下列（一）-（四）类医疗费用，我们 按以下公式给付基本医疗保险范围内医疗保险金： 基本医疗保险范围内医疗保险金＝（基本医疗保险范围内医疗费用-针对该医疗费用的补偿、赔 偿5–年度免赔额）×给付比例 1 意外伤害事故：指遭受外来的、突发的、非本意的、非疾病的使身体受到伤害的客观事件，猝死不属于意外伤 害。猝死指表面健康的人因潜在疾病、机能障碍或者其他原因在出现症状后 24 小时内发生的非暴力性突'}, {'content': '保医疗保险（互联网），基本医疗保险范围 内医疗保险金和基本医疗保险范围外医疗保险金的基本保险金额分别为人民币 100 万元和人民币 50 万元，首次投保保险费为 123 元。在保险期间内王先生因疾病发生基本医疗保险范围内医疗费 用 20 万元，其中公费医疗、基本医疗保险或城乡居民大病保险报销 5 万元，从其他途径获得医疗 费用补偿 5 千元，从其他途径获得的医疗费用补偿抵扣免赔额为 5 千元，此时该保单年度内的基 本医疗保险范围内免赔额减少至 1.5 万元。在王先生获得理赔后，该保单年度内的基本医疗保险 范围内免赔额减少至 0 元。在同一保险期间内，王先生因疾病发生基本医疗保险范围外医疗费用 20 万元，从其他途径获得医疗费用补偿 1 万元，从其他途径获得的医疗费用补偿抵扣免赔额为 1 万元，此时该保单年度内的基本医疗保险范围外免赔额减少至 1 万元。在王先生获得理赔后，该保 单年度内的基'}, {'content': '王先生在保险期间内再次发 生疾病 我们在同一保单年度内累计给付的基本医疗保险范围内医疗保险金数额达到本主险合同约定的基本医疗保 险范围内医疗基本保险金额时，本项保险责任在该保单年度内终止；我们在同一保单年度内累计给付的基本 医疗保险范围外医疗保险金数额达到本主险合同约定的基本医疗保险范围外医疗基本保险金额时，本项保 险责任在该保单年度内终止。 以上举例仅供您更好地理解产品之用，您所购买产品的具体保险利益以保险合同中载明的为准。 第 1 页 共 14 页 您应当特别注意的事项 在责任免除的情况下，我们不承担保险责任..............................第五条、第六条 解除保险合同会给您造成一定的损失，请您慎重决策............................第十四条 请您特别注意一些重要术语的释义................................'}, {'content': '急诊医疗费用（不包括 门诊肾透析、门诊“恶性肿瘤——重度”治疗、器官移植后的门诊抗排异治疗费用和门诊手术医疗 费用）按约定的给付方式给付基本医疗保险范围外医疗保险金。 本主险合同的基本医疗保险范围外医疗保险金在每个保单年度内对应的免赔额为 2 万元。公费 医疗、基本医疗保险或城乡居民大病保险报销部分不可用于抵扣年度免赔额；通过其他途径获得的 医疗费用补偿可用于抵扣年度免赔额。 我们在同一保单年度内累计给付的基本医疗保险范围外医疗保险金数额达到本主险合同约定的 基本医疗保险范围外医疗基本保险金额时，本项保险责任在该保单年度内终止。 第三条 保险期间 本主险合同的保险期间为一年，自本主险合同生效日零时起至约定期满日二十四时止，并在保 险单上载明。 第四条 不保证续保 本主险合同为不保证续保合同。 本产品保险期间为一年。保险期间届满，您需要重新向我们申请投保本产品，并经我们同意， 交纳保险费，获'}, {'content': '20 万元，从其他途径获得医疗费用补偿 1 万元，从其他途径获得的医疗费用补偿抵扣免赔额为 1 万元，此时该保单年度内的基本医疗保险范围外免赔额减少至 1 万元。在王先生获得理赔后，该保 单年度内的基本医疗保险范围外免赔额减少至 0 元。 本例中王先生为投保人、被保险人及受益人，招商局仁和人寿保险股份有限公司为保险人。 保险金 领取人 领取金额 领取条件 基本医疗保险范围内医 疗保险金 基本医疗保险范围外医 疗保险金 王先生 王先生 （20 万元-（5 万元+5 千元）-1.5 万元）\uf0cd90%=11.7 万元 （20 万元-1 万元-1 万元）\uf0cd50%=9 万元 王先生在保险期间内发生疾 病 王先生在保险期间内再次发 生疾病 我们在同一保单年度内累计给付的基本医疗保险范围内医疗保险金数额达到本主险合同约定的基本医疗保 险范围内医疗基本保险金额时，本项保险责任在该保单年度内终止；我们在同一保'}, {'content': '基本医疗保险范围内医疗保险金100万元，基本医疗保险范围外医疗保险金50万元。'}]","2, 3, 4, 6, 7, 29"
移小保康乐保医疗保险,产品：移小保康乐保医疗保险	问题：免赔额是如何计算的？,"根据移小保康乐保医疗保险条款，免赔额计算方式如下：

**基本医疗保险范围内医疗保险金**：
- 年度免赔额为2万元
- 计算公式：基本医疗保险范围内医疗保险金＝（基本医疗保险范围内医疗费用-针对该医疗费用的补偿、赔偿-年度免赔额）×给付比例

**基本医疗保险范围外医疗保险金**：
- 年度免赔额同样为2万元
- 公费医疗、基本医疗保险或城乡居民大病保险报销部分不可用于抵扣年度免赔额
- 通过其他途径获得的医疗费用补偿可用于抵扣年度免赔额

**重要说明**：
1. 免赔额按保单年度计算，每个保单年度重新计算
2. 免赔额是指被保险人自行承担，保险公司不予赔偿的部分
3. 需先扣除其他途径获得的医疗费用补偿后，再计算免赔额

简单来说，在保险理赔时，需要先扣除2万元的免赔额，剩余部分按约定的给付比例进行赔付。","[{'content': '零时起至约定期满日二十四时止，并在保 险单上载明。 第四条 不保证续保 本主险合同为不保证续保合同。 本产品保险期间为一年。保险期间届满，您需要重新向我们申请投保本产品，并经我们同意， 交纳保险费，获得新的保险合同。 第二章 我们不保什么 这部分讲的是我们不承担保险责任的情况。 第五条 责任免除 因下列情形之一导致被保险人发生医疗费用的，我们不承担给付保险金的责任： 一、投保人对被保险人的故意杀害、故意伤害； 二、被保险人故意犯罪或者抗拒依法采取的刑事强制措施； 三、被保险人自杀或故意自伤，但被保险人自杀时为无民事行为能力人的除外； 第 7 页 共 14 页 四、被保险人殴斗27，醉酒28，精神和行为障碍（以世界卫生组织颁布的《疾病和有关健康问题 的国际统计分类第十次修订版（ICD-10）》为准），服用、吸食或注射毒品29或未遵医嘱使用管制药品 30； 五、被保险人酒后驾驶31，无合法有效'}, {'content': '部分讲的是我们提供的保障以及我们提供保障的期间。 第一条 基本保险金额 本主险合同基本医疗保险范围内医疗保险金和基本医疗保险范围外医疗保险金的基本保险金额 分别为人民币 100 万元和人民币 50 万元。 第二条 保险责任 一、基本医疗保险范围内医疗保险金 在本主险合同保险期间内，若被保险人因意外伤害事故1或因疾病，在我们认可的医院2进行治疗， 对于被保险人所发生的基本医疗保险3范围内的必要且合理4的下列（一）-（四）类医疗费用，我们 按以下公式给付基本医疗保险范围内医疗保险金： 基本医疗保险范围内医疗保险金＝（基本医疗保险范围内医疗费用-针对该医疗费用的补偿、赔 偿5–年度免赔额）×给付比例 1 意外伤害事故：指遭受外来的、突发的、非本意的、非疾病的使身体受到伤害的客观事件，猝死不属于意外伤 害。猝死指表面健康的人因潜在疾病、机能障碍或者其他原因在出现症状后 24 小时内发生的非暴力性突'}, {'content': '急诊医疗费用（不包括 门诊肾透析、门诊“恶性肿瘤——重度”治疗、器官移植后的门诊抗排异治疗费用和门诊手术医疗 费用）按约定的给付方式给付基本医疗保险范围外医疗保险金。 本主险合同的基本医疗保险范围外医疗保险金在每个保单年度内对应的免赔额为 2 万元。公费 医疗、基本医疗保险或城乡居民大病保险报销部分不可用于抵扣年度免赔额；通过其他途径获得的 医疗费用补偿可用于抵扣年度免赔额。 我们在同一保单年度内累计给付的基本医疗保险范围外医疗保险金数额达到本主险合同约定的 基本医疗保险范围外医疗基本保险金额时，本项保险责任在该保单年度内终止。 第三条 保险期间 本主险合同的保险期间为一年，自本主险合同生效日零时起至约定期满日二十四时止，并在保 险单上载明。 第四条 不保证续保 本主险合同为不保证续保合同。 本产品保险期间为一年。保险期间届满，您需要重新向我们申请投保本产品，并经我们同意， 交纳保险费，获'}, {'content': '，我们将从第三十一日起按超过天数赔偿受益人因此受到的利息损失。利息按照中国人民银 行公布的同期金融机构人民币活期存款基准利率的单利计算。若我们要求您、被保险人或者受益人 补充提供有关证明和资料的，则上述的三十日不包括补充提供有关证明和资料的期间。 第 11 页 共 14 页 对不属于保险责任的，我们自作出核定之日起三日内向受益人发出拒绝给付保险金通知书并说 明理由。 我们在收到保险金给付申请书及有关证明和资料之日起六十日内，对给付保险金的数额不能确 定的，根据已有证明和资料可以确定的数额先予支付；我们最终确定给付保险金的数额后，将支付 相应的差额。 二、受益人向我们请求给付保险金的诉讼时效期间为两年，诉讼时效自其知道或者应当知道保 险事故发生之日起计算。 第五章 如何退保 这部分讲的是您可以申请退保。 第十四条 您解除合同的手续及风险 本主险合同生效后，您可以以书面形式或双方认可的其他形式'}, {'content': '王先生在保险期间内再次发 生疾病 我们在同一保单年度内累计给付的基本医疗保险范围内医疗保险金数额达到本主险合同约定的基本医疗保 险范围内医疗基本保险金额时，本项保险责任在该保单年度内终止；我们在同一保单年度内累计给付的基本 医疗保险范围外医疗保险金数额达到本主险合同约定的基本医疗保险范围外医疗基本保险金额时，本项保 险责任在该保单年度内终止。 以上举例仅供您更好地理解产品之用，您所购买产品的具体保险利益以保险合同中载明的为准。 第 1 页 共 14 页 您应当特别注意的事项 在责任免除的情况下，我们不承担保险责任..............................第五条、第六条 解除保险合同会给您造成一定的损失，请您慎重决策............................第十四条 请您特别注意一些重要术语的释义................................'}, {'content': '当地普遍接受的医疗专业实践标准一致； d.非主要为了个人舒适或者为了被保险人父母、家庭、医师或其他医疗提供方的方便； e.非病人学术教育或职业培训的一部分或与之相关； f.非试验性或研究性。 （2）符合通常惯例：指与接受医疗服务所在地通行治疗规范、通行治疗方法、平均医疗费用价格水平一致的费用。 对是否符合通常惯例以及是否医学必要由我们根据客观、审慎、合理的原则进行审核；如果您或被保险人对审核 结果有不同意见，可由双方认同的权威医学机构或者权威医学专家进行审核鉴定。 5 针对该医疗费用的补偿、赔偿：包括以下情形： （1）基本医疗保险、城乡居民大病保险已支付的部分； （2）商业保险已支付的部分； （3）公费医疗、国家公务员医疗补助已支付的部分； 第 3 页 共 14 页 年度免赔额指一个保单年度6内的免赔额，即被保险人自行承担，本主险合同不予赔偿的部分， 本主险合同的基本医疗保险范围内医疗保险'}, {'content': '2万元'}]","4, 7, 10, 29, 30, 48"
移小保康乐保医疗保险,产品：移小保康乐保医疗保险	问题：如果从其他途径获得医疗费用补偿，会影响理赔金额吗？,"根据移小保康乐保医疗保险的相关规定，从其他途径获得的医疗费用补偿会影响理赔金额。具体说明如下：

**理赔金额计算方式：**
- 保险公司在计算理赔金额时，会扣除从其他途径获得的医疗费用补偿
- 计算公式为：实际理赔金额 = (总医疗费用 - 已获补偿金额 - 免赔额) × 赔付比例

**具体影响：**
1. 从其他途径获得的医疗费用补偿会直接抵扣免赔额
2. 理赔时需提供从其他途径报销的凭证
3. 保险公司仅对扣除其他补偿后的剩余医疗费用按约定比例赔付

**举例说明：**
如案例中王先生：
- 基本医疗保险范围内医疗费用20万元，已获其他补偿5.5万元（含医保报销5万元+其他途径5千元），理赔金额为11.7万元
- 基本医疗保险范围外医疗费用20万元，已获其他补偿1万元，理赔金额为9万元

因此，从其他途径获得的医疗费用补偿会相应减少保险公司的理赔金额。","[{'content': '保医疗保险（互联网），基本医疗保险范围 内医疗保险金和基本医疗保险范围外医疗保险金的基本保险金额分别为人民币 100 万元和人民币 50 万元，首次投保保险费为 123 元。在保险期间内王先生因疾病发生基本医疗保险范围内医疗费 用 20 万元，其中公费医疗、基本医疗保险或城乡居民大病保险报销 5 万元，从其他途径获得医疗 费用补偿 5 千元，从其他途径获得的医疗费用补偿抵扣免赔额为 5 千元，此时该保单年度内的基 本医疗保险范围内免赔额减少至 1.5 万元。在王先生获得理赔后，该保单年度内的基本医疗保险 范围内免赔额减少至 0 元。在同一保险期间内，王先生因疾病发生基本医疗保险范围外医疗费用 20 万元，从其他途径获得医疗费用补偿 1 万元，从其他途径获得的医疗费用补偿抵扣免赔额为 1 万元，此时该保单年度内的基本医疗保险范围外免赔额减少至 1 万元。在王先生获得理赔后，该保 单年度内的基'}, {'content': '20 万元，从其他途径获得医疗费用补偿 1 万元，从其他途径获得的医疗费用补偿抵扣免赔额为 1 万元，此时该保单年度内的基本医疗保险范围外免赔额减少至 1 万元。在王先生获得理赔后，该保 单年度内的基本医疗保险范围外免赔额减少至 0 元。 本例中王先生为投保人、被保险人及受益人，招商局仁和人寿保险股份有限公司为保险人。 保险金 领取人 领取金额 领取条件 基本医疗保险范围内医 疗保险金 基本医疗保险范围外医 疗保险金 王先生 王先生 （20 万元-（5 万元+5 千元）-1.5 万元）\uf0cd90%=11.7 万元 （20 万元-1 万元-1 万元）\uf0cd50%=9 万元 王先生在保险期间内发生疾 病 王先生在保险期间内再次发 生疾病 我们在同一保单年度内累计给付的基本医疗保险范围内医疗保险金数额达到本主险合同约定的基本医疗保 险范围内医疗基本保险金额时，本项保险责任在该保单年度内终止；我们在同一保'}, {'content': '保险金给付的申请 在申请基本医疗保险范围内医疗保险金时，受益人须填写保险金给付申请书，并提供下列书面 证明和资料： （一）保险合同原件或其他保险凭证； （二）受益人的有效身份证件； （三）由我们认可的医院出具的医疗费用原始结算凭证、医疗费用结算清单、诊断证明及病历 等相关资料； （四）若已从其他途径获得了医疗费用补偿，则须提供从其他途径报销的凭证； （五）受益人所能提供的与确认保险事故的性质、原因等相关的其他证明、资料。 二、基本医疗保险范围外医疗保险金给付的申请 在申请基本医疗保险范围外医疗保险金时，受益人须填写保险金给付申请书，并提供下列书面 证明和资料： （一）保险合同原件或其他保险凭证； （二）受益人的有效身份证件； （三）由我们认可的医院出具的医疗费用原始结算凭证、医疗费用结算清单、诊断证明及病历 等相关资料； （四）若已从其他途径获得了医疗费用补偿，则须提供从其他途径报销的凭证'}, {'content': '； （二）受益人的有效身份证件； （三）由我们认可的医院出具的医疗费用原始结算凭证、医疗费用结算清单、诊断证明及病历 等相关资料； （四）若已从其他途径获得了医疗费用补偿，则须提供从其他途径报销的凭证； （五）受益人所能提供的与确认保险事故的性质、原因等相关的其他证明、资料。 第十三条 保险金的给付 一、我们在收到保险金给付申请书及本主险合同约定的证明和资料后，将在五个工作日内作出 核定；情形复杂的，在三十日内作出核定。对属于保险责任的，我们在与受益人达成给付保险金的 协议后十日内，履行给付保险金义务。 若我们在收到保险金给付申请书及上述有关证明和资料后第三十日后仍未做出核定，除支付保 险金外，我们将从第三十一日起按超过天数赔偿受益人因此受到的利息损失。利息按照中国人民银 行公布的同期金融机构人民币活期存款基准利率的单利计算。若我们要求您、被保险人或者受益人 补充提供有关证明和资料的，则上'}, {'content': '的。 受益人与被保险人在同一事件中身故，且不能确定身故先后顺序的，推定受益人身故在先。 受益人故意造成被保险人死亡、伤残、疾病的，或者故意杀害被保险人未遂的，该受益人丧失 受益权。 第十一条 保险事故的通知 您、被保险人或受益人知道保险事故后应当在十日内通知我们。 如果您、被保险人或受益人故意或者因重大过失未及时通知，致使保险事故的性质、原因、损 失程度等难以确定的，我们对无法确定的部分，不承担给付保险金的责任，但我们通过其他途径已 经及时知道或者应当及时知道保险事故发生或者虽未及时通知但不影响我们确定保险事故的性质、 原因、损失程度的除外。 第十二条 保险金的申请 一、基本医疗保险范围内医疗保险金给付的申请 在申请基本医疗保险范围内医疗保险金时，受益人须填写保险金给付申请书，并提供下列书面 证明和资料： （一）保险合同原件或其他保险凭证； （二）受益人的有效身份证件； （三）由我们认可的'}, {'content': '1）物理治疗：是指应用人工物理因子（如光、电、磁、声等）来治疗疾病，具体疗法包括电疗、光疗、磁疗、 热疗等； （2）中医理疗：是指以治疗疾病为目的，被保险人接受有具有相应资格的医生实施的针灸治疗、推拿治疗、拔罐 治疗或刮痧治疗； （3）其他特殊疗法：包括顺势治疗、职业疗法及语音治疗。 14 医生诊疗费：指由医生所实施的病情咨询及检查、各种器械或者仪器检查、诊断、治疗方案拟订等各项医疗服务 所收取的费用。 15 手术费：指当地卫生行政部门规定的手术项目的费用。包括手术费、麻醉费、手术监测费、手术材料费、术中用药 费、手术设备费。若因器官移植而发生的手术费用，不包括器官本身的费用和获取器官过程中的费用。 16 药品费：指在住院就医期间根据医生开具的处方在医院内发生的具有国家药品监督管理部门核发的药品批准文号 或者进口药品注册证书、医药产品注册证书的国产或进口药品的费用。但不包括营养补充类药品，'}, {'content': '不包括物理治疗、中医理疗、其他特殊疗法、营养补充类药品、免疫功能调节类药品、美容及减肥类药品、预防类药品、特定中药类药品、部分可以入药的动物及动物脏器、用中药材和中药饮片炮制的各类酒制剂等。TNM分期为Ⅰ期或更轻分期的甲状腺癌、TNM分期为T1N0M0期或更轻分期的前列腺癌、黑色素瘤以外的未发生淋巴结和远处转移的皮肤恶性肿瘤、相当于Binet分期方案A期程度的慢性淋巴细胞白血病、相当于Ann Arbor分期方案Ⅰ期程度的何杰金氏病、未发生淋巴结和远处转移且WHO分级为G1级别（核分裂像<10/50 HPF和ki-67≤2%）或更轻分级的神经内分泌肿瘤等不属于‘恶性肿瘤——重度’，不在保障范围内。'}]","2, 3, 15, 45, 46, 47"
移小保康乐保医疗保险,产品：移小保康乐保医疗保险	问题：保险期间是多长时间？,"根据移小保康乐保医疗保险条款，该产品的保险期间为一年。具体起止时间为自保险合同生效日零时起至约定期满日二十四时止，并在保险单上明确载明。

需要注意的是，这是一款不保证续保的医疗保险产品。保险期间届满后，您需要重新向保险公司申请投保，经保险公司同意并交纳保险费后，才能获得新的保险合同。","[{'content': '零时起至约定期满日二十四时止，并在保 险单上载明。 第四条 不保证续保 本主险合同为不保证续保合同。 本产品保险期间为一年。保险期间届满，您需要重新向我们申请投保本产品，并经我们同意， 交纳保险费，获得新的保险合同。 第二章 我们不保什么 这部分讲的是我们不承担保险责任的情况。 第五条 责任免除 因下列情形之一导致被保险人发生医疗费用的，我们不承担给付保险金的责任： 一、投保人对被保险人的故意杀害、故意伤害； 二、被保险人故意犯罪或者抗拒依法采取的刑事强制措施； 三、被保险人自杀或故意自伤，但被保险人自杀时为无民事行为能力人的除外； 第 7 页 共 14 页 四、被保险人殴斗27，醉酒28，精神和行为障碍（以世界卫生组织颁布的《疾病和有关健康问题 的国际统计分类第十次修订版（ICD-10）》为准），服用、吸食或注射毒品29或未遵医嘱使用管制药品 30； 五、被保险人酒后驾驶31，无合法有效'}, {'content': '急诊医疗费用（不包括 门诊肾透析、门诊“恶性肿瘤——重度”治疗、器官移植后的门诊抗排异治疗费用和门诊手术医疗 费用）按约定的给付方式给付基本医疗保险范围外医疗保险金。 本主险合同的基本医疗保险范围外医疗保险金在每个保单年度内对应的免赔额为 2 万元。公费 医疗、基本医疗保险或城乡居民大病保险报销部分不可用于抵扣年度免赔额；通过其他途径获得的 医疗费用补偿可用于抵扣年度免赔额。 我们在同一保单年度内累计给付的基本医疗保险范围外医疗保险金数额达到本主险合同约定的 基本医疗保险范围外医疗基本保险金额时，本项保险责任在该保单年度内终止。 第三条 保险期间 本主险合同的保险期间为一年，自本主险合同生效日零时起至约定期满日二十四时止，并在保 险单上载明。 第四条 不保证续保 本主险合同为不保证续保合同。 本产品保险期间为一年。保险期间届满，您需要重新向我们申请投保本产品，并经我们同意， 交纳保险费，获'}, {'content': '招商仁和[2021] 医疗保险 051 号 招商仁和康乐保医疗保险（互联网）条款 请扫描以查询验证条款 阅 读 指 引 本．阅读指引有助于您 ．．．．．．．．（投保人，以下含义相同） ．．．．．．．．．．．．．．．．．．．．．． ．．．．．．．．．．．．理解条款，对本主险合同内容的解释以条款为准。 重要权益 招商仁和康乐保医疗保险（互联网）产品提供医疗保障。 ☆ 投保人指购买保险并交纳保险费的人。 常用术语 ☆ 被保险人指受保险合同保障的人。 ☆ 受益人指发生保险事故后领取保险金的人。 ☆ 保险人指招商局仁和人寿保险股份有限公司。 投保案例 王先生（30 周岁,有社保）为自己购买了招商仁和康乐保医疗保险（互联网），基本医疗保险范围 内医疗保险金和基本医疗保险范围外医疗保险金的基本保险金额分别为人民币 100 万元和人民币 50 万元，首次投保保险费为 123 元。在保险期间内王先生因疾病发'}, {'content': '部分讲的是我们提供的保障以及我们提供保障的期间。 第一条 基本保险金额 本主险合同基本医疗保险范围内医疗保险金和基本医疗保险范围外医疗保险金的基本保险金额 分别为人民币 100 万元和人民币 50 万元。 第二条 保险责任 一、基本医疗保险范围内医疗保险金 在本主险合同保险期间内，若被保险人因意外伤害事故1或因疾病，在我们认可的医院2进行治疗， 对于被保险人所发生的基本医疗保险3范围内的必要且合理4的下列（一）-（四）类医疗费用，我们 按以下公式给付基本医疗保险范围内医疗保险金： 基本医疗保险范围内医疗保险金＝（基本医疗保险范围内医疗费用-针对该医疗费用的补偿、赔 偿5–年度免赔额）×给付比例 1 意外伤害事故：指遭受外来的、突发的、非本意的、非疾病的使身体受到伤害的客观事件，猝死不属于意外伤 害。猝死指表面健康的人因潜在疾病、机能障碍或者其他原因在出现症状后 24 小时内发生的非暴力性突'}, {'content': '王先生在保险期间内再次发 生疾病 我们在同一保单年度内累计给付的基本医疗保险范围内医疗保险金数额达到本主险合同约定的基本医疗保 险范围内医疗基本保险金额时，本项保险责任在该保单年度内终止；我们在同一保单年度内累计给付的基本 医疗保险范围外医疗保险金数额达到本主险合同约定的基本医疗保险范围外医疗基本保险金额时，本项保 险责任在该保单年度内终止。 以上举例仅供您更好地理解产品之用，您所购买产品的具体保险利益以保险合同中载明的为准。 第 1 页 共 14 页 您应当特别注意的事项 在责任免除的情况下，我们不承担保险责任..............................第五条、第六条 解除保险合同会给您造成一定的损失，请您慎重决策............................第十四条 请您特别注意一些重要术语的释义................................'}, {'content': '第十二条 保险金的申请 第十三条 保险金的给付 第五章 如何退保 第十四条 您解除合同的手续及风险 第六章 需关注的其他内容 第十五条 保险合同的构成 第十六条 保险合同成立与生效 第十七条 明确说明与如实告知 第十八条 年龄确定与错误处理 第十九条 欠款扣除 第二十条 合同内容的变更 第二十一条 公费医疗或基本医疗保险状态变更 第二十二条 争议处理 第 2 页 共 14 页 招商仁和康乐保医疗保险（互联网）条款 本条款中的每一部分都关乎到您的切身利益，请务必逐条仔细阅读并关注注释内容。 在本条款中，“您”均指投保人，“我们”均指招商局仁和人寿保险股份有限公司。 第一章 我们保什么、保多久 这部分讲的是我们提供的保障以及我们提供保障的期间。 第一条 基本保险金额 本主险合同基本医疗保险范围内医疗保险金和基本医疗保险范围外医疗保险金的基本保险金额 分别为人民币 100 万元和人民币 50 万'}, {'content': '无对应取值。'}]","1, 4, 6, 7, 29, 30"
移小保康乐保医疗保险,产品：移小保康乐保医疗保险	问题：这款产品是否保证续保？,"根据移小保康乐保医疗保险条款第四条明确规定：**本主险合同为不保证续保合同**。

具体说明如下：
- 本产品保险期间为一年
- 保险期间届满后，您需要重新向我们申请投保本产品
- 续保需要经我们同意并交纳保险费，才能获得新的保险合同
- 若本主险合同不再续保，仅对保险期间届满前发生且延续至期满后30日内的住院治疗承担保险责任

因此，这款医疗保险不提供保证续保保障，每年都需要重新申请并经保险公司审核同意后方可续保。","[{'content': '零时起至约定期满日二十四时止，并在保 险单上载明。 第四条 不保证续保 本主险合同为不保证续保合同。 本产品保险期间为一年。保险期间届满，您需要重新向我们申请投保本产品，并经我们同意， 交纳保险费，获得新的保险合同。 第二章 我们不保什么 这部分讲的是我们不承担保险责任的情况。 第五条 责任免除 因下列情形之一导致被保险人发生医疗费用的，我们不承担给付保险金的责任： 一、投保人对被保险人的故意杀害、故意伤害； 二、被保险人故意犯罪或者抗拒依法采取的刑事强制措施； 三、被保险人自杀或故意自伤，但被保险人自杀时为无民事行为能力人的除外； 第 7 页 共 14 页 四、被保险人殴斗27，醉酒28，精神和行为障碍（以世界卫生组织颁布的《疾病和有关健康问题 的国际统计分类第十次修订版（ICD-10）》为准），服用、吸食或注射毒品29或未遵医嘱使用管制药品 30； 五、被保险人酒后驾驶31，无合法有效'}, {'content': '急诊医疗费用（不包括 门诊肾透析、门诊“恶性肿瘤——重度”治疗、器官移植后的门诊抗排异治疗费用和门诊手术医疗 费用）按约定的给付方式给付基本医疗保险范围外医疗保险金。 本主险合同的基本医疗保险范围外医疗保险金在每个保单年度内对应的免赔额为 2 万元。公费 医疗、基本医疗保险或城乡居民大病保险报销部分不可用于抵扣年度免赔额；通过其他途径获得的 医疗费用补偿可用于抵扣年度免赔额。 我们在同一保单年度内累计给付的基本医疗保险范围外医疗保险金数额达到本主险合同约定的 基本医疗保险范围外医疗基本保险金额时，本项保险责任在该保单年度内终止。 第三条 保险期间 本主险合同的保险期间为一年，自本主险合同生效日零时起至约定期满日二十四时止，并在保 险单上载明。 第四条 不保证续保 本主险合同为不保证续保合同。 本产品保险期间为一年。保险期间届满，您需要重新向我们申请投保本产品，并经我们同意， 交纳保险费，获'}, {'content': '交保险费 所保障期间的已经过日数/该月交保险费所保障期间的日数），经过日数不足 1 日的按 1 日计算。 第 12 页 共 14 页 合同生效日为基准计算。 我们自本主险合同生效时开始承担保险责任。 第十七条 明确说明与如实告知 订立本主险合同时，我们应向您说明本主险合同的内容。 对保险条款中免除我们责任的条款，我们在订立合同时应当在投保单、保险单或者其他保险凭 证上作出足以引起您注意的提示，并对该条款的内容以书面或者口头形式向您作出明确说明，未作 提示或者明确说明的，该条款不产生效力。 我们就您和被保险人的有关情况提出询问，您应当如实告知。 如果您故意或者因重大过失未履行前款规定的如实告知义务，足以影响我们决定是否同意承保 或者提高保险费率的，我们有权解除本主险合同。 如果您故意不履行如实告知义务，对于本主险合同解除前发生的保险事故，我们不承担给付保 险金的责任，并不退还保险费。 如果您'}, {'content': '王先生在保险期间内再次发 生疾病 我们在同一保单年度内累计给付的基本医疗保险范围内医疗保险金数额达到本主险合同约定的基本医疗保 险范围内医疗基本保险金额时，本项保险责任在该保单年度内终止；我们在同一保单年度内累计给付的基本 医疗保险范围外医疗保险金数额达到本主险合同约定的基本医疗保险范围外医疗基本保险金额时，本项保 险责任在该保单年度内终止。 以上举例仅供您更好地理解产品之用，您所购买产品的具体保险利益以保险合同中载明的为准。 第 1 页 共 14 页 您应当特别注意的事项 在责任免除的情况下，我们不承担保险责任..............................第五条、第六条 解除保险合同会给您造成一定的损失，请您慎重决策............................第十四条 请您特别注意一些重要术语的释义................................'}, {'content': '部分讲的是我们提供的保障以及我们提供保障的期间。 第一条 基本保险金额 本主险合同基本医疗保险范围内医疗保险金和基本医疗保险范围外医疗保险金的基本保险金额 分别为人民币 100 万元和人民币 50 万元。 第二条 保险责任 一、基本医疗保险范围内医疗保险金 在本主险合同保险期间内，若被保险人因意外伤害事故1或因疾病，在我们认可的医院2进行治疗， 对于被保险人所发生的基本医疗保险3范围内的必要且合理4的下列（一）-（四）类医疗费用，我们 按以下公式给付基本医疗保险范围内医疗保险金： 基本医疗保险范围内医疗保险金＝（基本医疗保险范围内医疗费用-针对该医疗费用的补偿、赔 偿5–年度免赔额）×给付比例 1 意外伤害事故：指遭受外来的、突发的、非本意的、非疾病的使身体受到伤害的客观事件，猝死不属于意外伤 害。猝死指表面健康的人因潜在疾病、机能障碍或者其他原因在出现症状后 24 小时内发生的非暴力性突'}, {'content': '保险金 在本主险合同保险期间内，若被保险人因意外伤害事故或因疾病，在我们认可的医院进行治疗， 对于被保险人所发生的基本医疗保险范围外的必要且合理的下列（一）-（四）类医疗费用，我们按 以下公式给付基本医疗保险范围外医疗保险金： 基本医疗保险范围外医疗保险金＝（基本医疗保险范围外医疗费用-针对该医疗费用的补偿、赔 偿–年度免赔额）×50% （一）住院医疗费用 如果被保险人因意外伤害事故或因疾病经我们认可的医院的专科医生诊断必须住院治疗，我们 对被保险人在保险期间内实际发生的必要且合理的住院医疗费用按约定的给付方式给付基本医疗保 险范围外医疗保险金。 住院医疗费用具体包括床位费、膳食费、治疗费、医生诊疗费、手术费、药品费、检查化验费、 护理费、救护车费等。 若本主险合同不再续保，对保险期间届满前发生的且延续至保险期间届满后三十日（含）内的 符合本主险合同约定的住院治疗，对于必要且合理的住院医疗'}, {'content': '不保证续保。若本主险合同不再续保，对保险期间届满前发生的且延续至保险期间届满后三十日（含）内的符合本主险合同约定的住院治疗，对于必要且合理的住院医疗费用，我们仍承担给付基本医疗保险范围外医疗保险金的责任。'}]","4, 7, 26, 29, 30, 51"
移小保康乐保医疗保险,产品：移小保康乐保医疗保险	问题：投保年龄有什么限制？,"根据提供的条款内容，移小保康乐保医疗保险的投保年龄限制为：

**出生满28天至60周岁**

具体说明：
- 最低投保年龄：出生满28天
- 最高投保年龄：60周岁
- 投保时需符合当时的投保规定
- 年龄计算以有效身份证件记载的出生日期为基础，按周岁计算

需要注意的是，如果申报的年龄不真实且不符合投保规定，保险公司有权解除合同。","[{'content': '零时起至约定期满日二十四时止，并在保 险单上载明。 第四条 不保证续保 本主险合同为不保证续保合同。 本产品保险期间为一年。保险期间届满，您需要重新向我们申请投保本产品，并经我们同意， 交纳保险费，获得新的保险合同。 第二章 我们不保什么 这部分讲的是我们不承担保险责任的情况。 第五条 责任免除 因下列情形之一导致被保险人发生医疗费用的，我们不承担给付保险金的责任： 一、投保人对被保险人的故意杀害、故意伤害； 二、被保险人故意犯罪或者抗拒依法采取的刑事强制措施； 三、被保险人自杀或故意自伤，但被保险人自杀时为无民事行为能力人的除外； 第 7 页 共 14 页 四、被保险人殴斗27，醉酒28，精神和行为障碍（以世界卫生组织颁布的《疾病和有关健康问题 的国际统计分类第十次修订版（ICD-10）》为准），服用、吸食或注射毒品29或未遵医嘱使用管制药品 30； 五、被保险人酒后驾驶31，无合法有效'}, {'content': '第十二条 保险金的申请 第十三条 保险金的给付 第五章 如何退保 第十四条 您解除合同的手续及风险 第六章 需关注的其他内容 第十五条 保险合同的构成 第十六条 保险合同成立与生效 第十七条 明确说明与如实告知 第十八条 年龄确定与错误处理 第十九条 欠款扣除 第二十条 合同内容的变更 第二十一条 公费医疗或基本医疗保险状态变更 第二十二条 争议处理 第 2 页 共 14 页 招商仁和康乐保医疗保险（互联网）条款 本条款中的每一部分都关乎到您的切身利益，请务必逐条仔细阅读并关注注释内容。 在本条款中，“您”均指投保人，“我们”均指招商局仁和人寿保险股份有限公司。 第一章 我们保什么、保多久 这部分讲的是我们提供的保障以及我们提供保障的期间。 第一条 基本保险金额 本主险合同基本医疗保险范围内医疗保险金和基本医疗保险范围外医疗保险金的基本保险金额 分别为人民币 100 万元和人民币 50 万'}, {'content': '神和行为障碍（以世界卫生组织颁布的《疾病和有关健康问题 的国际统计分类第十次修订版（ICD-10）》为准），服用、吸食或注射毒品29或未遵医嘱使用管制药品 30； 五、被保险人酒后驾驶31，无合法有效驾驶证驾驶32，或驾驶无合法有效行驶证33的机动车34； 六、战争、军事冲突、暴乱或武装叛乱； 七、核爆炸、核辐射或核污染； 八、 遗传性疾病35，先天性畸形、变形或染色体异常36，但本主险合同另有约定的除外； 九、被保险人进行牙齿修复或整形、屈光矫正、美容或整容手术、变性手术及心理咨询，但因 意外导致的外科整形手术不受此限； 十、被保险人进行义眼、助听器、义肢或其他附属品之装配； 十一、 被保险人未遵医嘱，私自服用、涂用、注射处方药物，但按使用说明的规定使用非处方 药37不在此限； 十二、 被保险人因产前产后检查、妊娠、流产（含人工流产）、分娩（含剖腹产）、避孕、绝育 手术、治疗不孕不育症以'}, {'content': '招商仁和[2021] 医疗保险 051 号 招商仁和康乐保医疗保险（互联网）条款 请扫描以查询验证条款 阅 读 指 引 本．阅读指引有助于您 ．．．．．．．．（投保人，以下含义相同） ．．．．．．．．．．．．．．．．．．．．．． ．．．．．．．．．．．．理解条款，对本主险合同内容的解释以条款为准。 重要权益 招商仁和康乐保医疗保险（互联网）产品提供医疗保障。 ☆ 投保人指购买保险并交纳保险费的人。 常用术语 ☆ 被保险人指受保险合同保障的人。 ☆ 受益人指发生保险事故后领取保险金的人。 ☆ 保险人指招商局仁和人寿保险股份有限公司。 投保案例 王先生（30 周岁,有社保）为自己购买了招商仁和康乐保医疗保险（互联网），基本医疗保险范围 内医疗保险金和基本医疗保险范围外医疗保险金的基本保险金额分别为人民币 100 万元和人民币 50 万元，首次投保保险费为 123 元。在保险期间内王先生因疾病发'}, {'content': '急诊医疗费用（不包括 门诊肾透析、门诊“恶性肿瘤——重度”治疗、器官移植后的门诊抗排异治疗费用和门诊手术医疗 费用）按约定的给付方式给付基本医疗保险范围外医疗保险金。 本主险合同的基本医疗保险范围外医疗保险金在每个保单年度内对应的免赔额为 2 万元。公费 医疗、基本医疗保险或城乡居民大病保险报销部分不可用于抵扣年度免赔额；通过其他途径获得的 医疗费用补偿可用于抵扣年度免赔额。 我们在同一保单年度内累计给付的基本医疗保险范围外医疗保险金数额达到本主险合同约定的 基本医疗保险范围外医疗基本保险金额时，本项保险责任在该保单年度内终止。 第三条 保险期间 本主险合同的保险期间为一年，自本主险合同生效日零时起至约定期满日二十四时止，并在保 险单上载明。 第四条 不保证续保 本主险合同为不保证续保合同。 本产品保险期间为一年。保险期间届满，您需要重新向我们申请投保本产品，并经我们同意， 交纳保险费，获'}, {'content': '周岁51计算，且须符合我们当时的投保规定。 二、 您在申请投保时，应将与有效身份证件相符的被保险人的出生日期在投保单上填明，如果 发生错误按照下列方式办理： （一）您申报的被保险人年龄不真实，并且其真实年龄不符合我们投保规定的，我们有权解除 合同，并向您退还本主险合同的现金价值。我们行使合同解除权适用“第十七条 明确说明与如实告 知”中合同解除权限制的规定。 （二）您申报的被保险人年龄不真实，致使您实付保险费少于应付保险费的，我们有权更正并 要求您补交保险费。若已经发生保险事故，在给付保险金时按实付保险费和应付保险费的比例给付。 （三）您申报的被保险人年龄不真实，致使您实付保险费多于应付保险费的，我们会将多收的 保险费无息退还给您。 第十九条 欠款扣除 我们在给付保险金、退还本主险合同现金价值或保险费时，如您有欠交保险费或其他欠款未还， 我们有权在扣除上述欠款及应付利息后给付。 第二十条 '}, {'content': '无对应取值。'}]","1, 6, 29, 30, 31, 53"
移小保康乐保医疗保险,产品：移小保康乐保医疗保险	问题：保险费是如何支付的？,"根据移小保康乐保医疗保险条款，保险费支付方式如下：

1. **支付方式**：分为一次性支付保险费和分月支付保险费两种方式，由投保人在投保时选择

2. **支付约定**：具体的保险费交费方式由投保人与保险公司约定，并载明于保险单上

3. **分期支付要求**：若选择分月支付保险费，在交纳首月保险费后，应当在每个保险费约定支付日按时交纳后续保费

4. **重要提示**：需要按时交纳保险费，如果不及时交费可能会导致合同效力终止

建议投保人根据自身需求选择合适的支付方式，并确保按时支付保费以维持保险保障的有效性。","[{'content': '急诊医疗费用（不包括 门诊肾透析、门诊“恶性肿瘤——重度”治疗、器官移植后的门诊抗排异治疗费用和门诊手术医疗 费用）按约定的给付方式给付基本医疗保险范围外医疗保险金。 本主险合同的基本医疗保险范围外医疗保险金在每个保单年度内对应的免赔额为 2 万元。公费 医疗、基本医疗保险或城乡居民大病保险报销部分不可用于抵扣年度免赔额；通过其他途径获得的 医疗费用补偿可用于抵扣年度免赔额。 我们在同一保单年度内累计给付的基本医疗保险范围外医疗保险金数额达到本主险合同约定的 基本医疗保险范围外医疗基本保险金额时，本项保险责任在该保单年度内终止。 第三条 保险期间 本主险合同的保险期间为一年，自本主险合同生效日零时起至约定期满日二十四时止，并在保 险单上载明。 第四条 不保证续保 本主险合同为不保证续保合同。 本产品保险期间为一年。保险期间届满，您需要重新向我们申请投保本产品，并经我们同意， 交纳保险费，获'}, {'content': '而引起的疾病。职业病的认定需遵循《中华人民共和国职业病防治法》中的相关规定及鉴定程序。 47 医疗事故：指医疗机构及其医务人员在医疗活动中，违反医疗卫生管理法律、行政法规、部门规章和诊疗护理规 范及常规，过失造成患者人身损害的事故。 48 实验性治疗：指用于药物用途或外科手术、未被国际医学科研究组织普遍接受为对疾病或损伤安全、有效的医疗 手段、医学设备或药物；以及处于学习、研究、测试等任何临床试验阶段的治疗、医学操作、疗程治疗、医疗设备 或药物。 第 9 页 共 14 页 第三章 如何支付保险费 这部分讲的是您应当按时交纳保险费，如果不及时交费可能会导致合同效力终止。 第七条 保险费的支付 本主险合同的保险费交费方式由您和我们约定并载明于保险单上。 保险费的交费方式分为一次性支付保险费和分月支付保险费，由您在投保时选择。 若您选择分月支付保险费的，在交纳首月保险费后，您应当在每个保险费约定'}, {'content': '交保险费 所保障期间的已经过日数/该月交保险费所保障期间的日数），经过日数不足 1 日的按 1 日计算。 第 12 页 共 14 页 合同生效日为基准计算。 我们自本主险合同生效时开始承担保险责任。 第十七条 明确说明与如实告知 订立本主险合同时，我们应向您说明本主险合同的内容。 对保险条款中免除我们责任的条款，我们在订立合同时应当在投保单、保险单或者其他保险凭 证上作出足以引起您注意的提示，并对该条款的内容以书面或者口头形式向您作出明确说明，未作 提示或者明确说明的，该条款不产生效力。 我们就您和被保险人的有关情况提出询问，您应当如实告知。 如果您故意或者因重大过失未履行前款规定的如实告知义务，足以影响我们决定是否同意承保 或者提高保险费率的，我们有权解除本主险合同。 如果您故意不履行如实告知义务，对于本主险合同解除前发生的保险事故，我们不承担给付保 险金的责任，并不退还保险费。 如果您'}, {'content': '生诊疗费、手术费、药品费、检查化验费、 护理费、救护车费等。 若本主险合同不再续保，对保险期间届满前发生的且延续至保险期间届满后三十日（含）内的 符合本主险合同约定的住院治疗，对于必要且合理的住院医疗费用，我们仍承担给付基本医疗保险 范围外医疗保险金的责任。 （二）特殊门诊医疗费用 如果被保险人因意外伤害事故或因疾病经我们认可的医院的专科医生诊断必须接受特殊门诊治 疗，我们对被保险人在保险期间内实际发生的必要且合理的特殊门诊医疗费用按约定的给付方式给 付基本医疗保险范围外医疗保险金。 特殊门诊治疗包括以门诊方式接受的以下治疗： 1．肾透析治疗； 2．“恶性肿瘤——重度”治疗，包括化学疗法、放射疗法、肿瘤免疫疗法、肿瘤内分泌疗法、肿 费、手术检测费、手术辅助费、材料费、一次性用品费、术中用药费、手术设备费。 第 6 页 共 14 页 瘤靶向疗法； 3．器官移植后的门诊抗排异治疗。 （三）门诊'}, {'content': '险合同会给您造成一定的损失，请您慎重决策............................第十四条 请您特别注意一些重要术语的释义...........................................每页脚注 条款目录 第一章 我们保什么、 保多久 第一条 基本保险金额 第二条 保险责任 第三条 保险期间 第四条 不保证续保 第二章 我们不保什么 第五条 责任免除 第六条 其他免责条款 ¥ 第三章 如何支付保险费 ¥ 第四章 如何领取保险金 第七条 保险费的支付 第八条 保险合同效力的中止 第九条 保险合同效力的恢复 第十条 受益人的指定和变更 第十一条 保险事故的通知 第十二条 保险金的申请 第十三条 保险金的给付 第五章 如何退保 第十四条 您解除合同的手续及风险 第六章 需关注的其他内容 第十五条 保险合同的构成 第十六条 保险合同成立与生效 第十七条 明确说明'}, {'content': '险合同另有约定外，经您和我们协商同意后，可变更本主险合同的有关内容，并由我们 签发批单后生效。但本主险合同内容的变更不得违反法律法规及保险监督管理机构相关规定。 为了保障您的合法权益，您或被保险人的通讯地址、电子邮箱或电话等联系方式变更时，应及 时以书面形式通知我们。您或被保险人不作上述通知的，我们将按投保单或批单上所载的您或被保 险人的最后联系方式发送通知，并均视为已送达给您或被保险人。 第二十一条 公费医疗或基本医疗保险状态变更 在本主险合同保险期间内，如果被保险人是否享有公费医疗或基本医疗保险保障的状态发生变 更，您或被保险人应于十日内以书面形式通知我们，我们将在之后的保险费约定支付日按照状态变 更后的标准收取保险费，并按照以下方式处理本主险合同保险费： 一、如果被保险人的状态变更为不享有公费医疗或基本医疗保险，您应向我们补交自申请日起 至下一个保险费约定支付日期间变更前后保险费的差'}, {'content': '无对应取值。'}]","5, 27, 29, 41, 51, 55"
移小保康乐保医疗保险,产品：移小保康乐保医疗保险	问题：什么情况下保险公司不承担保险责任？,"根据移小保康乐保医疗保险条款，在以下情况下保险公司不承担保险责任：

**责任免除情形：**

1. 投保人对被保险人的故意杀害、故意伤害
2. 被保险人故意犯罪或抗拒依法采取的刑事强制措施
3. 被保险人自杀或故意自伤（但自杀时为无民事行为能力人的除外）
4. 被保险人殴斗、醉酒、精神和行为障碍，服用、吸食或注射毒品或未遵医嘱使用管制药品
5. 被保险人酒后驾驶、无合法有效驾驶证驾驶，或驾驶无合法有效行驶证的机动车
6. 战争、军事冲突、暴乱或武装叛乱
7. 核爆炸、核辐射或核污染
8. 遗传性疾病，先天性畸形、变形或染色体异常（合同另有约定的除外）
9. 牙齿修复或整形、屈光矫正、美容或整容手术、变性手术及心理咨询（意外导致的外科整形手术除外）
10. 义眼、助听器、义肢或其他附属品之装配
11. 被保险人未遵医嘱，私自服用、涂用、注射处方药物
12. 产前产后检查、妊娠、流产（含人工流产）、分娩（含剖腹产）、避孕、绝育手术、治疗不孕不育症等相关费用

**其他不承担保险责任的情况：**

- 当同一保单年度内累计给付的医疗保险金达到合同约定的基本保险金额时，该项保险责任在该保单年度内终止
- 本产品为不保证续保合同，保险期间届满后需要重新申请投保

建议您仔细阅读保险合同中的具体条款，以全面了解保险责任范围。","[{'content': '零时起至约定期满日二十四时止，并在保 险单上载明。 第四条 不保证续保 本主险合同为不保证续保合同。 本产品保险期间为一年。保险期间届满，您需要重新向我们申请投保本产品，并经我们同意， 交纳保险费，获得新的保险合同。 第二章 我们不保什么 这部分讲的是我们不承担保险责任的情况。 第五条 责任免除 因下列情形之一导致被保险人发生医疗费用的，我们不承担给付保险金的责任： 一、投保人对被保险人的故意杀害、故意伤害； 二、被保险人故意犯罪或者抗拒依法采取的刑事强制措施； 三、被保险人自杀或故意自伤，但被保险人自杀时为无民事行为能力人的除外； 第 7 页 共 14 页 四、被保险人殴斗27，醉酒28，精神和行为障碍（以世界卫生组织颁布的《疾病和有关健康问题 的国际统计分类第十次修订版（ICD-10）》为准），服用、吸食或注射毒品29或未遵医嘱使用管制药品 30； 五、被保险人酒后驾驶31，无合法有效'}, {'content': '王先生在保险期间内再次发 生疾病 我们在同一保单年度内累计给付的基本医疗保险范围内医疗保险金数额达到本主险合同约定的基本医疗保 险范围内医疗基本保险金额时，本项保险责任在该保单年度内终止；我们在同一保单年度内累计给付的基本 医疗保险范围外医疗保险金数额达到本主险合同约定的基本医疗保险范围外医疗基本保险金额时，本项保 险责任在该保单年度内终止。 以上举例仅供您更好地理解产品之用，您所购买产品的具体保险利益以保险合同中载明的为准。 第 1 页 共 14 页 您应当特别注意的事项 在责任免除的情况下，我们不承担保险责任..............................第五条、第六条 解除保险合同会给您造成一定的损失，请您慎重决策............................第十四条 请您特别注意一些重要术语的释义................................'}, {'content': '神和行为障碍（以世界卫生组织颁布的《疾病和有关健康问题 的国际统计分类第十次修订版（ICD-10）》为准），服用、吸食或注射毒品29或未遵医嘱使用管制药品 30； 五、被保险人酒后驾驶31，无合法有效驾驶证驾驶32，或驾驶无合法有效行驶证33的机动车34； 六、战争、军事冲突、暴乱或武装叛乱； 七、核爆炸、核辐射或核污染； 八、 遗传性疾病35，先天性畸形、变形或染色体异常36，但本主险合同另有约定的除外； 九、被保险人进行牙齿修复或整形、屈光矫正、美容或整容手术、变性手术及心理咨询，但因 意外导致的外科整形手术不受此限； 十、被保险人进行义眼、助听器、义肢或其他附属品之装配； 十一、 被保险人未遵医嘱，私自服用、涂用、注射处方药物，但按使用说明的规定使用非处方 药37不在此限； 十二、 被保险人因产前产后检查、妊娠、流产（含人工流产）、分娩（含剖腹产）、避孕、绝育 手术、治疗不孕不育症以'}, {'content': '部分讲的是我们提供的保障以及我们提供保障的期间。 第一条 基本保险金额 本主险合同基本医疗保险范围内医疗保险金和基本医疗保险范围外医疗保险金的基本保险金额 分别为人民币 100 万元和人民币 50 万元。 第二条 保险责任 一、基本医疗保险范围内医疗保险金 在本主险合同保险期间内，若被保险人因意外伤害事故1或因疾病，在我们认可的医院2进行治疗， 对于被保险人所发生的基本医疗保险3范围内的必要且合理4的下列（一）-（四）类医疗费用，我们 按以下公式给付基本医疗保险范围内医疗保险金： 基本医疗保险范围内医疗保险金＝（基本医疗保险范围内医疗费用-针对该医疗费用的补偿、赔 偿5–年度免赔额）×给付比例 1 意外伤害事故：指遭受外来的、突发的、非本意的、非疾病的使身体受到伤害的客观事件，猝死不属于意外伤 害。猝死指表面健康的人因潜在疾病、机能障碍或者其他原因在出现症状后 24 小时内发生的非暴力性突'}, {'content': '药品监督管理总局批准用于临床治疗。 26 门诊手术医疗费用：指门急诊发生的合理且必要的手术医疗费用，包括外科医生费、手术室费、恢复室费、麻醉 第 5 页 共 14 页 付基本医疗保险范围内医疗保险金。 （四）住院前后门急诊医疗费用 如果被保险人因意外伤害事故或因疾病经我们认可的医院的专科医生诊断必须住院治疗，我们 对被保险人在住院前七日及住院后三十日内与该次住院相同原因而发生的门急诊医疗费用（不包括 门诊肾透析、门诊“恶性肿瘤——重度”治疗、器官移植后的门诊抗排异治疗费用和门诊手术医疗 费用）按约定的给付方式给付基本医疗保险范围内医疗保险金。 针对基本医疗保险范围内医疗保险金责任，本主险合同的给付比例为90%，但出现以下情况之一 时，给付比例为50%： （一）如果被保险人以已经参加公费医疗或基本医疗保险身份投保，但申请保险金前未通过公 费医疗、基本医疗保险或城乡居民大病保险结算； （二）如'}, {'content': '生诊疗费、手术费、药品费、检查化验费、 护理费、救护车费等。 若本主险合同不再续保，对保险期间届满前发生的且延续至保险期间届满后三十日（含）内的 符合本主险合同约定的住院治疗，对于必要且合理的住院医疗费用，我们仍承担给付基本医疗保险 范围外医疗保险金的责任。 （二）特殊门诊医疗费用 如果被保险人因意外伤害事故或因疾病经我们认可的医院的专科医生诊断必须接受特殊门诊治 疗，我们对被保险人在保险期间内实际发生的必要且合理的特殊门诊医疗费用按约定的给付方式给 付基本医疗保险范围外医疗保险金。 特殊门诊治疗包括以门诊方式接受的以下治疗： 1．肾透析治疗； 2．“恶性肿瘤——重度”治疗，包括化学疗法、放射疗法、肿瘤免疫疗法、肿瘤内分泌疗法、肿 费、手术检测费、手术辅助费、材料费、一次性用品费、术中用药费、手术设备费。 第 6 页 共 14 页 瘤靶向疗法； 3．器官移植后的门诊抗排异治疗。 （三）门诊'}, {'content': '不包括物理治疗、中医理疗、其他特殊疗法、营养补充类药品、免疫功能调节类药品、美容及减肥类药品、预防类药品、特定中药类药品、部分可以入药的动物及动物脏器、用中药材和中药饮片炮制的各类酒制剂等。TNM分期为Ⅰ期或更轻分期的甲状腺癌、TNM分期为T1N0M0期或更轻分期的前列腺癌、黑色素瘤以外的未发生淋巴结和远处转移的皮肤恶性肿瘤、相当于Binet分期方案A期程度的慢性淋巴细胞白血病、相当于Ann Arbor分期方案Ⅰ期程度的何杰金氏病、未发生淋巴结和远处转移且WHO分级为G1级别（核分裂像<10/50 HPF和ki-67≤2%）或更轻分级的神经内分泌肿瘤等不属于‘恶性肿瘤——重度’，不在保障范围内。'}]","4, 7, 24, 27, 30, 31"
移小保康乐保医疗保险,产品：移小保康乐保医疗保险	问题：如何申请理赔？,"根据移小保康乐保医疗保险条款，理赔申请流程如下：

### 理赔申请条件
1. **医疗机构要求**：需在保险公司认可的二级或二级以上非营利性医院普通部就诊（紧急情况除外）
2. **保险责任范围**：
   - 住院医疗费用
   - 特殊门诊医疗费用（肾透析、恶性肿瘤治疗、器官移植后抗排异治疗）
   - 门诊手术医疗费用
   - 住院前后门急诊医疗费用（住院前7天及出院后30天内）

### 理赔计算方式
基本医疗保险范围外医疗保险金 = （基本医疗保险范围外医疗费用 - 其他途径获得的医疗费用补偿 - 2万元年度免赔额）× 50%

### 重要注意事项
1. **免赔额**：每个保单年度免赔额为2万元
   - 公费医疗、基本医保报销部分不可抵扣免赔额
   - 其他途径获得的医疗费用补偿可抵扣免赔额

2. **理赔限额**：当年度累计赔付金额达到基本保额后，该年度保险责任终止

3. **保险期间**：
   - 保险期间为1年
   - 不保证续保，期满需重新投保
   - 保险期满后，对延续30日内的住院治疗仍承担保险责任

### 建议操作步骤
1. 在认可医院就诊并保留所有医疗费用票据
2. 联系保险公司客服获取理赔申请材料清单
3. 准备完整理赔资料提交审核
4. 保险公司将在收到完整资料后按约定进行理赔计算

具体理赔材料要求和详细流程请直接咨询保险公司客服，以最新理赔指引为准。","[{'content': '急诊医疗费用（不包括 门诊肾透析、门诊“恶性肿瘤——重度”治疗、器官移植后的门诊抗排异治疗费用和门诊手术医疗 费用）按约定的给付方式给付基本医疗保险范围外医疗保险金。 本主险合同的基本医疗保险范围外医疗保险金在每个保单年度内对应的免赔额为 2 万元。公费 医疗、基本医疗保险或城乡居民大病保险报销部分不可用于抵扣年度免赔额；通过其他途径获得的 医疗费用补偿可用于抵扣年度免赔额。 我们在同一保单年度内累计给付的基本医疗保险范围外医疗保险金数额达到本主险合同约定的 基本医疗保险范围外医疗基本保险金额时，本项保险责任在该保单年度内终止。 第三条 保险期间 本主险合同的保险期间为一年，自本主险合同生效日零时起至约定期满日二十四时止，并在保 险单上载明。 第四条 不保证续保 本主险合同为不保证续保合同。 本产品保险期间为一年。保险期间届满，您需要重新向我们申请投保本产品，并经我们同意， 交纳保险费，获'}, {'content': ' 1 意外伤害事故：指遭受外来的、突发的、非本意的、非疾病的使身体受到伤害的客观事件，猝死不属于意外伤 害。猝死指表面健康的人因潜在疾病、机能障碍或者其他原因在出现症状后 24 小时内发生的非暴力性突然死 亡。猝死的认定以医院的诊断或公安部门的鉴定为准。 2 我们认可的医院：指卫生行政部门认定的二级或二级以上非营利性医院，且仅限于上述医院的普通部（不包括特需 医疗、外宾医疗、干部病房、国际医疗中心、VIP 部等）。不包括康复医院或康复病房、精神病医院、疗养院、美 容医院、护理院、戒酒或戒毒中心、精神心理治疗中心、二级或三级医院的联合医院或联合病房（联合医院或联合 病房本身是符合卫生部颁发的医疗机构基本标准的二级或二级以上医院的不受此限）、民营医院等。若本主险合同 中附有关于医院范围的特别约定，则具体医院范围以此特别约定为准。若被保险人因情况紧急必须立即就医的除 外，但需待病情稳定后转入认可'}, {'content': '1）物理治疗：是指应用人工物理因子（如光、电、磁、声等）来治疗疾病，具体疗法包括电疗、光疗、磁疗、 热疗等； （2）中医理疗：是指以治疗疾病为目的，被保险人接受有具有相应资格的医生实施的针灸治疗、推拿治疗、拔罐 治疗或刮痧治疗； （3）其他特殊疗法：包括顺势治疗、职业疗法及语音治疗。 14 医生诊疗费：指由医生所实施的病情咨询及检查、各种器械或者仪器检查、诊断、治疗方案拟订等各项医疗服务 所收取的费用。 15 手术费：指当地卫生行政部门规定的手术项目的费用。包括手术费、麻醉费、手术监测费、手术材料费、术中用药 费、手术设备费。若因器官移植而发生的手术费用，不包括器官本身的费用和获取器官过程中的费用。 16 药品费：指在住院就医期间根据医生开具的处方在医院内发生的具有国家药品监督管理部门核发的药品批准文号 或者进口药品注册证书、医药产品注册证书的国产或进口药品的费用。但不包括营养补充类药品，'}, {'content': '保险金 在本主险合同保险期间内，若被保险人因意外伤害事故或因疾病，在我们认可的医院进行治疗， 对于被保险人所发生的基本医疗保险范围外的必要且合理的下列（一）-（四）类医疗费用，我们按 以下公式给付基本医疗保险范围外医疗保险金： 基本医疗保险范围外医疗保险金＝（基本医疗保险范围外医疗费用-针对该医疗费用的补偿、赔 偿–年度免赔额）×50% （一）住院医疗费用 如果被保险人因意外伤害事故或因疾病经我们认可的医院的专科医生诊断必须住院治疗，我们 对被保险人在保险期间内实际发生的必要且合理的住院医疗费用按约定的给付方式给付基本医疗保 险范围外医疗保险金。 住院医疗费用具体包括床位费、膳食费、治疗费、医生诊疗费、手术费、药品费、检查化验费、 护理费、救护车费等。 若本主险合同不再续保，对保险期间届满前发生的且延续至保险期间届满后三十日（含）内的 符合本主险合同约定的住院治疗，对于必要且合理的住院医疗'}, {'content': '生诊疗费、手术费、药品费、检查化验费、 护理费、救护车费等。 若本主险合同不再续保，对保险期间届满前发生的且延续至保险期间届满后三十日（含）内的 符合本主险合同约定的住院治疗，对于必要且合理的住院医疗费用，我们仍承担给付基本医疗保险 范围外医疗保险金的责任。 （二）特殊门诊医疗费用 如果被保险人因意外伤害事故或因疾病经我们认可的医院的专科医生诊断必须接受特殊门诊治 疗，我们对被保险人在保险期间内实际发生的必要且合理的特殊门诊医疗费用按约定的给付方式给 付基本医疗保险范围外医疗保险金。 特殊门诊治疗包括以门诊方式接受的以下治疗： 1．肾透析治疗； 2．“恶性肿瘤——重度”治疗，包括化学疗法、放射疗法、肿瘤免疫疗法、肿瘤内分泌疗法、肿 费、手术检测费、手术辅助费、材料费、一次性用品费、术中用药费、手术设备费。 第 6 页 共 14 页 瘤靶向疗法； 3．器官移植后的门诊抗排异治疗。 （三）门诊'}, {'content': '交保险费 所保障期间的已经过日数/该月交保险费所保障期间的日数），经过日数不足 1 日的按 1 日计算。 第 12 页 共 14 页 合同生效日为基准计算。 我们自本主险合同生效时开始承担保险责任。 第十七条 明确说明与如实告知 订立本主险合同时，我们应向您说明本主险合同的内容。 对保险条款中免除我们责任的条款，我们在订立合同时应当在投保单、保险单或者其他保险凭 证上作出足以引起您注意的提示，并对该条款的内容以书面或者口头形式向您作出明确说明，未作 提示或者明确说明的，该条款不产生效力。 我们就您和被保险人的有关情况提出询问，您应当如实告知。 如果您故意或者因重大过失未履行前款规定的如实告知义务，足以影响我们决定是否同意承保 或者提高保险费率的，我们有权解除本主险合同。 如果您故意不履行如实告知义务，对于本主险合同解除前发生的保险事故，我们不承担给付保 险金的责任，并不退还保险费。 如果您'}, {'content': '保障责任范围包括基本医疗保险范围内和基本医疗保险范围外的医疗保险金，涵盖住院医疗费用、特殊门诊医疗费用、门诊手术医疗费用、住院前后门急诊医疗费用。住院医疗费用包括床位费、膳食费、治疗费、医生诊疗费、手术费、药品费、检查化验费、护理费、救护车费等。特殊门诊医疗费用包括肾透析治疗、恶性肿瘤——重度治疗（化学疗法、放射疗法、肿瘤免疫疗法、肿瘤内分泌疗法、肿瘤靶向疗法）、器官移植后的门诊抗排异治疗。门诊手术医疗费用指门急诊发生的合理且必要的手术医疗费用。住院前后门急诊医疗费用指住院前七日及住院后三十日内与该次住院相同原因而发生的门急诊医疗费用。'}]","8, 15, 26, 27, 29, 51"
移小保康乐保医疗保险,产品：移小保康乐保医疗保险	问题：理赔需要提供哪些材料？,"根据移小保康乐保医疗保险条款，申请理赔时需提供以下材料：

1. **理赔申请书**：完整填写的保险金给付申请书
2. **身份证明**：受益人的有效身份证件
3. **医疗证明文件**：
   - 保险公司认可的医院出具的医疗费用原始结算凭证
   - 医疗费用结算清单
   - 诊断证明
   - 病历等相关资料
4. **其他补偿证明**：若已从其他途径获得医疗费用补偿，需提供相应的报销凭证
5. **其他相关材料**：能够证明保险事故性质、原因等的其他证明和资料

**注意事项**：
- 就诊医院需为二级或二级以上非营利性医院的普通部
- 医疗费用需符合""必要且合理""的认定标准
- 保险公司在收到完整材料后5个工作日内作出核定，复杂案件30日内核定
- 属于保险责任的案件，在达成协议后10日内履行给付义务

建议在申请理赔前仔细阅读保险条款，确保提供的材料完整准确，以便顺利获得理赔。","[{'content': '部分讲的是我们提供的保障以及我们提供保障的期间。 第一条 基本保险金额 本主险合同基本医疗保险范围内医疗保险金和基本医疗保险范围外医疗保险金的基本保险金额 分别为人民币 100 万元和人民币 50 万元。 第二条 保险责任 一、基本医疗保险范围内医疗保险金 在本主险合同保险期间内，若被保险人因意外伤害事故1或因疾病，在我们认可的医院2进行治疗， 对于被保险人所发生的基本医疗保险3范围内的必要且合理4的下列（一）-（四）类医疗费用，我们 按以下公式给付基本医疗保险范围内医疗保险金： 基本医疗保险范围内医疗保险金＝（基本医疗保险范围内医疗费用-针对该医疗费用的补偿、赔 偿5–年度免赔额）×给付比例 1 意外伤害事故：指遭受外来的、突发的、非本意的、非疾病的使身体受到伤害的客观事件，猝死不属于意外伤 害。猝死指表面健康的人因潜在疾病、机能障碍或者其他原因在出现症状后 24 小时内发生的非暴力性突'}, {'content': '合理的门诊手术医疗费用26按约定的给付方式给 20 恶性肿瘤——重度：指恶性细胞不受控制的进行性增长和扩散，浸润和破坏周围正常组织，可以经血管、淋巴管 和体腔扩散转移到身体其他部位，病灶经组织病理学检查（涵盖骨髓病理学检查）结果明确诊断，临床诊断属于 世界卫生组织（WHO，World Health Organization）《疾病和有关健康问题的国际统计分类》第十次修订版 （ICD-10）的恶性肿瘤类别及《国际疾病分类肿瘤学专辑》第三版（ICD-O-3）的肿瘤形态学编码属于 3、6、9 （恶性肿瘤）范畴的疾病。 下列疾病不属于“恶性肿瘤——重度”，不在保障范围内： 1．ICD-O-3 肿瘤形态学编码属于 0（良性肿瘤）、1（动态未定性肿瘤）、2（原位癌和非侵袭性癌）范畴的疾病， 如： （1）原位癌，癌前病变，非浸润性癌，非侵袭性癌，肿瘤细胞未侵犯基底层，上皮内瘤变，细胞不典型性增生 等； '}, {'content': ' 1 意外伤害事故：指遭受外来的、突发的、非本意的、非疾病的使身体受到伤害的客观事件，猝死不属于意外伤 害。猝死指表面健康的人因潜在疾病、机能障碍或者其他原因在出现症状后 24 小时内发生的非暴力性突然死 亡。猝死的认定以医院的诊断或公安部门的鉴定为准。 2 我们认可的医院：指卫生行政部门认定的二级或二级以上非营利性医院，且仅限于上述医院的普通部（不包括特需 医疗、外宾医疗、干部病房、国际医疗中心、VIP 部等）。不包括康复医院或康复病房、精神病医院、疗养院、美 容医院、护理院、戒酒或戒毒中心、精神心理治疗中心、二级或三级医院的联合医院或联合病房（联合医院或联合 病房本身是符合卫生部颁发的医疗机构基本标准的二级或二级以上医院的不受此限）、民营医院等。若本主险合同 中附有关于医院范围的特别约定，则具体医院范围以此特别约定为准。若被保险人因情况紧急必须立即就医的除 外，但需待病情稳定后转入认可'}, {'content': '1）物理治疗：是指应用人工物理因子（如光、电、磁、声等）来治疗疾病，具体疗法包括电疗、光疗、磁疗、 热疗等； （2）中医理疗：是指以治疗疾病为目的，被保险人接受有具有相应资格的医生实施的针灸治疗、推拿治疗、拔罐 治疗或刮痧治疗； （3）其他特殊疗法：包括顺势治疗、职业疗法及语音治疗。 14 医生诊疗费：指由医生所实施的病情咨询及检查、各种器械或者仪器检查、诊断、治疗方案拟订等各项医疗服务 所收取的费用。 15 手术费：指当地卫生行政部门规定的手术项目的费用。包括手术费、麻醉费、手术监测费、手术材料费、术中用药 费、手术设备费。若因器官移植而发生的手术费用，不包括器官本身的费用和获取器官过程中的费用。 16 药品费：指在住院就医期间根据医生开具的处方在医院内发生的具有国家药品监督管理部门核发的药品批准文号 或者进口药品注册证书、医药产品注册证书的国产或进口药品的费用。但不包括营养补充类药品，'}, {'content': '机构基本标准的二级或二级以上医院的不受此限）、民营医院等。若本主险合同 中附有关于医院范围的特别约定，则具体医院范围以此特别约定为准。若被保险人因情况紧急必须立即就医的除 外，但需待病情稳定后转入认可医院。 3 基本医疗保险：指职工基本医疗保险、城镇居民基本医疗保险、新型农村合作医疗等政府举办的基本医疗保障项 目。 4 必要且合理：指同时满足以下两个条件： （1）医学必要：指被保险人接受治疗或服务、使用器械或服用药品符合以下条件： a.医生处方要求且对治疗被保险人疾病或伤害合适且必需； b.在范围、持续期、强度、护理上不超过为被保险人提供安全、恰当、合适的诊断或治疗所需的水平； c.与接受治疗当地普遍接受的医疗专业实践标准一致； d.非主要为了个人舒适或者为了被保险人父母、家庭、医师或其他医疗提供方的方便； e.非病人学术教育或职业培训的一部分或与之相关； f.非试验性或研究性。 （2）符'}, {'content': '； （二）受益人的有效身份证件； （三）由我们认可的医院出具的医疗费用原始结算凭证、医疗费用结算清单、诊断证明及病历 等相关资料； （四）若已从其他途径获得了医疗费用补偿，则须提供从其他途径报销的凭证； （五）受益人所能提供的与确认保险事故的性质、原因等相关的其他证明、资料。 第十三条 保险金的给付 一、我们在收到保险金给付申请书及本主险合同约定的证明和资料后，将在五个工作日内作出 核定；情形复杂的，在三十日内作出核定。对属于保险责任的，我们在与受益人达成给付保险金的 协议后十日内，履行给付保险金义务。 若我们在收到保险金给付申请书及上述有关证明和资料后第三十日后仍未做出核定，除支付保 险金外，我们将从第三十一日起按超过天数赔偿受益人因此受到的利息损失。利息按照中国人民银 行公布的同期金融机构人民币活期存款基准利率的单利计算。若我们要求您、被保险人或者受益人 补充提供有关证明和资料的，则上'}, {'content': '保障责任范围包括基本医疗保险范围内和基本医疗保险范围外的医疗保险金，涵盖住院医疗费用、特殊门诊医疗费用、门诊手术医疗费用、住院前后门急诊医疗费用。住院医疗费用包括床位费、膳食费、治疗费、医生诊疗费、手术费、药品费、检查化验费、护理费、救护车费等。特殊门诊医疗费用包括肾透析治疗、恶性肿瘤——重度治疗（化学疗法、放射疗法、肿瘤免疫疗法、肿瘤内分泌疗法、肿瘤靶向疗法）、器官移植后的门诊抗排异治疗。门诊手术医疗费用指门急诊发生的合理且必要的手术医疗费用。住院前后门急诊医疗费用指住院前七日及住院后三十日内与该次住院相同原因而发生的门急诊医疗费用。'}]","7, 8, 9, 15, 19, 47"
移小保康乐保医疗保险,产品：移小保康乐保医疗保险	问题：保险事故发生后需要在多长时间内通知保险公司？,"根据提供的保险条款内容，关于保险事故发生后通知保险公司的时间要求，在您提供的材料中未能找到明确的具体时限规定。

不过，根据《中华人民共和国保险法》第二十一条规定，投保人、被保险人或者受益人知道保险事故发生后，应当及时通知保险人。建议您在保险事故发生后尽快通知保险公司，通常建议在10日内通知，以避免因延迟通知可能导致的理赔纠纷。

具体通知时限要求，请您查阅保险合同中的""保险事故通知""相关条款，或直接咨询保险公司客服获取准确信息。","[{'content': '部分讲的是我们提供的保障以及我们提供保障的期间。 第一条 基本保险金额 本主险合同基本医疗保险范围内医疗保险金和基本医疗保险范围外医疗保险金的基本保险金额 分别为人民币 100 万元和人民币 50 万元。 第二条 保险责任 一、基本医疗保险范围内医疗保险金 在本主险合同保险期间内，若被保险人因意外伤害事故1或因疾病，在我们认可的医院2进行治疗， 对于被保险人所发生的基本医疗保险3范围内的必要且合理4的下列（一）-（四）类医疗费用，我们 按以下公式给付基本医疗保险范围内医疗保险金： 基本医疗保险范围内医疗保险金＝（基本医疗保险范围内医疗费用-针对该医疗费用的补偿、赔 偿5–年度免赔额）×给付比例 1 意外伤害事故：指遭受外来的、突发的、非本意的、非疾病的使身体受到伤害的客观事件，猝死不属于意外伤 害。猝死指表面健康的人因潜在疾病、机能障碍或者其他原因在出现症状后 24 小时内发生的非暴力性突'}, {'content': '为两年，诉讼时效自其知道或者应当知道保 险事故发生之日起计算。 第五章 如何退保 这部分讲的是您可以申请退保。 第十四条 您解除合同的手续及风险 本主险合同生效后，您可以以书面形式或双方认可的其他形式通知我们解除本主险合同。 要求解除本主险合同时，您应提供下列文件和资料： 一、解除合同申请书； 二、保险合同原件或其他保险凭证； 三、您的有效身份证件。 自我们收到解除合同申请书时起，本主险合同终止。我们自收到上述证明文件和资料之日起三 十日内向您退还本主险合同的现金价值50。 您解除合同会遭受一定损失。 解除合同后，您会失去原有的保障。 第六章 需关注的其他内容 这部分讲的是您应当注意的其他事项。 第十五条 保险合同的构成 本主险合同由保险单或其他书面保险凭证及所附招商仁和康乐保医疗保险（互联网）条款、投 保单、与本主险合同有关的其他投保文件、声明、批注、批单及其他您与我们共同认可的书面或电'}, {'content': '药品监督管理总局批准用于临床治疗。 26 门诊手术医疗费用：指门急诊发生的合理且必要的手术医疗费用，包括外科医生费、手术室费、恢复室费、麻醉 第 5 页 共 14 页 付基本医疗保险范围内医疗保险金。 （四）住院前后门急诊医疗费用 如果被保险人因意外伤害事故或因疾病经我们认可的医院的专科医生诊断必须住院治疗，我们 对被保险人在住院前七日及住院后三十日内与该次住院相同原因而发生的门急诊医疗费用（不包括 门诊肾透析、门诊“恶性肿瘤——重度”治疗、器官移植后的门诊抗排异治疗费用和门诊手术医疗 费用）按约定的给付方式给付基本医疗保险范围内医疗保险金。 针对基本医疗保险范围内医疗保险金责任，本主险合同的给付比例为90%，但出现以下情况之一 时，给付比例为50%： （一）如果被保险人以已经参加公费医疗或基本医疗保险身份投保，但申请保险金前未通过公 费医疗、基本医疗保险或城乡居民大病保险结算； （二）如'}, {'content': '疗法、肿瘤免疫疗法、肿瘤内分泌疗法、肿 费、手术检测费、手术辅助费、材料费、一次性用品费、术中用药费、手术设备费。 第 6 页 共 14 页 瘤靶向疗法； 3．器官移植后的门诊抗排异治疗。 （三）门诊手术医疗费用 如果被保险人因意外伤害事故或因疾病经我们认可的医院的专科医生诊断必须接受门诊手术治 疗，我们对被保险人在保险期间内实际发生的必要且合理的门诊手术医疗费用按约定的给付方式给 付基本医疗保险范围外医疗保险金。 （四）住院前后门急诊医疗费用 如果被保险人因意外伤害事故或因疾病经我们认可的医院的专科医生诊断必须住院治疗，我们 对被保险人在住院前七日及住院后三十日内与该次住院相同原因而发生的门急诊医疗费用（不包括 门诊肾透析、门诊“恶性肿瘤——重度”治疗、器官移植后的门诊抗排异治疗费用和门诊手术医疗 费用）按约定的给付方式给付基本医疗保险范围外医疗保险金。 本主险合同的基本医疗保险范围外医'}, {'content': '交保险费 所保障期间的已经过日数/该月交保险费所保障期间的日数），经过日数不足 1 日的按 1 日计算。 第 12 页 共 14 页 合同生效日为基准计算。 我们自本主险合同生效时开始承担保险责任。 第十七条 明确说明与如实告知 订立本主险合同时，我们应向您说明本主险合同的内容。 对保险条款中免除我们责任的条款，我们在订立合同时应当在投保单、保险单或者其他保险凭 证上作出足以引起您注意的提示，并对该条款的内容以书面或者口头形式向您作出明确说明，未作 提示或者明确说明的，该条款不产生效力。 我们就您和被保险人的有关情况提出询问，您应当如实告知。 如果您故意或者因重大过失未履行前款规定的如实告知义务，足以影响我们决定是否同意承保 或者提高保险费率的，我们有权解除本主险合同。 如果您故意不履行如实告知义务，对于本主险合同解除前发生的保险事故，我们不承担给付保 险金的责任，并不退还保险费。 如果您'}, {'content': ' 1 意外伤害事故：指遭受外来的、突发的、非本意的、非疾病的使身体受到伤害的客观事件，猝死不属于意外伤 害。猝死指表面健康的人因潜在疾病、机能障碍或者其他原因在出现症状后 24 小时内发生的非暴力性突然死 亡。猝死的认定以医院的诊断或公安部门的鉴定为准。 2 我们认可的医院：指卫生行政部门认定的二级或二级以上非营利性医院，且仅限于上述医院的普通部（不包括特需 医疗、外宾医疗、干部病房、国际医疗中心、VIP 部等）。不包括康复医院或康复病房、精神病医院、疗养院、美 容医院、护理院、戒酒或戒毒中心、精神心理治疗中心、二级或三级医院的联合医院或联合病房（联合医院或联合 病房本身是符合卫生部颁发的医疗机构基本标准的二级或二级以上医院的不受此限）、民营医院等。若本主险合同 中附有关于医院范围的特别约定，则具体医院范围以此特别约定为准。若被保险人因情况紧急必须立即就医的除 外，但需待病情稳定后转入认可'}, {'content': '保障责任范围包括基本医疗保险范围内和基本医疗保险范围外的医疗保险金，涵盖住院医疗费用、特殊门诊医疗费用、门诊手术医疗费用、住院前后门急诊医疗费用。住院医疗费用包括床位费、膳食费、治疗费、医生诊疗费、手术费、药品费、检查化验费、护理费、救护车费等。特殊门诊医疗费用包括肾透析治疗、恶性肿瘤——重度治疗（化学疗法、放射疗法、肿瘤免疫疗法、肿瘤内分泌疗法、肿瘤靶向疗法）、器官移植后的门诊抗排异治疗。门诊手术医疗费用指门急诊发生的合理且必要的手术医疗费用。住院前后门急诊医疗费用指住院前七日及住院后三十日内与该次住院相同原因而发生的门急诊医疗费用。'}]","7, 8, 24, 28, 49, 51"
移小保康乐保医疗保险,产品：移小保康乐保医疗保险	问题：退保会有什么损失？,"根据移小保康乐保医疗保险条款，退保会造成以下损失：

1. **经济损失**：根据第十四条""您解除合同的手续及风险""，解除保险合同会给您造成一定的损失。具体来说，保险公司将按照以下方式退还保险费：
   - 退还金额 = 您已支付的当期保险费 × (1 - 35%) - 该月交保险费所保障期间的已经过日数/该月交保险费所保障期间的日数
   - 经过日数不足1日的按1日计算

2. **保障终止**：退保后，您将失去该保险提供的所有保障，包括：
   - 基本医疗保险范围内医疗保险金（保额100万元）
   - 基本医疗保险范围外医疗保险金（保额50万元）

3. **重新投保风险**：由于本产品是不保证续保的，退保后若想重新投保，可能需要重新进行健康告知，且保费可能因年龄增长而提高。

**建议**：退保前请仔细评估自身保障需求，如有疑问可咨询保险公司客服获取更详细的退保金额计算。","[{'content': '险合同会给您造成一定的损失，请您慎重决策............................第十四条 请您特别注意一些重要术语的释义...........................................每页脚注 条款目录 第一章 我们保什么、 保多久 第一条 基本保险金额 第二条 保险责任 第三条 保险期间 第四条 不保证续保 第二章 我们不保什么 第五条 责任免除 第六条 其他免责条款 ¥ 第三章 如何支付保险费 ¥ 第四章 如何领取保险金 第七条 保险费的支付 第八条 保险合同效力的中止 第九条 保险合同效力的恢复 第十条 受益人的指定和变更 第十一条 保险事故的通知 第十二条 保险金的申请 第十三条 保险金的给付 第五章 如何退保 第十四条 您解除合同的手续及风险 第六章 需关注的其他内容 第十五条 保险合同的构成 第十六条 保险合同成立与生效 第十七条 明确说明'}, {'content': '王先生在保险期间内再次发 生疾病 我们在同一保单年度内累计给付的基本医疗保险范围内医疗保险金数额达到本主险合同约定的基本医疗保 险范围内医疗基本保险金额时，本项保险责任在该保单年度内终止；我们在同一保单年度内累计给付的基本 医疗保险范围外医疗保险金数额达到本主险合同约定的基本医疗保险范围外医疗基本保险金额时，本项保 险责任在该保单年度内终止。 以上举例仅供您更好地理解产品之用，您所购买产品的具体保险利益以保险合同中载明的为准。 第 1 页 共 14 页 您应当特别注意的事项 在责任免除的情况下，我们不承担保险责任..............................第五条、第六条 解除保险合同会给您造成一定的损失，请您慎重决策............................第十四条 请您特别注意一些重要术语的释义................................'}, {'content': '部分讲的是我们提供的保障以及我们提供保障的期间。 第一条 基本保险金额 本主险合同基本医疗保险范围内医疗保险金和基本医疗保险范围外医疗保险金的基本保险金额 分别为人民币 100 万元和人民币 50 万元。 第二条 保险责任 一、基本医疗保险范围内医疗保险金 在本主险合同保险期间内，若被保险人因意外伤害事故1或因疾病，在我们认可的医院2进行治疗， 对于被保险人所发生的基本医疗保险3范围内的必要且合理4的下列（一）-（四）类医疗费用，我们 按以下公式给付基本医疗保险范围内医疗保险金： 基本医疗保险范围内医疗保险金＝（基本医疗保险范围内医疗费用-针对该医疗费用的补偿、赔 偿5–年度免赔额）×给付比例 1 意外伤害事故：指遭受外来的、突发的、非本意的、非疾病的使身体受到伤害的客观事件，猝死不属于意外伤 害。猝死指表面健康的人因潜在疾病、机能障碍或者其他原因在出现症状后 24 小时内发生的非暴力性突'}, {'content': '交保险费 所保障期间的已经过日数/该月交保险费所保障期间的日数），经过日数不足 1 日的按 1 日计算。 第 12 页 共 14 页 合同生效日为基准计算。 我们自本主险合同生效时开始承担保险责任。 第十七条 明确说明与如实告知 订立本主险合同时，我们应向您说明本主险合同的内容。 对保险条款中免除我们责任的条款，我们在订立合同时应当在投保单、保险单或者其他保险凭 证上作出足以引起您注意的提示，并对该条款的内容以书面或者口头形式向您作出明确说明，未作 提示或者明确说明的，该条款不产生效力。 我们就您和被保险人的有关情况提出询问，您应当如实告知。 如果您故意或者因重大过失未履行前款规定的如实告知义务，足以影响我们决定是否同意承保 或者提高保险费率的，我们有权解除本主险合同。 如果您故意不履行如实告知义务，对于本主险合同解除前发生的保险事故，我们不承担给付保 险金的责任，并不退还保险费。 如果您'}, {'content': '前罹患的被保险人已知或者应该知道的有关疾病。包括下列情形之一： （1）本主险合同生效日之前，医生已有诊断，长期治疗未间断； （2）本主险合同生效日之前，医生已有诊断，治疗后症状未完全消失，有间断用药情况； （3）本主险合同生效日之前，医生已有诊断，但未予治疗； （4）本主险合同生效日之前，虽未经医生诊断，但经医疗检查或日常体检已发现的疾病或异常的检查结果。 第 8 页 共 14 页 十五、 被保险人的一般性体格检查、健康检查39、疗养、康复、以及以捐献身体器官为目的的 医疗行为； 十六、 被保险人感染艾滋病病毒或患艾滋病40，但本主险合同另有约定的除外； 十七、 被保险人作为器官捐献者摘除捐献器官； 十八、 被保险人从事潜水41、跳伞、攀岩运动42、驾乘滑翔机或滑翔伞、探险活动43、武术比赛 44、摔跤比赛、特技表演45、赛马、赛车等高风险运动所致； 十九、 如下项目的治疗：皮肤色素沉着、'}, {'content': '而引起的疾病。职业病的认定需遵循《中华人民共和国职业病防治法》中的相关规定及鉴定程序。 47 医疗事故：指医疗机构及其医务人员在医疗活动中，违反医疗卫生管理法律、行政法规、部门规章和诊疗护理规 范及常规，过失造成患者人身损害的事故。 48 实验性治疗：指用于药物用途或外科手术、未被国际医学科研究组织普遍接受为对疾病或损伤安全、有效的医疗 手段、医学设备或药物；以及处于学习、研究、测试等任何临床试验阶段的治疗、医学操作、疗程治疗、医疗设备 或药物。 第 9 页 共 14 页 第三章 如何支付保险费 这部分讲的是您应当按时交纳保险费，如果不及时交费可能会导致合同效力终止。 第七条 保险费的支付 本主险合同的保险费交费方式由您和我们约定并载明于保险单上。 保险费的交费方式分为一次性支付保险费和分月支付保险费，由您在投保时选择。 若您选择分月支付保险费的，在交纳首月保险费后，您应当在每个保险费约定'}]","4, 5, 7, 36, 41, 51"
移小保康乐保医疗保险,产品：移小保康乐保医疗保险	问题：受益人如何指定和变更？,"根据移小保康乐保医疗保险条款第十条""受益人的指定和变更""规定：

**受益人指定：**
- 除另有约定外，各项保险金的受益人均为被保险人本人
- 被保险人为无民事行为能力人或限制民事行为能力人的，可由其监护人指定受益人

**受益人变更：**
- 您或者被保险人可以变更受益人，但必须书面通知保险公司
- 保险公司收到书面通知后，会在保险单或其他保险凭证上批注或附贴批单
- 在指定和变更受益人时，必须经过被保险人书面同意

**特殊情况处理：**
- 被保险人身故后，如出现未指定受益人、受益人先于被保险人身故、受益人丧失受益权等情形，保险金将作为被保险人的遗产处理
- 受益人与被保险人在同一事件中身故且不能确定先后顺序的，推定受益人身故在先
- 受益人故意造成被保险人死亡、伤残、疾病的，该受益人丧失受益权","[{'content': '装置驱动或牵引，上道路行驶的供人员乘坐或用于运送物品及进行工程专项作业的轮式车辆。 35 遗传性疾病：指生殖细胞或受精卵的遗传物质（染色体和基因）发生突变或畸变所引起的疾病，通常具有由亲代 传至后代的垂直传递的特征。 36 先天性畸形、变形或染色体异常：指被保险人出生时就具有的畸形、变形或染色体异常。先天性畸形、变形或染 色体异常依照世界卫生组织《疾病和有关健康问题的国际统计分类》第十次修订版（ICD-10）确定。 37 非处方药：指在使用药品当时，由国务院药品监督管理部门公布的，不需要凭执业医师和执业助理医师处方，消 费者可以自行判断、购买和使用的药品。 38 既往症：指在本主险合同生效日之前罹患的被保险人已知或者应该知道的有关疾病。包括下列情形之一： （1）本主险合同生效日之前，医生已有诊断，长期治疗未间断； （2）本主险合同生效日之前，医生已有诊断，治疗后症状未完全消失，有间断用药情'}, {'content': '其监护人指定受益人。 您或者被保险人可以变更受益人并书面通知我们。我们收到变更受益人的书面通知后，在保险 单或其他保险凭证上批注或附贴批单。 您在指定和变更受益人时，必须经过被保险人书面同意。 被保险人身故后，有下列情形之一的，保险金作为被保险人的遗产，由我们依照《中华人民共 和国民法典》的规定给付保险金： 一、没有指定受益人，或者受益人指定不明无法确定的； 49 保险费约定支付日：指保险合同生效日在每月的对应日。如果当月无对应的同一日，则以该月最后一日为对应日。 第 10 页 共 14 页 二、受益人先于被保险人身故，没有其他受益人的； 三、受益人依法丧失受益权或者放弃受益权，没有其他受益人的。 受益人与被保险人在同一事件中身故，且不能确定身故先后顺序的，推定受益人身故在先。 受益人故意造成被保险人死亡、伤残、疾病的，或者故意杀害被保险人未遂的，该受益人丧失 受益权。 第十一条 保险事故'}, {'content': '，则本主险合同自上述六十 日期满当日二十四时起效力中止。本主险合同效力中止期间发生保险事故的，我们不承担保险责任。 第九条 保险合同效力的恢复（简称“复效”） 本主险合同效力中止之日起至保险期间届满前，您可以申请恢复合同效力。经您与我们协商并 达成协议，自您补交保险费的次日零时起，本主险合同效力恢复。 自本主险合同效力中止之日起至期满日止，您和我们仍未达成协议的，本主险合同效力终止。 第四章 如何领取保险金 这部分讲的是谁有权领取，如何领取保险金。 第十条 受益人的指定和变更 除另有约定外，本主险合同各项保险金的受益人均为被保险人本人。 被保险人为无民事行为能力人或限制民事行为能力人的，可以由其监护人指定受益人。 您或者被保险人可以变更受益人并书面通知我们。我们收到变更受益人的书面通知后，在保险 单或其他保险凭证上批注或附贴批单。 您在指定和变更受益人时，必须经过被保险人书面同意。 被保险'}, {'content': '，我们将从第三十一日起按超过天数赔偿受益人因此受到的利息损失。利息按照中国人民银 行公布的同期金融机构人民币活期存款基准利率的单利计算。若我们要求您、被保险人或者受益人 补充提供有关证明和资料的，则上述的三十日不包括补充提供有关证明和资料的期间。 第 11 页 共 14 页 对不属于保险责任的，我们自作出核定之日起三日内向受益人发出拒绝给付保险金通知书并说 明理由。 我们在收到保险金给付申请书及有关证明和资料之日起六十日内，对给付保险金的数额不能确 定的，根据已有证明和资料可以确定的数额先予支付；我们最终确定给付保险金的数额后，将支付 相应的差额。 二、受益人向我们请求给付保险金的诉讼时效期间为两年，诉讼时效自其知道或者应当知道保 险事故发生之日起计算。 第五章 如何退保 这部分讲的是您可以申请退保。 第十四条 您解除合同的手续及风险 本主险合同生效后，您可以以书面形式或双方认可的其他形式'}, {'content': '险合同另有约定外，经您和我们协商同意后，可变更本主险合同的有关内容，并由我们 签发批单后生效。但本主险合同内容的变更不得违反法律法规及保险监督管理机构相关规定。 为了保障您的合法权益，您或被保险人的通讯地址、电子邮箱或电话等联系方式变更时，应及 时以书面形式通知我们。您或被保险人不作上述通知的，我们将按投保单或批单上所载的您或被保 险人的最后联系方式发送通知，并均视为已送达给您或被保险人。 第二十一条 公费医疗或基本医疗保险状态变更 在本主险合同保险期间内，如果被保险人是否享有公费医疗或基本医疗保险保障的状态发生变 更，您或被保险人应于十日内以书面形式通知我们，我们将在之后的保险费约定支付日按照状态变 更后的标准收取保险费，并按照以下方式处理本主险合同保险费： 一、如果被保险人的状态变更为不享有公费医疗或基本医疗保险，您应向我们补交自申请日起 至下一个保险费约定支付日期间变更前后保险费的差'}, {'content': '照状态变 更后的标准收取保险费，并按照以下方式处理本主险合同保险费： 一、如果被保险人的状态变更为不享有公费医疗或基本医疗保险，您应向我们补交自申请日起 至下一个保险费约定支付日期间变更前后保险费的差额。 二、如果被保险人的状态变更为享有公费医疗或基本医疗保险，我们会向您退还申请日起至下 一个保险费约定支付日期间变更前后现金价值的差额。 我们将以书面形式或者双方认可的其他形式确认您变更被保险人公费医疗或基本医疗保险状态 的申请。被保险人公费医疗或基本医疗保险状态变更确认前您已经支付的保险费不受影响。 第二十二条 争议处理 因履行本主险合同发生的争议，合同双方不能通过协商解决的，可以达成仲裁协议通过仲裁解 决，或者依法向人民法院提起诉讼。 <本页内容结束> 第 14 页 共 14 页'}]","35, 43, 44, 48, 55, 56"
移小保康乐保医疗保险,产品：移小保康乐保医疗保险	问题：保险合同效力中止后如何恢复？,"根据移小保康乐保医疗保险条款，保险合同效力中止后的恢复流程如下：

1. **申请恢复时效**：在本主险合同效力中止之日起至保险期间届满前，您可以申请恢复合同效力。

2. **恢复条件**：经您与保险公司协商并达成协议，在您补交保险费的次日零时起，本主险合同效力恢复。

3. **效力终止情形**：自合同效力中止之日起至期满日止，若您与保险公司仍未达成协议的，本主险合同效力终止。

**注意事项**：
- 合同效力中止期间发生的保险事故，保险公司不承担保险责任
- 恢复合同效力需经双方协商一致并补交欠缴保费

建议您及时联系保险公司办理复效手续，避免因合同效力终止导致保障中断。","[{'content': '，则本主险合同自上述六十 日期满当日二十四时起效力中止。本主险合同效力中止期间发生保险事故的，我们不承担保险责任。 第九条 保险合同效力的恢复（简称“复效”） 本主险合同效力中止之日起至保险期间届满前，您可以申请恢复合同效力。经您与我们协商并 达成协议，自您补交保险费的次日零时起，本主险合同效力恢复。 自本主险合同效力中止之日起至期满日止，您和我们仍未达成协议的，本主险合同效力终止。 第四章 如何领取保险金 这部分讲的是谁有权领取，如何领取保险金。 第十条 受益人的指定和变更 除另有约定外，本主险合同各项保险金的受益人均为被保险人本人。 被保险人为无民事行为能力人或限制民事行为能力人的，可以由其监护人指定受益人。 您或者被保险人可以变更受益人并书面通知我们。我们收到变更受益人的书面通知后，在保险 单或其他保险凭证上批注或附贴批单。 您在指定和变更受益人时，必须经过被保险人书面同意。 被保险'}, {'content': '王先生在保险期间内再次发 生疾病 我们在同一保单年度内累计给付的基本医疗保险范围内医疗保险金数额达到本主险合同约定的基本医疗保 险范围内医疗基本保险金额时，本项保险责任在该保单年度内终止；我们在同一保单年度内累计给付的基本 医疗保险范围外医疗保险金数额达到本主险合同约定的基本医疗保险范围外医疗基本保险金额时，本项保 险责任在该保单年度内终止。 以上举例仅供您更好地理解产品之用，您所购买产品的具体保险利益以保险合同中载明的为准。 第 1 页 共 14 页 您应当特别注意的事项 在责任免除的情况下，我们不承担保险责任..............................第五条、第六条 解除保险合同会给您造成一定的损失，请您慎重决策............................第十四条 请您特别注意一些重要术语的释义................................'}, {'content': '为两年，诉讼时效自其知道或者应当知道保 险事故发生之日起计算。 第五章 如何退保 这部分讲的是您可以申请退保。 第十四条 您解除合同的手续及风险 本主险合同生效后，您可以以书面形式或双方认可的其他形式通知我们解除本主险合同。 要求解除本主险合同时，您应提供下列文件和资料： 一、解除合同申请书； 二、保险合同原件或其他保险凭证； 三、您的有效身份证件。 自我们收到解除合同申请书时起，本主险合同终止。我们自收到上述证明文件和资料之日起三 十日内向您退还本主险合同的现金价值50。 您解除合同会遭受一定损失。 解除合同后，您会失去原有的保障。 第六章 需关注的其他内容 这部分讲的是您应当注意的其他事项。 第十五条 保险合同的构成 本主险合同由保险单或其他书面保险凭证及所附招商仁和康乐保医疗保险（互联网）条款、投 保单、与本主险合同有关的其他投保文件、声明、批注、批单及其他您与我们共同认可的书面或电'}, {'content': '险合同会给您造成一定的损失，请您慎重决策............................第十四条 请您特别注意一些重要术语的释义...........................................每页脚注 条款目录 第一章 我们保什么、 保多久 第一条 基本保险金额 第二条 保险责任 第三条 保险期间 第四条 不保证续保 第二章 我们不保什么 第五条 责任免除 第六条 其他免责条款 ¥ 第三章 如何支付保险费 ¥ 第四章 如何领取保险金 第七条 保险费的支付 第八条 保险合同效力的中止 第九条 保险合同效力的恢复 第十条 受益人的指定和变更 第十一条 保险事故的通知 第十二条 保险金的申请 第十三条 保险金的给付 第五章 如何退保 第十四条 您解除合同的手续及风险 第六章 需关注的其他内容 第十五条 保险合同的构成 第十六条 保险合同成立与生效 第十七条 明确说明'}, {'content': '主险合同的保险费交费方式由您和我们约定并载明于保险单上。 保险费的交费方式分为一次性支付保险费和分月支付保险费，由您在投保时选择。 若您选择分月支付保险费的，在交纳首月保险费后，您应当在每个保险费约定支付日49交纳下一 个月的保险费。 第八条 保险合同效力的中止 分月支付保险费的，在支付本主险合同的首月保险费后，除本主险合同另有约定外，您应于保 险费约定支付日支付剩余各期保险费，若未按时支付的，在保险费约定支付日的次日零时起六十日 内且在本主险合同保险期间内发生的保险事故，我们仍会承担保险责任，但在给付保险金时会扣减 您欠交的保险费。 在本主险合同保险期间内，若您未在上述六十日内支付当期保险费，则本主险合同自上述六十 日期满当日二十四时起效力中止。本主险合同效力中止期间发生保险事故的，我们不承担保险责任。 第九条 保险合同效力的恢复（简称“复效”） 本主险合同效力中止之日起至保险期间届满前'}, {'content': '交保险费 所保障期间的已经过日数/该月交保险费所保障期间的日数），经过日数不足 1 日的按 1 日计算。 第 12 页 共 14 页 合同生效日为基准计算。 我们自本主险合同生效时开始承担保险责任。 第十七条 明确说明与如实告知 订立本主险合同时，我们应向您说明本主险合同的内容。 对保险条款中免除我们责任的条款，我们在订立合同时应当在投保单、保险单或者其他保险凭 证上作出足以引起您注意的提示，并对该条款的内容以书面或者口头形式向您作出明确说明，未作 提示或者明确说明的，该条款不产生效力。 我们就您和被保险人的有关情况提出询问，您应当如实告知。 如果您故意或者因重大过失未履行前款规定的如实告知义务，足以影响我们决定是否同意承保 或者提高保险费率的，我们有权解除本主险合同。 如果您故意不履行如实告知义务，对于本主险合同解除前发生的保险事故，我们不承担给付保 险金的责任，并不退还保险费。 如果您'}, {'content': '无对应取值。'}]","4, 5, 42, 43, 49, 51"
移小保康乐保医疗保险,产品：移小保康乐保医疗保险	问题：保险金的给付方式是怎样的？,"根据移小保康乐保医疗保险条款，保险金的给付方式如下：

**一、基本医疗保险范围内医疗保险金**
- **给付公式**：基本医疗保险范围内医疗保险金＝（基本医疗保险范围内医疗费用 - 针对该医疗费用的补偿、赔偿 - 年度免赔额）× 给付比例
- **给付比例**：一般情况下为90%，但以下两种情况给付比例降至50%：
  1. 被保险人以已参加公费医疗或基本医疗保险身份投保，但申请保险金前未通过公费医疗、基本医疗保险或城乡居民大病保险结算；
  2. 被保险人以未参加公费医疗或基本医疗保险身份投保。

**二、基本医疗保险范围外医疗保险金**
- **给付公式**：基本医疗保险范围外医疗保险金＝（基本医疗保险范围外医疗费用 - 针对该医疗费用的补偿、赔偿 - 年度免赔额）× 50%
- **年度免赔额**：每个保单年度内为2万元（公费医疗、基本医疗保险或城乡居民大病保险报销部分不可用于抵扣年度免赔额；其他途径获得的医疗费用补偿可用于抵扣）

**三、保障范围涵盖的医疗费用类型**
1. **住院医疗费用**：包括床位费、膳食费、治疗费、医生诊疗费、手术费、药品费、检查化验费、护理费、救护车费等。
2. **特殊门诊医疗费用**：包括肾透析治疗、""恶性肿瘤——重度""治疗（化学疗法、放射疗法、肿瘤免疫疗法、肿瘤内分泌疗法、肿瘤靶向疗法）、器官移植后的门诊抗排异治疗。
3. **门诊手术医疗费用**：门急诊发生的合理且必要的手术医疗费用。
4. **住院前后门急诊医疗费用**：住院前七日及住院后三十日内与该次住院相同原因发生的门急诊医疗费用。

**四、保险金额限制**
- 基本医疗保险范围内医疗保险金年度限额：100万元
- 基本医疗保险范围外医疗保险金年度限额：50万元

当累计给付金额达到相应年度限额时，该保险责任在该保单年度内终止。","[{'content': '部分讲的是我们提供的保障以及我们提供保障的期间。 第一条 基本保险金额 本主险合同基本医疗保险范围内医疗保险金和基本医疗保险范围外医疗保险金的基本保险金额 分别为人民币 100 万元和人民币 50 万元。 第二条 保险责任 一、基本医疗保险范围内医疗保险金 在本主险合同保险期间内，若被保险人因意外伤害事故1或因疾病，在我们认可的医院2进行治疗， 对于被保险人所发生的基本医疗保险3范围内的必要且合理4的下列（一）-（四）类医疗费用，我们 按以下公式给付基本医疗保险范围内医疗保险金： 基本医疗保险范围内医疗保险金＝（基本医疗保险范围内医疗费用-针对该医疗费用的补偿、赔 偿5–年度免赔额）×给付比例 1 意外伤害事故：指遭受外来的、突发的、非本意的、非疾病的使身体受到伤害的客观事件，猝死不属于意外伤 害。猝死指表面健康的人因潜在疾病、机能障碍或者其他原因在出现症状后 24 小时内发生的非暴力性突'}, {'content': '急诊医疗费用（不包括 门诊肾透析、门诊“恶性肿瘤——重度”治疗、器官移植后的门诊抗排异治疗费用和门诊手术医疗 费用）按约定的给付方式给付基本医疗保险范围外医疗保险金。 本主险合同的基本医疗保险范围外医疗保险金在每个保单年度内对应的免赔额为 2 万元。公费 医疗、基本医疗保险或城乡居民大病保险报销部分不可用于抵扣年度免赔额；通过其他途径获得的 医疗费用补偿可用于抵扣年度免赔额。 我们在同一保单年度内累计给付的基本医疗保险范围外医疗保险金数额达到本主险合同约定的 基本医疗保险范围外医疗基本保险金额时，本项保险责任在该保单年度内终止。 第三条 保险期间 本主险合同的保险期间为一年，自本主险合同生效日零时起至约定期满日二十四时止，并在保 险单上载明。 第四条 不保证续保 本主险合同为不保证续保合同。 本产品保险期间为一年。保险期间届满，您需要重新向我们申请投保本产品，并经我们同意， 交纳保险费，获'}, {'content': '疗法、肿瘤免疫疗法、肿瘤内分泌疗法、肿 费、手术检测费、手术辅助费、材料费、一次性用品费、术中用药费、手术设备费。 第 6 页 共 14 页 瘤靶向疗法； 3．器官移植后的门诊抗排异治疗。 （三）门诊手术医疗费用 如果被保险人因意外伤害事故或因疾病经我们认可的医院的专科医生诊断必须接受门诊手术治 疗，我们对被保险人在保险期间内实际发生的必要且合理的门诊手术医疗费用按约定的给付方式给 付基本医疗保险范围外医疗保险金。 （四）住院前后门急诊医疗费用 如果被保险人因意外伤害事故或因疾病经我们认可的医院的专科医生诊断必须住院治疗，我们 对被保险人在住院前七日及住院后三十日内与该次住院相同原因而发生的门急诊医疗费用（不包括 门诊肾透析、门诊“恶性肿瘤——重度”治疗、器官移植后的门诊抗排异治疗费用和门诊手术医疗 费用）按约定的给付方式给付基本医疗保险范围外医疗保险金。 本主险合同的基本医疗保险范围外医'}, {'content': '生诊疗费、手术费、药品费、检查化验费、 护理费、救护车费等。 若本主险合同不再续保，对保险期间届满前发生的且延续至保险期间届满后三十日（含）内的 符合本主险合同约定的住院治疗，对于必要且合理的住院医疗费用，我们仍承担给付基本医疗保险 范围外医疗保险金的责任。 （二）特殊门诊医疗费用 如果被保险人因意外伤害事故或因疾病经我们认可的医院的专科医生诊断必须接受特殊门诊治 疗，我们对被保险人在保险期间内实际发生的必要且合理的特殊门诊医疗费用按约定的给付方式给 付基本医疗保险范围外医疗保险金。 特殊门诊治疗包括以门诊方式接受的以下治疗： 1．肾透析治疗； 2．“恶性肿瘤——重度”治疗，包括化学疗法、放射疗法、肿瘤免疫疗法、肿瘤内分泌疗法、肿 费、手术检测费、手术辅助费、材料费、一次性用品费、术中用药费、手术设备费。 第 6 页 共 14 页 瘤靶向疗法； 3．器官移植后的门诊抗排异治疗。 （三）门诊'}, {'content': '药品监督管理总局批准用于临床治疗。 26 门诊手术医疗费用：指门急诊发生的合理且必要的手术医疗费用，包括外科医生费、手术室费、恢复室费、麻醉 第 5 页 共 14 页 付基本医疗保险范围内医疗保险金。 （四）住院前后门急诊医疗费用 如果被保险人因意外伤害事故或因疾病经我们认可的医院的专科医生诊断必须住院治疗，我们 对被保险人在住院前七日及住院后三十日内与该次住院相同原因而发生的门急诊医疗费用（不包括 门诊肾透析、门诊“恶性肿瘤——重度”治疗、器官移植后的门诊抗排异治疗费用和门诊手术医疗 费用）按约定的给付方式给付基本医疗保险范围内医疗保险金。 针对基本医疗保险范围内医疗保险金责任，本主险合同的给付比例为90%，但出现以下情况之一 时，给付比例为50%： （一）如果被保险人以已经参加公费医疗或基本医疗保险身份投保，但申请保险金前未通过公 费医疗、基本医疗保险或城乡居民大病保险结算； （二）如'}, {'content': '保险金 在本主险合同保险期间内，若被保险人因意外伤害事故或因疾病，在我们认可的医院进行治疗， 对于被保险人所发生的基本医疗保险范围外的必要且合理的下列（一）-（四）类医疗费用，我们按 以下公式给付基本医疗保险范围外医疗保险金： 基本医疗保险范围外医疗保险金＝（基本医疗保险范围外医疗费用-针对该医疗费用的补偿、赔 偿–年度免赔额）×50% （一）住院医疗费用 如果被保险人因意外伤害事故或因疾病经我们认可的医院的专科医生诊断必须住院治疗，我们 对被保险人在保险期间内实际发生的必要且合理的住院医疗费用按约定的给付方式给付基本医疗保 险范围外医疗保险金。 住院医疗费用具体包括床位费、膳食费、治疗费、医生诊疗费、手术费、药品费、检查化验费、 护理费、救护车费等。 若本主险合同不再续保，对保险期间届满前发生的且延续至保险期间届满后三十日（含）内的 符合本主险合同约定的住院治疗，对于必要且合理的住院医疗'}, {'content': '保障责任范围包括基本医疗保险范围内和基本医疗保险范围外的医疗保险金，涵盖住院医疗费用、特殊门诊医疗费用、门诊手术医疗费用、住院前后门急诊医疗费用。住院医疗费用包括床位费、膳食费、治疗费、医生诊疗费、手术费、药品费、检查化验费、护理费、救护车费等。特殊门诊医疗费用包括肾透析治疗、恶性肿瘤——重度治疗（化学疗法、放射疗法、肿瘤免疫疗法、肿瘤内分泌疗法、肿瘤靶向疗法）、器官移植后的门诊抗排异治疗。门诊手术医疗费用指门急诊发生的合理且必要的手术医疗费用。住院前后门急诊医疗费用指住院前七日及住院后三十日内与该次住院相同原因而发生的门急诊医疗费用。'}]","7, 24, 26, 27, 28, 29"
移小保康乐保医疗保险,产品：移小保康乐保医疗保险	问题：基本医疗保险范围内和范围外的理赔计算公式是什么？,"根据移小保康乐保医疗保险条款，理赔计算公式如下：

**一、基本医疗保险范围内医疗保险金计算公式**
基本医疗保险范围内医疗保险金＝（基本医疗保险范围内医疗费用 - 针对该医疗费用的补偿、赔偿 - 年度免赔额）×给付比例

**二、基本医疗保险范围外医疗保险金计算公式**  
基本医疗保险范围外医疗保险金＝（基本医疗保险范围外医疗费用 - 针对该医疗费用的补偿、赔偿 - 年度免赔额）×50%

**补充说明：**
1. **给付比例**：
   - 基本医疗保险范围内正常给付比例为90%
   - 以下情况给付比例降至50%：
     - 以医保身份投保但未通过医保结算
     - 投保后医保状态变更未及时申报

2. **保障范围**：
   - 住院医疗费用
   - 特殊门诊医疗费用
   - 门诊手术医疗费用  
   - 住院前后门急诊医疗费用（住院前7天+出院后30天）

3. **保险金额**：
   - 基本医疗保险范围内：100万元
   - 基本医疗保险范围外：50万元

4. **免赔额**：按保单年度计算，可从其他途径获得的医疗费用补偿中抵扣

建议理赔时提供完整的医疗费用清单及相关补偿证明，以确保理赔金额准确计算。","[{'content': '部分讲的是我们提供的保障以及我们提供保障的期间。 第一条 基本保险金额 本主险合同基本医疗保险范围内医疗保险金和基本医疗保险范围外医疗保险金的基本保险金额 分别为人民币 100 万元和人民币 50 万元。 第二条 保险责任 一、基本医疗保险范围内医疗保险金 在本主险合同保险期间内，若被保险人因意外伤害事故1或因疾病，在我们认可的医院2进行治疗， 对于被保险人所发生的基本医疗保险3范围内的必要且合理4的下列（一）-（四）类医疗费用，我们 按以下公式给付基本医疗保险范围内医疗保险金： 基本医疗保险范围内医疗保险金＝（基本医疗保险范围内医疗费用-针对该医疗费用的补偿、赔 偿5–年度免赔额）×给付比例 1 意外伤害事故：指遭受外来的、突发的、非本意的、非疾病的使身体受到伤害的客观事件，猝死不属于意外伤 害。猝死指表面健康的人因潜在疾病、机能障碍或者其他原因在出现症状后 24 小时内发生的非暴力性突'}, {'content': '给付比例为90%，但出现以下情况之一 时，给付比例为50%： （一）如果被保险人以已经参加公费医疗或基本医疗保险身份投保，但申请保险金前未通过公 费医疗、基本医疗保险或城乡居民大病保险结算； （二）如果被保险人以已经参加公费医疗或基本医疗保险的身份投保，但在发生属于本主险合 同保障范围内的意外伤害事故或疾病前，被保险人并不享有公费医疗或基本医疗保险，且未按本主 险合同约定申请公费医疗或基本医疗保险保障的状态变更。 我们在同一保单年度内累计给付的基本医疗保险范围内医疗保险金数额达到本主险合同约定的 基本医疗保险范围内医疗基本保险金额时，本项保险责任在该保单年度内终止。 二、基本医疗保险范围外医疗保险金 在本主险合同保险期间内，若被保险人因意外伤害事故或因疾病，在我们认可的医院进行治疗， 对于被保险人所发生的基本医疗保险范围外的必要且合理的下列（一）-（四）类医疗费用，我们按 以下公式给付基本'}, {'content': '药品监督管理总局批准用于临床治疗。 26 门诊手术医疗费用：指门急诊发生的合理且必要的手术医疗费用，包括外科医生费、手术室费、恢复室费、麻醉 第 5 页 共 14 页 付基本医疗保险范围内医疗保险金。 （四）住院前后门急诊医疗费用 如果被保险人因意外伤害事故或因疾病经我们认可的医院的专科医生诊断必须住院治疗，我们 对被保险人在住院前七日及住院后三十日内与该次住院相同原因而发生的门急诊医疗费用（不包括 门诊肾透析、门诊“恶性肿瘤——重度”治疗、器官移植后的门诊抗排异治疗费用和门诊手术医疗 费用）按约定的给付方式给付基本医疗保险范围内医疗保险金。 针对基本医疗保险范围内医疗保险金责任，本主险合同的给付比例为90%，但出现以下情况之一 时，给付比例为50%： （一）如果被保险人以已经参加公费医疗或基本医疗保险身份投保，但申请保险金前未通过公 费医疗、基本医疗保险或城乡居民大病保险结算； （二）如'}, {'content': '20 万元，从其他途径获得医疗费用补偿 1 万元，从其他途径获得的医疗费用补偿抵扣免赔额为 1 万元，此时该保单年度内的基本医疗保险范围外免赔额减少至 1 万元。在王先生获得理赔后，该保 单年度内的基本医疗保险范围外免赔额减少至 0 元。 本例中王先生为投保人、被保险人及受益人，招商局仁和人寿保险股份有限公司为保险人。 保险金 领取人 领取金额 领取条件 基本医疗保险范围内医 疗保险金 基本医疗保险范围外医 疗保险金 王先生 王先生 （20 万元-（5 万元+5 千元）-1.5 万元）\uf0cd90%=11.7 万元 （20 万元-1 万元-1 万元）\uf0cd50%=9 万元 王先生在保险期间内发生疾 病 王先生在保险期间内再次发 生疾病 我们在同一保单年度内累计给付的基本医疗保险范围内医疗保险金数额达到本主险合同约定的基本医疗保 险范围内医疗基本保险金额时，本项保险责任在该保单年度内终止；我们在同一保'}, {'content': '疗法、肿瘤免疫疗法、肿瘤内分泌疗法、肿 费、手术检测费、手术辅助费、材料费、一次性用品费、术中用药费、手术设备费。 第 6 页 共 14 页 瘤靶向疗法； 3．器官移植后的门诊抗排异治疗。 （三）门诊手术医疗费用 如果被保险人因意外伤害事故或因疾病经我们认可的医院的专科医生诊断必须接受门诊手术治 疗，我们对被保险人在保险期间内实际发生的必要且合理的门诊手术医疗费用按约定的给付方式给 付基本医疗保险范围外医疗保险金。 （四）住院前后门急诊医疗费用 如果被保险人因意外伤害事故或因疾病经我们认可的医院的专科医生诊断必须住院治疗，我们 对被保险人在住院前七日及住院后三十日内与该次住院相同原因而发生的门急诊医疗费用（不包括 门诊肾透析、门诊“恶性肿瘤——重度”治疗、器官移植后的门诊抗排异治疗费用和门诊手术医疗 费用）按约定的给付方式给付基本医疗保险范围外医疗保险金。 本主险合同的基本医疗保险范围外医'}, {'content': '保险金 在本主险合同保险期间内，若被保险人因意外伤害事故或因疾病，在我们认可的医院进行治疗， 对于被保险人所发生的基本医疗保险范围外的必要且合理的下列（一）-（四）类医疗费用，我们按 以下公式给付基本医疗保险范围外医疗保险金： 基本医疗保险范围外医疗保险金＝（基本医疗保险范围外医疗费用-针对该医疗费用的补偿、赔 偿–年度免赔额）×50% （一）住院医疗费用 如果被保险人因意外伤害事故或因疾病经我们认可的医院的专科医生诊断必须住院治疗，我们 对被保险人在保险期间内实际发生的必要且合理的住院医疗费用按约定的给付方式给付基本医疗保 险范围外医疗保险金。 住院医疗费用具体包括床位费、膳食费、治疗费、医生诊疗费、手术费、药品费、检查化验费、 护理费、救护车费等。 若本主险合同不再续保，对保险期间届满前发生的且延续至保险期间届满后三十日（含）内的 符合本主险合同约定的住院治疗，对于必要且合理的住院医疗'}, {'content': '保障责任范围包括基本医疗保险范围内和基本医疗保险范围外的医疗保险金，涵盖住院医疗费用、特殊门诊医疗费用、门诊手术医疗费用、住院前后门急诊医疗费用。住院医疗费用包括床位费、膳食费、治疗费、医生诊疗费、手术费、药品费、检查化验费、护理费、救护车费等。特殊门诊医疗费用包括肾透析治疗、恶性肿瘤——重度治疗（化学疗法、放射疗法、肿瘤免疫疗法、肿瘤内分泌疗法、肿瘤靶向疗法）、器官移植后的门诊抗排异治疗。门诊手术医疗费用指门急诊发生的合理且必要的手术医疗费用。住院前后门急诊医疗费用指住院前七日及住院后三十日内与该次住院相同原因而发生的门急诊医疗费用。'}]","3, 7, 24, 25, 26, 28"
移小保康乐保医疗保险,产品：移小保康乐保医疗保险	问题：同一保单年度内多次理赔会影响保额吗？,"根据移小保康乐保医疗保险条款规定：

**同一保单年度内的多次理赔会影响保额。**

具体说明如下：

1. **保额限制机制**：
   - 基本医疗保险范围内医疗保险金：年度保额100万元
   - 基本医疗保险范围外医疗保险金：年度保额50万元

2. **理赔累计规则**：
   - 在同一保单年度内，保险公司累计给付的基本医疗保险范围内医疗保险金达到100万元时，该项保险责任在该保单年度内终止
   - 在同一保单年度内，保险公司累计给付的基本医疗保险范围外医疗保险金达到50万元时，该项保险责任在该保单年度内终止

3. **免赔额规则**：
   - 每个保单年度内免赔额为2万元
   - 通过其他途径获得的医疗费用补偿可用于抵扣年度免赔额

**总结**：每次理赔都会累计计入年度保额，当累计理赔金额达到相应保险责任的年度保额上限时，该保险责任在当年度终止，但另一项保险责任仍可继续使用。","[{'content': '急诊医疗费用（不包括 门诊肾透析、门诊“恶性肿瘤——重度”治疗、器官移植后的门诊抗排异治疗费用和门诊手术医疗 费用）按约定的给付方式给付基本医疗保险范围外医疗保险金。 本主险合同的基本医疗保险范围外医疗保险金在每个保单年度内对应的免赔额为 2 万元。公费 医疗、基本医疗保险或城乡居民大病保险报销部分不可用于抵扣年度免赔额；通过其他途径获得的 医疗费用补偿可用于抵扣年度免赔额。 我们在同一保单年度内累计给付的基本医疗保险范围外医疗保险金数额达到本主险合同约定的 基本医疗保险范围外医疗基本保险金额时，本项保险责任在该保单年度内终止。 第三条 保险期间 本主险合同的保险期间为一年，自本主险合同生效日零时起至约定期满日二十四时止，并在保 险单上载明。 第四条 不保证续保 本主险合同为不保证续保合同。 本产品保险期间为一年。保险期间届满，您需要重新向我们申请投保本产品，并经我们同意， 交纳保险费，获'}, {'content': '王先生在保险期间内再次发 生疾病 我们在同一保单年度内累计给付的基本医疗保险范围内医疗保险金数额达到本主险合同约定的基本医疗保 险范围内医疗基本保险金额时，本项保险责任在该保单年度内终止；我们在同一保单年度内累计给付的基本 医疗保险范围外医疗保险金数额达到本主险合同约定的基本医疗保险范围外医疗基本保险金额时，本项保 险责任在该保单年度内终止。 以上举例仅供您更好地理解产品之用，您所购买产品的具体保险利益以保险合同中载明的为准。 第 1 页 共 14 页 您应当特别注意的事项 在责任免除的情况下，我们不承担保险责任..............................第五条、第六条 解除保险合同会给您造成一定的损失，请您慎重决策............................第十四条 请您特别注意一些重要术语的释义................................'}, {'content': '部分讲的是我们提供的保障以及我们提供保障的期间。 第一条 基本保险金额 本主险合同基本医疗保险范围内医疗保险金和基本医疗保险范围外医疗保险金的基本保险金额 分别为人民币 100 万元和人民币 50 万元。 第二条 保险责任 一、基本医疗保险范围内医疗保险金 在本主险合同保险期间内，若被保险人因意外伤害事故1或因疾病，在我们认可的医院2进行治疗， 对于被保险人所发生的基本医疗保险3范围内的必要且合理4的下列（一）-（四）类医疗费用，我们 按以下公式给付基本医疗保险范围内医疗保险金： 基本医疗保险范围内医疗保险金＝（基本医疗保险范围内医疗费用-针对该医疗费用的补偿、赔 偿5–年度免赔额）×给付比例 1 意外伤害事故：指遭受外来的、突发的、非本意的、非疾病的使身体受到伤害的客观事件，猝死不属于意外伤 害。猝死指表面健康的人因潜在疾病、机能障碍或者其他原因在出现症状后 24 小时内发生的非暴力性突'}, {'content': '照状态变 更后的标准收取保险费，并按照以下方式处理本主险合同保险费： 一、如果被保险人的状态变更为不享有公费医疗或基本医疗保险，您应向我们补交自申请日起 至下一个保险费约定支付日期间变更前后保险费的差额。 二、如果被保险人的状态变更为享有公费医疗或基本医疗保险，我们会向您退还申请日起至下 一个保险费约定支付日期间变更前后现金价值的差额。 我们将以书面形式或者双方认可的其他形式确认您变更被保险人公费医疗或基本医疗保险状态 的申请。被保险人公费医疗或基本医疗保险状态变更确认前您已经支付的保险费不受影响。 第二十二条 争议处理 因履行本主险合同发生的争议，合同双方不能通过协商解决的，可以达成仲裁协议通过仲裁解 决，或者依法向人民法院提起诉讼。 <本页内容结束> 第 14 页 共 14 页'}, {'content': '（3）公费医疗、国家公务员医疗补助已支付的部分； 第 3 页 共 14 页 年度免赔额指一个保单年度6内的免赔额，即被保险人自行承担，本主险合同不予赔偿的部分， 本主险合同的基本医疗保险范围内医疗保险金在每个保单年度内对应的免赔额为 2 万元。公费医疗 7、基本医疗保险或城乡居民大病保险8报销部分不可用于抵扣年度免赔额；通过其他途径获得的医疗 费用补偿可用于抵扣年度免赔额。 （一）住院医疗费用 如果被保险人因意外伤害事故或因疾病经我们认可的医院的专科医生9诊断必须住院10治疗，我 们对被保险人在保险期间内实际发生的必要且合理的住院医疗费用按约定的给付方式给付基本医疗 保险范围内医疗保险金。 住院医疗费用具体包括床位费11、膳食费12、治疗费13、医生诊疗费14、手术费15、药品费16、检查 化验费17、护理费18、救护车费19等。 若本主险合同不再续保，对保险期间届满前发生的且延续至保险期'}, {'content': '20 万元，从其他途径获得医疗费用补偿 1 万元，从其他途径获得的医疗费用补偿抵扣免赔额为 1 万元，此时该保单年度内的基本医疗保险范围外免赔额减少至 1 万元。在王先生获得理赔后，该保 单年度内的基本医疗保险范围外免赔额减少至 0 元。 本例中王先生为投保人、被保险人及受益人，招商局仁和人寿保险股份有限公司为保险人。 保险金 领取人 领取金额 领取条件 基本医疗保险范围内医 疗保险金 基本医疗保险范围外医 疗保险金 王先生 王先生 （20 万元-（5 万元+5 千元）-1.5 万元）\uf0cd90%=11.7 万元 （20 万元-1 万元-1 万元）\uf0cd50%=9 万元 王先生在保险期间内发生疾 病 王先生在保险期间内再次发 生疾病 我们在同一保单年度内累计给付的基本医疗保险范围内医疗保险金数额达到本主险合同约定的基本医疗保 险范围内医疗基本保险金额时，本项保险责任在该保单年度内终止；我们在同一保'}, {'content': '基本医疗保险范围内医疗保险金100万元，基本医疗保险范围外医疗保险金50万元。'}]","3, 4, 7, 11, 29, 56"
移小保康乐保医疗保险,产品：移小保康乐保医疗保险	问题：投保时需要提供哪些健康告知？,"根据移小保康乐保医疗保险条款第十七条关于""明确说明与如实告知""的规定：

**投保时需要提供的健康告知包括：**

1. **如实回答保险公司的询问** - 在投保过程中，保险公司会对您和被保险人的有关情况进行询问，您必须如实告知

2. **告知义务的重要性**：
   - 如果故意不履行如实告知义务，保险公司有权解除合同，且对解除前发生的保险事故不承担保险责任，并不退还保险费
   - 如果因重大过失未履行如实告知义务，对保险事故的发生有严重影响的，保险公司不承担保险责任，但会无息退还保险费

**特别提醒**：
- 保险公司在订立合同时已知道您未如实告知情况的，不得解除合同
- 保险公司的合同解除权，自知道有解除事由之日起30日内不行使而消灭

建议在投保时仔细阅读健康告知问卷，对保险公司的所有询问都如实回答，避免因未如实告知而影响后续的保险权益。","[{'content': '交保险费 所保障期间的已经过日数/该月交保险费所保障期间的日数），经过日数不足 1 日的按 1 日计算。 第 12 页 共 14 页 合同生效日为基准计算。 我们自本主险合同生效时开始承担保险责任。 第十七条 明确说明与如实告知 订立本主险合同时，我们应向您说明本主险合同的内容。 对保险条款中免除我们责任的条款，我们在订立合同时应当在投保单、保险单或者其他保险凭 证上作出足以引起您注意的提示，并对该条款的内容以书面或者口头形式向您作出明确说明，未作 提示或者明确说明的，该条款不产生效力。 我们就您和被保险人的有关情况提出询问，您应当如实告知。 如果您故意或者因重大过失未履行前款规定的如实告知义务，足以影响我们决定是否同意承保 或者提高保险费率的，我们有权解除本主险合同。 如果您故意不履行如实告知义务，对于本主险合同解除前发生的保险事故，我们不承担给付保 险金的责任，并不退还保险费。 如果您'}, {'content': '神和行为障碍（以世界卫生组织颁布的《疾病和有关健康问题 的国际统计分类第十次修订版（ICD-10）》为准），服用、吸食或注射毒品29或未遵医嘱使用管制药品 30； 五、被保险人酒后驾驶31，无合法有效驾驶证驾驶32，或驾驶无合法有效行驶证33的机动车34； 六、战争、军事冲突、暴乱或武装叛乱； 七、核爆炸、核辐射或核污染； 八、 遗传性疾病35，先天性畸形、变形或染色体异常36，但本主险合同另有约定的除外； 九、被保险人进行牙齿修复或整形、屈光矫正、美容或整容手术、变性手术及心理咨询，但因 意外导致的外科整形手术不受此限； 十、被保险人进行义眼、助听器、义肢或其他附属品之装配； 十一、 被保险人未遵医嘱，私自服用、涂用、注射处方药物，但按使用说明的规定使用非处方 药37不在此限； 十二、 被保险人因产前产后检查、妊娠、流产（含人工流产）、分娩（含剖腹产）、避孕、绝育 手术、治疗不孕不育症以'}, {'content': '装置驱动或牵引，上道路行驶的供人员乘坐或用于运送物品及进行工程专项作业的轮式车辆。 35 遗传性疾病：指生殖细胞或受精卵的遗传物质（染色体和基因）发生突变或畸变所引起的疾病，通常具有由亲代 传至后代的垂直传递的特征。 36 先天性畸形、变形或染色体异常：指被保险人出生时就具有的畸形、变形或染色体异常。先天性畸形、变形或染 色体异常依照世界卫生组织《疾病和有关健康问题的国际统计分类》第十次修订版（ICD-10）确定。 37 非处方药：指在使用药品当时，由国务院药品监督管理部门公布的，不需要凭执业医师和执业助理医师处方，消 费者可以自行判断、购买和使用的药品。 38 既往症：指在本主险合同生效日之前罹患的被保险人已知或者应该知道的有关疾病。包括下列情形之一： （1）本主险合同生效日之前，医生已有诊断，长期治疗未间断； （2）本主险合同生效日之前，医生已有诊断，治疗后症状未完全消失，有间断用药情'}, {'content': '王先生在保险期间内再次发 生疾病 我们在同一保单年度内累计给付的基本医疗保险范围内医疗保险金数额达到本主险合同约定的基本医疗保 险范围内医疗基本保险金额时，本项保险责任在该保单年度内终止；我们在同一保单年度内累计给付的基本 医疗保险范围外医疗保险金数额达到本主险合同约定的基本医疗保险范围外医疗基本保险金额时，本项保 险责任在该保单年度内终止。 以上举例仅供您更好地理解产品之用，您所购买产品的具体保险利益以保险合同中载明的为准。 第 1 页 共 14 页 您应当特别注意的事项 在责任免除的情况下，我们不承担保险责任..............................第五条、第六条 解除保险合同会给您造成一定的损失，请您慎重决策............................第十四条 请您特别注意一些重要术语的释义................................'}, {'content': '部分讲的是我们提供的保障以及我们提供保障的期间。 第一条 基本保险金额 本主险合同基本医疗保险范围内医疗保险金和基本医疗保险范围外医疗保险金的基本保险金额 分别为人民币 100 万元和人民币 50 万元。 第二条 保险责任 一、基本医疗保险范围内医疗保险金 在本主险合同保险期间内，若被保险人因意外伤害事故1或因疾病，在我们认可的医院2进行治疗， 对于被保险人所发生的基本医疗保险3范围内的必要且合理4的下列（一）-（四）类医疗费用，我们 按以下公式给付基本医疗保险范围内医疗保险金： 基本医疗保险范围内医疗保险金＝（基本医疗保险范围内医疗费用-针对该医疗费用的补偿、赔 偿5–年度免赔额）×给付比例 1 意外伤害事故：指遭受外来的、突发的、非本意的、非疾病的使身体受到伤害的客观事件，猝死不属于意外伤 害。猝死指表面健康的人因潜在疾病、机能障碍或者其他原因在出现症状后 24 小时内发生的非暴力性突'}, {'content': '务，足以影响我们决定是否同意承保 或者提高保险费率的，我们有权解除本主险合同。 如果您故意不履行如实告知义务，对于本主险合同解除前发生的保险事故，我们不承担给付保 险金的责任，并不退还保险费。 如果您因重大过失未履行如实告知义务，对保险事故的发生有严重影响的，对于本主险合同解 除前发生的保险事故，我们不承担给付保险金的责任，但应当无息退还保险费。 我们在合同订立时已经知道您未如实告知的情况的，我们不得解除合同；发生保险事故的，我 们承担给付保险金的责任。 上述合同解除权，自我们知道有解除事由之日起，超过三十日不行使而消灭。 第十八条 年龄确定与错误处理 一、 被保险人的投保年龄以法定证件登记的周岁51计算，且须符合我们当时的投保规定。 二、 您在申请投保时，应将与有效身份证件相符的被保险人的出生日期在投保单上填明，如果 发生错误按照下列方式办理： （一）您申报的被保险人年龄不真实，并且其真'}, {'content': '无对应取值。'}]","4, 7, 31, 35, 51, 52"
移小保康乐保医疗保险,产品：移小保康乐保医疗保险	问题：这款产品适合哪些人群购买？,"根据移小保康乐保医疗保险条款内容，该产品适合以下人群购买：

1. **有基本医疗保险的人群**：产品设计针对已参加职工医保、居民医保等基本医疗保险的人群，提供基本医保范围内外的补充医疗保障

2. **寻求高额医疗保障的群体**：
   - 基本医保范围内医疗保额最高100万元
   - 基本医保范围外医疗保额最高50万元
   - 适合希望获得高额医疗费用保障的用户

3. **注重性价比的年轻人群**：
   - 以30周岁有社保用户为例，首年保费仅123元
   - 保费相对较低，适合预算有限但需要基础医疗保障的用户

4. **需要短期医疗保障的用户**：
   - 保险期间为一年
   - 属于不保证续保产品，适合短期医疗保障需求

5. **能够接受2万元免赔额的用户**：
   - 基本医保范围外医疗有2万元年度免赔额
   - 适合能够承担这部分自付费用的用户

**注意事项**：该产品不保证续保，保险期满需重新投保并经保险公司审核同意。","[{'content': '招商仁和[2021] 医疗保险 051 号 招商仁和康乐保医疗保险（互联网）条款 请扫描以查询验证条款 阅 读 指 引 本．阅读指引有助于您 ．．．．．．．．（投保人，以下含义相同） ．．．．．．．．．．．．．．．．．．．．．． ．．．．．．．．．．．．理解条款，对本主险合同内容的解释以条款为准。 重要权益 招商仁和康乐保医疗保险（互联网）产品提供医疗保障。 ☆ 投保人指购买保险并交纳保险费的人。 常用术语 ☆ 被保险人指受保险合同保障的人。 ☆ 受益人指发生保险事故后领取保险金的人。 ☆ 保险人指招商局仁和人寿保险股份有限公司。 投保案例 王先生（30 周岁,有社保）为自己购买了招商仁和康乐保医疗保险（互联网），基本医疗保险范围 内医疗保险金和基本医疗保险范围外医疗保险金的基本保险金额分别为人民币 100 万元和人民币 50 万元，首次投保保险费为 123 元。在保险期间内王先生因疾病发'}, {'content': '零时起至约定期满日二十四时止，并在保 险单上载明。 第四条 不保证续保 本主险合同为不保证续保合同。 本产品保险期间为一年。保险期间届满，您需要重新向我们申请投保本产品，并经我们同意， 交纳保险费，获得新的保险合同。 第二章 我们不保什么 这部分讲的是我们不承担保险责任的情况。 第五条 责任免除 因下列情形之一导致被保险人发生医疗费用的，我们不承担给付保险金的责任： 一、投保人对被保险人的故意杀害、故意伤害； 二、被保险人故意犯罪或者抗拒依法采取的刑事强制措施； 三、被保险人自杀或故意自伤，但被保险人自杀时为无民事行为能力人的除外； 第 7 页 共 14 页 四、被保险人殴斗27，醉酒28，精神和行为障碍（以世界卫生组织颁布的《疾病和有关健康问题 的国际统计分类第十次修订版（ICD-10）》为准），服用、吸食或注射毒品29或未遵医嘱使用管制药品 30； 五、被保险人酒后驾驶31，无合法有效'}, {'content': '王先生在保险期间内再次发 生疾病 我们在同一保单年度内累计给付的基本医疗保险范围内医疗保险金数额达到本主险合同约定的基本医疗保 险范围内医疗基本保险金额时，本项保险责任在该保单年度内终止；我们在同一保单年度内累计给付的基本 医疗保险范围外医疗保险金数额达到本主险合同约定的基本医疗保险范围外医疗基本保险金额时，本项保 险责任在该保单年度内终止。 以上举例仅供您更好地理解产品之用，您所购买产品的具体保险利益以保险合同中载明的为准。 第 1 页 共 14 页 您应当特别注意的事项 在责任免除的情况下，我们不承担保险责任..............................第五条、第六条 解除保险合同会给您造成一定的损失，请您慎重决策............................第十四条 请您特别注意一些重要术语的释义................................'}, {'content': '、患性病引起的医疗费用； 二十三、 不符合入院标准、挂床住院或住院病人应当出院而拒不出院（从医院确定出院之日起 发生的一切医疗费用）； 二十四、 被保险人接受实验性治疗48，即未经科学或医学认可的医疗； 二十五、 各类医疗鉴定，包括但不限于医疗事故鉴定、精神病鉴定、孕妇胎儿性别鉴定、验伤 鉴定、亲子鉴定、遗传基因鉴定费用。 第六条 其他免责条款 除“第五条 责任免除”外，本主险合同中还有一些免除我们责任的条款，详见“第二条 保险 责任”、“第八条 保险合同效力的中止”、“第十一条 保险事故的通知”、“第十四条 您解除合 同的手续及风险”、“第十七条 明确说明与如实告知”、“第十八条 年龄确定与错误处理”、“脚 注1 意外伤害事故”、“脚注2 我们认可的医院”、“脚注10 住院”、“脚注12 膳食费”、“脚 注13 治疗费”、“脚注15 手术费”、“脚注16 药品费”、“脚注20 恶性肿瘤—'}, {'content': '急诊医疗费用（不包括 门诊肾透析、门诊“恶性肿瘤——重度”治疗、器官移植后的门诊抗排异治疗费用和门诊手术医疗 费用）按约定的给付方式给付基本医疗保险范围外医疗保险金。 本主险合同的基本医疗保险范围外医疗保险金在每个保单年度内对应的免赔额为 2 万元。公费 医疗、基本医疗保险或城乡居民大病保险报销部分不可用于抵扣年度免赔额；通过其他途径获得的 医疗费用补偿可用于抵扣年度免赔额。 我们在同一保单年度内累计给付的基本医疗保险范围外医疗保险金数额达到本主险合同约定的 基本医疗保险范围外医疗基本保险金额时，本项保险责任在该保单年度内终止。 第三条 保险期间 本主险合同的保险期间为一年，自本主险合同生效日零时起至约定期满日二十四时止，并在保 险单上载明。 第四条 不保证续保 本主险合同为不保证续保合同。 本产品保险期间为一年。保险期间届满，您需要重新向我们申请投保本产品，并经我们同意， 交纳保险费，获'}, {'content': '机构基本标准的二级或二级以上医院的不受此限）、民营医院等。若本主险合同 中附有关于医院范围的特别约定，则具体医院范围以此特别约定为准。若被保险人因情况紧急必须立即就医的除 外，但需待病情稳定后转入认可医院。 3 基本医疗保险：指职工基本医疗保险、城镇居民基本医疗保险、新型农村合作医疗等政府举办的基本医疗保障项 目。 4 必要且合理：指同时满足以下两个条件： （1）医学必要：指被保险人接受治疗或服务、使用器械或服用药品符合以下条件： a.医生处方要求且对治疗被保险人疾病或伤害合适且必需； b.在范围、持续期、强度、护理上不超过为被保险人提供安全、恰当、合适的诊断或治疗所需的水平； c.与接受治疗当地普遍接受的医疗专业实践标准一致； d.非主要为了个人舒适或者为了被保险人父母、家庭、医师或其他医疗提供方的方便； e.非病人学术教育或职业培训的一部分或与之相关； f.非试验性或研究性。 （2）符'}, {'content': '无对应取值。'}]","1, 4, 9, 29, 30, 38"
青云卫5号少儿重疾险,产品：青云卫5号少儿重疾险	问题：视力严重受损的理赔需要满足哪些具体条件？,"根据青云卫5号少儿重疾险条款，关于视力严重受损的理赔条件如下：

**视力严重受损——三周岁后始理赔**
指因疾病或者意外伤害导致双眼视力永久不可逆性丧失，且未达到重大疾病""双目失明""的给付标准，须满足下列条件之一：

1. 双眼中较好眼矫正视力低于0.1（采用国际标准视力表，如使用其他视力表应进行换算）
2. 双眼中较好眼视野半径小于20度

**重要说明：**
- 被保险人申请理赔时年龄必须满三周岁
- 三周岁之前因疾病导致的视力丧失不在保障范围内
- 该保障属于轻症疾病保险责任
- 对""视力严重受损""、""单目失明""、""角膜移植术""和""糖尿病视网膜增生性病变""四项中的其中一项承担保险责任，给付其中一项保险金后，对另三项轻症疾病保险责任同时终止

**理赔所需材料：**
需要提供医院专科医生出具的相关诊断证明和视力检查报告。","[{'content': '医院的神经科专科医 生确诊，并须满足下列所有条件： 1．步态共济失调； 2．对称性眼球垂直运动障碍； 第 33 页 共 48 页 3．假性球麻痹，表现为构音障碍和吞咽困难。 六十四、失去一肢及一眼 因疾病或意外伤害导致单眼视力丧失及任何一肢自腕关节或踝关节近端（靠近躯干端）以上完 全性断离。 单眼视力丧失指单眼视力永久不可逆性丧失，患眼须满足下列至少一项条件： 1．眼球缺失或摘除； 2．矫正视力低于0.02（采用国际标准视力表，如果使用其他视力表应进行换算）； 3．视野半径小于5度。 被保险人在三周岁之前因疾病导致单眼视力丧失不在保障范围内。 六十五、嗜铬细胞瘤 是指肾上腺或嗜铬外组织出现神经内分泌肿瘤，并分泌过多的儿茶酚胺类，需要确实进行手术 以切除肿瘤。嗜铬细胞瘤的诊断必须由内分泌专科医生确定。 六十六、颅脑手术 被保险人确已实施全麻下的开颅手术（不包括颅骨钻孔手术和经鼻蝶窦入颅手术）'}, {'content': '列至少一项条件： 1．眼球缺失或摘除； 2．矫正视力低于0.02（采用国际标准视力表，如果使用其他视力表应进行换算）； 3．视野半径小于5度。 被保险人在三周岁之前因疾病导致单眼视力丧失不在保障范围内。 六十五、嗜铬细胞瘤 是指肾上腺或肾上腺外嗜铬组织出现神经内分泌肿瘤，并分泌过多的儿茶酚胺类，实际实施了 手术切除肿瘤的治疗。嗜铬细胞瘤的诊断须经相关专科医生确定。 六十六、颅脑手术 被保险人因疾病实际实施了全麻下的开颅手术（以切开硬脑膜为准，且不包括颅骨钻孔手术和 经鼻蝶窦入颅手术）。理赔时必须提供由专科神经外科医生出具的诊断书及手术证明。 因外伤而实施的颅脑手术、因先天性脑部疾病或畸形而实施的脑部手术、由神经内镜技术实施 的颅脑手术及因脑垂体瘤、脑囊肿、脑动脉瘤及脑血管瘤而进行的开颅手术不在保障范围内。 六十七、严重自身免疫性肝炎 自身免疫性肝炎是一种原因不明的慢性肝脏的坏死性炎性疾病，'}, {'content': '大脑内分流 器”三项中的其中一项承担保险责任，给付其中一项保险金后，对另两项轻症疾病保险责任同时终 止。 八、 角膜移植术 指为增进视力或治疗某些角膜疾患，实际实施了角膜的异体移植手术。手术必须在我们认可的 医院的专科医生认为是医疗必须的情况下进行。 我们对“视力严重受损——三周岁后始理赔”、“单目失明——三周岁后始理赔”、“角膜移植 术”和“糖尿病视网膜增生性病变”四项中的其中一项承担保险责任，给付其中一项保险金后，对 另三项轻症疾病保险责任同时终止。 九、 单目失明——三周岁后始理赔 第 25 页 共 70 页 指因疾病或意外伤害导致单眼视力永久不可逆45性丧失，但未达到本主险合同所指重大疾病 “双目失明——三周岁后始理赔”的给付标准，但患眼须满足下列至少一项条件： 1.眼球缺失或摘除； 2.矫正视力低于 0.02（采用国际标准视力表，如果使用其他视力表应进行换算）； 3.视野半径小于'}, {'content': '2．矫正视力低于0.02（采用国际标准视力表，如果使用其他视力表应进行换算）； 3．视野半径小于5度。 被保险人在三周岁之前因疾病导致单眼视力丧失不在保障范围内。 第 49 页 共 70 页 六十五、嗜铬细胞瘤 是指肾上腺或肾上腺外嗜铬组织出现神经内分泌肿瘤，并分泌过多的儿茶酚胺类，实际实施了 手术切除肿瘤的治疗。嗜铬细胞瘤的诊断须经相关专科医生确定。 六十六、颅脑手术 被保险人因疾病实际实施了全麻下的开颅手术（以切开硬脑膜为准，且不包括颅骨钻孔手术和 经鼻蝶窦入颅手术）。理赔时必须提供由专科神经外科医生出具的诊断书及手术证明。 因外伤而实施的颅脑手术、因先天性脑部疾病或畸形而实施的脑部手术、由神经内镜技术实施 的颅脑手术及因脑垂体瘤、脑囊肿、脑动脉瘤及脑血管瘤而进行的开颅手术不在保障范围内。 六十七、严重自身免疫性肝炎 自身免疫性肝炎是一种原因不明的慢性肝脏的坏死性炎性疾病，机体免疫机制'}, {'content': 'HA）心功能状态分级Ⅳ级。诊断需要 由心脏科专家确诊，并且心导管检查报告显示静息状态下肺动脉平均压超过36mmHg（含）。 所有先天性心脏疾病直接或间接引起的肺动脉高压也不在保障范围内。 六十三、严重进行性核上性麻痹 一种隐袭起病、逐渐加重的神经系统变性疾病。本疾病必须由我们认可的医院的神经科专科医 生确诊，并须满足下列所有条件： 1．步态共济失调； 2．对称性眼球垂直运动障碍； 3．假性球麻痹，表现为构音障碍和吞咽困难。 六十四、失去一肢及一眼 因疾病或意外伤害导致单眼视力丧失及任何一肢自腕关节或踝关节近端（靠近躯干端）以上完 全性断离。 单眼视力丧失指单眼视力永久不可逆性丧失，患眼须满足下列至少一项条件： 1．眼球缺失或摘除； 2．矫正视力低于0.02（采用国际标准视力表，如果使用其他视力表应进行换算）； 3．视野半径小于5度。 被保险人在三周岁之前因疾病导致单眼视力丧失不在保障范围内'}, {'content': '须经相关专科医生确诊，并且未达到本主险合同所指重大疾 病“系统性红斑狼疮 －（并发）Ⅲ型或以上狼疮性肾炎”或“严重慢性肾衰竭”的给付标准，且须 满足下列至少三项条件： 1.关节炎：非磨损性关节炎，需涉及两个或两个以上关节； 2.浆膜炎：胸膜炎或心包炎； 3.肾病：24 小时尿蛋白定量达到 0.5 克，或尿液检查出现细胞管型； 4.血液学异常：溶血性贫血、白细胞减少、或血小板减少； 5.抗核抗体阳性、或抗 dsDNA 阳性，或抗 Smith 抗体阳性。 十五、 视力严重受损——三周岁后始理赔 指因疾病或者意外伤害导致双眼视力永久不可逆性丧失，且未达到本主险合同所指重大疾病“双 目失明——三周岁后始理赔”的给付标准，但满足下列条件之一： 1.双眼中较好眼矫正视力低于 0.1（采用国际标准视力表，如果使用其他视力表应进行换算）； 2.双眼中较好眼视野半径小于 20 度。 被保险人申请理赔时年龄必'}, {'content': ""Request error occurred: HTTPSConnectionPool(host='jiutian.10086.cn', port=443): Read timed out. (read timeout=30)""}]","87, 88"
青云卫5号少儿重疾险,产品：青云卫5号少儿重疾险	问题：三周岁以下的儿童如果出现视力问题能否获得理赔？,"根据青云卫5号少儿重疾险的条款内容，关于三周岁以下儿童视力问题的理赔规定如下：

**三周岁以下的儿童因疾病导致的视力问题无法获得理赔**。

具体依据条款内容：
1. **单目失明**条款明确注明：""被保险人在三周岁之前因疾病导致单眼视力丧失不在保障范围内""
2. **视力严重受损**条款规定：""被保险人申请理赔时年龄必须在三周岁以上""

**例外情况**：
- 如果三周岁以下儿童因**意外伤害**导致视力问题，可能符合理赔条件
- 如果需要进行**角膜移植手术**，且符合医疗必须的条件，可以获得理赔

**建议**：
如果孩子确实出现视力问题，建议：
1. 确认是疾病还是意外导致
2. 咨询保险公司确认具体理赔条件
3. 保留所有医疗记录和诊断证明

请注意，最终理赔以保险合同具体约定和保险公司的审核为准。","[{'content': '动：自己上下床或上下轮椅； （4）如厕：自己控制进行大小便； （5）进食：自己从已准备好的碗或碟中取食物放入口中； （6）洗澡：自己进行淋浴或盆浴。 六项基本日常生活活动能力的鉴定不适用于 0-3 周岁幼儿。 31 永久不可逆：指自疾病确诊或意外伤害发生之日起，经过积极治疗 180 天后，仍无法通过现有医疗手段恢复。 第 12 页 共 48 页 1.脑垂体瘤； 2.脑囊肿； 3.脑动脉瘤、脑血管瘤。 八、 角膜移植 指为增进视力或治疗某些角膜疾患，已经实施了异体的角膜移植手术。此手术必须在我们认可 的医院内由专科医生认为是医疗必须的情况下进行。 九、 单目失明——三周岁后始理赔 指因疾病或意外伤害导致单眼视力永久不可逆性丧失，但未达到本附加合同所指重大疾病“双 目失明——三周岁后始理赔”的给付标准，但患眼须满足下列至少一项条件： 1.眼球缺失或摘除； 2.矫正视力低于 0.02（采用国际标'}, {'content': '己上下床或上下轮椅； （4）如厕：自己控制进行大小便； （5）进食：自己从已准备好的碗或碟中取食物放入口中； （6）洗澡：自己进行淋浴或盆浴。 六项基本日常生活活动能力的鉴定不适用于 0-3 周岁幼儿。 第 24 页 共 69 页 实际接受了手术或者放射治疗，且未达到本主险合同重大疾病“颅脑手术”的给付标准。 1.脑垂体瘤； 2.脑囊肿； 3.脑动脉瘤、脑血管瘤。 我们对“微创颅脑手术”、“脑垂体瘤、脑囊肿、脑动脉瘤及脑血管瘤”和“植入大脑内分流 器”三项中的其中一项承担保险责任，给付其中一项保险金后，对另两项轻症疾病保险责任同时终 止。 八、 角膜移植术 指为增进视力或治疗某些角膜疾患，实际实施了角膜的异体移植手术。手术必须在我们认可的 医院的专科医生认为是医疗必须的情况下进行。 我们对“视力严重受损——三周岁后始理赔”、“单目失明——三周岁后始理赔”、“角膜移植 术”和“糖尿病视网膜增'}, {'content': '列至少一项条件： 1．眼球缺失或摘除； 2．矫正视力低于0.02（采用国际标准视力表，如果使用其他视力表应进行换算）； 3．视野半径小于5度。 被保险人在三周岁之前因疾病导致单眼视力丧失不在保障范围内。 六十五、嗜铬细胞瘤 是指肾上腺或肾上腺外嗜铬组织出现神经内分泌肿瘤，并分泌过多的儿茶酚胺类，实际实施了 手术切除肿瘤的治疗。嗜铬细胞瘤的诊断须经相关专科医生确定。 六十六、颅脑手术 被保险人因疾病实际实施了全麻下的开颅手术（以切开硬脑膜为准，且不包括颅骨钻孔手术和 经鼻蝶窦入颅手术）。理赔时必须提供由专科神经外科医生出具的诊断书及手术证明。 因外伤而实施的颅脑手术、因先天性脑部疾病或畸形而实施的脑部手术、由神经内镜技术实施 的颅脑手术及因脑垂体瘤、脑囊肿、脑动脉瘤及脑血管瘤而进行的开颅手术不在保障范围内。 六十七、严重自身免疫性肝炎 自身免疫性肝炎是一种原因不明的慢性肝脏的坏死性炎性疾病，'}, {'content': '2．矫正视力低于0.02（采用国际标准视力表，如果使用其他视力表应进行换算）； 3．视野半径小于5度。 被保险人在三周岁之前因疾病导致单眼视力丧失不在保障范围内。 第 49 页 共 70 页 六十五、嗜铬细胞瘤 是指肾上腺或肾上腺外嗜铬组织出现神经内分泌肿瘤，并分泌过多的儿茶酚胺类，实际实施了 手术切除肿瘤的治疗。嗜铬细胞瘤的诊断须经相关专科医生确定。 六十六、颅脑手术 被保险人因疾病实际实施了全麻下的开颅手术（以切开硬脑膜为准，且不包括颅骨钻孔手术和 经鼻蝶窦入颅手术）。理赔时必须提供由专科神经外科医生出具的诊断书及手术证明。 因外伤而实施的颅脑手术、因先天性脑部疾病或畸形而实施的脑部手术、由神经内镜技术实施 的颅脑手术及因脑垂体瘤、脑囊肿、脑动脉瘤及脑血管瘤而进行的开颅手术不在保障范围内。 六十七、严重自身免疫性肝炎 自身免疫性肝炎是一种原因不明的慢性肝脏的坏死性炎性疾病，机体免疫机制'}, {'content': '磨损性关节炎，需涉及两个或两个以上关节； （2）浆膜炎：胸膜炎或心包炎； （3）肾病：24 小时尿蛋白定量达到 0.5 克，或尿液检查出现细胞管型； （4）血液学异常：溶血性贫血、白细胞减少、或血小板减少； （5）抗核抗体阳性、或抗 dsDNA 阳性，或抗 Smith 抗体阳性。 2.系统性红斑狼疮的诊断必须由我们认可的医院的风湿科或免疫系统专科医生确定。 十五、 视力严重受损——三周岁后始理赔 指因疾病或者意外伤害导致双眼视力永久不可逆性丧失，且未达到本附加合同所指重大疾病“双 目失明——三周岁后始理赔”的给付标准，但满足下列条件之一： 1.双眼中较好眼矫正视力低于 0.1（采用国际标准视力表，如果使用其他视力表应进行换算）； 2.双眼中较好眼视野半径小于 20 度。 被保险人申请理赔时年龄必须在三周岁以上，并且提供视力丧失诊断及检查证据。 十六、 慢性肝功能衰竭 指因慢性肝脏疾病导致肝'}, {'content': '0 项，中症疾病共有 20 项，重大疾病共有 127 项，名称见附表 一，具体释义见本附加合同“第二十二条 轻症疾病的定义”、“第二十三条 中症疾病的定义”和 “第二十四条 重大疾病的定义”。 本附加合同所保障的保险合同载明于保险单上。 第三条 投保范围 本附加合同接受的被保险人的投保年龄范围为十八周岁9至六十周岁，且须符合投保当时我们的 规定。 第四条 保险期间 本附加合同的保险期间与主险合同相同。 第二章 我们不保什么 这部分讲的是我们不承担保险责任的情况。 失明：指包括眼球缺失或摘除、或不能辨别明暗、或仅能辨别眼前手动者，最佳矫正视力低于国际标准视力表 0.02， 或视野半径小于 5 度，并由我们指定的有资格的眼科医生出具医疗诊断证明。 关节机能丧失：指关节永久完全僵硬、或麻痹、或关节不能随意识活动。 咀嚼、吞咽机能丧失：指由于牙齿以外的原因引起器质障碍或机能障碍，以致不能作咀嚼、吞'}, {'content': ""Request error occurred: HTTPSConnectionPool(host='jiutian.10086.cn', port=443): Read timed out. (read timeout=30)""}]",88
青云卫5号少儿重疾险,产品：青云卫5号少儿重疾险	问题：心脏起搏器植入术的保障是否包含临时起搏器？,"根据青云卫5号少儿重疾险条款中关于""心脏起搏器植入术""的明确规定：

**临时心脏起搏器不在保障范围内**

条款第十条明确指出：
- 保障范围仅限于""为治疗严重心律失常实际实施了永久性心脏起搏器的植入手术""
- 明确说明""安装临时心脏起搏器不在保障范围内""
- 理赔时需要提供完整病历资料及手术记录，且必须是医疗必需的情况下进行的永久性起搏器植入

因此，该保险产品只承保永久性心脏起搏器的植入手术，不包含临时起搏器的安装。","[{'content': '视野半径小于 5 度。 诊断须在我们认可的医院内由眼科专科医生确认，并且提供理赔当时的视力丧失诊断及检查证 据。 被保险人申请理赔时年龄必须在三周岁以上，并且提供视力丧失诊断及检查证据。 我们对“视力严重受损——三周岁后始理赔”、“单目失明——三周岁后始理赔”、“角膜移植 术”和“糖尿病视网膜增生性病变”四项中的其中一项承担保险责任，给付其中一项保险金后，对 另三项轻症疾病保险责任同时终止。 十、心脏起搏器植入术 指为治疗严重心律失常实际实施了永久性心脏起搏器的植入手术。理赔时须提供完整病历资料 及手术记录，诊断及治疗均须在我们认可的医院的专科医生认为是医疗必须的情况下进行。并且未 达到本主险合同所指重大疾病“严重Ⅲ度房室传导阻滞”的给付标准。 安装临时心脏起搏器不在保障范围内。 十一、 轻度面部46烧伤 指面部烧伤程度为Ⅲ度，且Ⅲ度烧伤的面积达到面部表面积的 30％或者 30％以上，但未'}, {'content': '入术 指为治疗严重心律失常实际实施了永久性心脏起搏器的植入手术。理赔时须提供完整病历资料 及手术记录，诊断及治疗均须在我们认可的医院的专科医生认为是医疗必须的情况下进行。并且未 达到本主险合同所指重大疾病“严重Ⅲ度房室传导阻滞”的给付标准。 安装临时心脏起搏器不在保障范围内。 十一、 轻度面部46烧伤 指面部烧伤程度为Ⅲ度，且Ⅲ度烧伤的面积达到面部表面积的 30％或者 30％以上，但未达到面 部表面积的 60%。 若被保险人因同一原因导致其同时满足“全身较小面积Ⅲ度烧伤”、“轻度面部烧伤”的，仅按 其中一项给付。 十二、 面部重建手术 因疾病或意外伤害导致面部毁容，确实进行整形或者重建手术（颈部以上的面部构造不完整、 缺失或者受损而对其形态及外观进行修复或者重建），同时必须由专科医生认为该面部毁容是需要 接受住院治疗，及其后接受该手术，而对该面部毁容所进行的治疗亦是医疗所需。 因纯粹整容原'}, {'content': '疾病 “双目失明——三周岁后始理赔”的给付标准，但患眼须满足下列至少一项条件： 1.眼球缺失或摘除； 2.矫正视力低于 0.02（采用国际标准视力表，如果使用其他视力表应进行换算）； 3.视野半径小于 5 度。 诊断须在我们认可的医院内由眼科专科医生确认，并且提供理赔当时的视力丧失诊断及检查证 据。 被保险人申请理赔时年龄必须在三周岁以上，并且提供视力丧失诊断及检查证据。 我们对“视力严重受损——三周岁后始理赔”、“单目失明——三周岁后始理赔”、“角膜移植 术”和“糖尿病视网膜增生性病变”四项中的其中一项承担保险责任，给付其中一项保险金后，对 另三项轻症疾病保险责任同时终止。 十、心脏起搏器植入术 指为治疗严重心律失常实际实施了永久性心脏起搏器的植入手术。理赔时须提供完整病历资料 及手术记录，诊断及治疗均须在我们认可的医院的专科医生认为是医疗必须的情况下进行。并且未 达到本主险合同所指重大'}, {'content': '生阻滞，不能正常地传到心室的心脏传导性疾 病，须满足下列所有条件： 1.心电图显示房室搏动彼此独立，心室率＜50次/分钟； 2.出现阿-斯综合征或心力衰竭的表现； 3.必须持续性依赖心脏起搏器维持心脏正常功能，且已经放置永久性心脏起搏器。 一百二十一、严重癫痫 本病的诊断须由神经科或儿科专科医生根据典型临床症状和脑电图及MRI、PET、CT等影相学检 查做出。理赔时必须提供6个月以上的相关病历记录证明被保险人存在经抗癫痫药物治疗无效而反复 发作的强直阵挛性发作或癫痫大发作，且已行神经外科手术以治疗反复发作的癫痫。 第 42 页 共 48 页 发热性惊厥以及没有全身性发作的失神发作（癫痫小发作）不在保障范围内。 一百二十二、严重脊髓血管病后遗症 指脊髓血管的突发病变引起脊髓梗塞或脊髓出血，导致永久性不可逆的神经系统功能损害，表 现为截瘫或四肢瘫。永久性不可逆的神经系统功能损害指疾病确诊180'}, {'content': '的室壁瘤； 6．出现室性心动过速、心室颤动或心源性休克。 其他非冠状动脉阻塞性疾病所引起的肌钙蛋白（cTn）升高不在保障范围内。 三、严重脑中风后遗症 指因脑血管的突发病变引起脑血管出血、栓塞或梗塞，须由头颅断层扫描（CT）、核磁共振检查 （MRI）等影像学检查证实，并导致神经系统永久性的功能障碍。神经系统永久性的功能障碍，指疾 病确诊180天后，仍遗留下列至少一种障碍： 1．一肢（含）以上肢体肌力2级（含）以下； 2．语言能力完全丧失，或严重咀嚼吞咽功能障碍48； 3．自主生活能力完全丧失，无法独立完成六项基本日常生活活动中的三项或三项以上。 四、重大器官移植术或造血干细胞移植术 重大器官移植术，指因相应器官功能衰竭，已经实施了肾脏、肝脏、心脏、肺脏或小肠的异体移 植手术。 造血干细胞移植术，指因造血功能损害或造血系统恶性肿瘤，已经实施了造血干细胞（包括骨 髓造血干细胞、外周血造血干细胞'}, {'content': '细胞移植术 重大器官移植术，指因相应器官功能衰竭，已经实施了肾脏、肝脏、心脏、肺脏或小肠的异体移 植手术。 造血干细胞移植术，指因造血功能损害或造血系统恶性肿瘤，已经实施了造血干细胞（包括骨 髓造血干细胞、外周血造血干细胞和脐血造血干细胞）的移植手术。 五、冠状动脉搭桥术（或称冠状动脉旁路移植术） 指为治疗严重的冠心病，已经实施了切开心包进行的冠状动脉血管旁路移植的手术。 所有未切开心包的冠状动脉介入治疗不在保障范围内。 六、严重慢性肾衰竭 指双肾功能慢性不可逆性衰竭，依据肾脏病预后质量倡议（K/DOQI）制定的指南，分期达到慢 性肾脏病5期，且经诊断后已经进行了至少90天的规律性透析治疗。规律性透析是指每周进行血液透 析或每天进行腹膜透析。 七、多个肢体缺失 指因疾病或意外伤害导致两个或两个以上肢体自腕关节或踝关节近端（靠近躯干端）以上完全 性断离。 八、急性重症肝炎或亚急性重症肝炎 指'}, {'content': ""Request error occurred: HTTPSConnectionPool(host='jiutian.10086.cn', port=443): Read timed out. (read timeout=30)""}]",1
青云卫5号少儿重疾险,产品：青云卫5号少儿重疾险	问题：面部烧伤达到什么程度才能获得轻度面部烧伤的理赔？,"根据青云卫5号少儿重疾险的条款规定，轻度面部烧伤的理赔标准如下：

**理赔条件：**
- 面部烧伤程度必须为Ⅲ度
- Ⅲ度烧伤面积需达到面部表面积的30%或以上
- 但未达到面部表面积的60%

**重要说明：**
1. 面部的范围界定为上至发际、下至下颌下缘、两侧至下颌支后缘
2. 体表面积的计算依据《中国新九分法》
3. 如果被保险人因同一原因同时满足""全身较小面积Ⅲ度烧伤""和""轻度面部烧伤""的理赔条件，保险公司仅按其中一项给付保险金

这意味着当面部Ⅲ度烧伤面积在30%-59.9%之间时，即可获得轻度面部烧伤的理赔。","[{'content': '下列全部条件： 1．有脑水肿和颅内压升高的脑脊液检查和影像学检查证据； 2．血氨达到该检验正常参考值上限的 3 倍（含）以上； 3．临床出现昏迷，病程至少达到疾病分期第 3 期。 七十八、严重骨髓异常增生综合征 第 51 页 共 70 页 严重骨髓异常增生综合征是指符合世界卫生组织（WHO）2008年分型方案中的难治性贫血细胞减 少伴原始细胞增多-1（RAEB-1）、难治性贫血细胞减少伴原始细胞增多-2（RAEB-2）、MDS-未分类 （MDS-U）、MDS伴单纯5q-，且需满足下列所有条件： 1．由我们认可的医院中设有专门血液病专科的公立三级甲等医院，血液病专科的主治级别以上 的医师确诊； 2．骨髓穿刺或骨髓活检结果支持诊断； 3．被保险人已持续接受一个月以上的化疗或已接受骨髓移植治疗。 七十九、严重面部烧伤 指面部烧伤程度为Ⅲ度，且Ⅲ度烧伤的面积达到面部表面积的80%或80%以上。 八'}, {'content': '伤害导致单眼视力永久不可逆性丧失，但未达到本附加合同所指重大疾病“双 目失明——三周岁后始理赔”的给付标准，但患眼须满足下列至少一项条件： 1.眼球缺失或摘除； 2.矫正视力低于 0.02（采用国际标准视力表，如果使用其他视力表应进行换算）； 3.视野半径小于 5 度。 诊断须在我们认可的医院内由眼科专科医生确认，并且提供理赔当时的视力丧失诊断及检查证 据。 被保险人申请理赔时年龄必须在三周岁以上，并且提供视力丧失诊断及检查证据。 十、 植入心脏起搏器 因严重心律失常而确实已经实施永久性心脏起搏器的植入手术。理赔时须提供完整病历资料及 手术记录，诊断及治疗均须在我们认可的医院的专科医生认为是医疗必须的情况下进行。 十一、 轻度面部32烧伤 指面部烧伤程度为Ⅲ度，且Ⅲ度烧伤的面积达到面部表面积的 30％或者 30％以上，但未达到面 部表面积的 80%。面部的范围指上至发际、下至下颌下缘、两侧'}, {'content': '%以上，且未达到本主险合 同所指重大疾病“严重Ⅲ度烧伤”的给付标准。体表面积根据《中国新九分法》计算。 二十八、中度面部烧伤 指烧伤程度为Ⅲ度，且面部Ⅲ度烧伤的面积达到面部表面积的 60%或 60%以上，但未达到本主险 合同所指重大疾病“严重面部烧伤”的给付标准。 二十九、中度脊髓小脑共济失调/脊髓小脑变性症 中度脊髓小脑变性症为一组以小脑萎缩和共济失调为主要临床特点的疾病。必须符合所有以下 条件，且未达到本主险合同所指重大疾病“严重脊髓小脑共济失调/脊髓小脑变性症——二十二周岁 前理赔”的给付标准。 1.必须由我们认可的神经内科医生确诊，并有以下全部证据支持： （1）影像学检查证实存在小脑萎缩； （2）临床表现存在共济失调、语言障碍和肌张力异常。 2.运动功能严重障碍，存在自主生活能力部分丧失，无法独立完成六项基本日常生活活动中的 两项或两项以上。 三十、中度多发性硬化 多发性硬化是一种'}, {'content': '视野半径小于 5 度。 诊断须在我们认可的医院内由眼科专科医生确认，并且提供理赔当时的视力丧失诊断及检查证 据。 被保险人申请理赔时年龄必须在三周岁以上，并且提供视力丧失诊断及检查证据。 我们对“视力严重受损——三周岁后始理赔”、“单目失明——三周岁后始理赔”、“角膜移植 术”和“糖尿病视网膜增生性病变”四项中的其中一项承担保险责任，给付其中一项保险金后，对 另三项轻症疾病保险责任同时终止。 十、心脏起搏器植入术 指为治疗严重心律失常实际实施了永久性心脏起搏器的植入手术。理赔时须提供完整病历资料 及手术记录，诊断及治疗均须在我们认可的医院的专科医生认为是医疗必须的情况下进行。并且未 达到本主险合同所指重大疾病“严重Ⅲ度房室传导阻滞”的给付标准。 安装临时心脏起搏器不在保障范围内。 十一、 轻度面部46烧伤 指面部烧伤程度为Ⅲ度，且Ⅲ度烧伤的面积达到面部表面积的 30％或者 30％以上，但未'}, {'content': '九分法》计算。 二十八、中度面部烧伤 指烧伤程度为Ⅲ度，且面部Ⅲ度烧伤的面积达到面部表面积的 60%或 60%以上，但未达到本主险 合同所指重大疾病“严重面部烧伤”的给付标准。 二十九、中度脊髓小脑共济失调/脊髓小脑变性症 中度脊髓小脑变性症为一组以小脑萎缩和共济失调为主要临床特点的疾病。必须符合所有以下 条件，且未达到本主险合同所指重大疾病“严重脊髓小脑共济失调/脊髓小脑变性症——二十二周岁 前理赔”的给付标准。 1.必须由我们认可的神经内科医生确诊，并有以下全部证据支持： （1）影像学检查证实存在小脑萎缩； （2）临床表现存在共济失调、语言障碍和肌张力异常。 2.运动功能严重障碍，存在自主生活能力部分丧失，无法独立完成六项基本日常生活活动中的 两项或两项以上。 三十、中度多发性硬化 多发性硬化是一种以中枢神经系统炎性脱髓鞘病变为主要特点的免疫介导性疾病，病变主要累 及白质。本病须经相关'}, {'content': '入术 指为治疗严重心律失常实际实施了永久性心脏起搏器的植入手术。理赔时须提供完整病历资料 及手术记录，诊断及治疗均须在我们认可的医院的专科医生认为是医疗必须的情况下进行。并且未 达到本主险合同所指重大疾病“严重Ⅲ度房室传导阻滞”的给付标准。 安装临时心脏起搏器不在保障范围内。 十一、 轻度面部46烧伤 指面部烧伤程度为Ⅲ度，且Ⅲ度烧伤的面积达到面部表面积的 30％或者 30％以上，但未达到面 部表面积的 60%。 若被保险人因同一原因导致其同时满足“全身较小面积Ⅲ度烧伤”、“轻度面部烧伤”的，仅按 其中一项给付。 十二、 面部重建手术 因疾病或意外伤害导致面部毁容，确实进行整形或者重建手术（颈部以上的面部构造不完整、 缺失或者受损而对其形态及外观进行修复或者重建），同时必须由专科医生认为该面部毁容是需要 接受住院治疗，及其后接受该手术，而对该面部毁容所进行的治疗亦是医疗所需。 因纯粹整容原'}, {'content': ""Request error occurred: HTTPSConnectionPool(host='jiutian.10086.cn', port=443): Read timed out. (read timeout=30)""}]","1, 45"
青云卫5号少儿重疾险,产品：青云卫5号少儿重疾险	问题：如果同时符合全身较小面积Ⅲ度烧伤和轻度面部烧伤，会如何赔付？,"根据青云卫5号少儿重疾险条款规定：

**如果同时符合""全身较小面积Ⅲ度烧伤""和""轻度面部烧伤""的赔付条件，保险公司将仅按其中一项进行赔付。**

具体依据条款内容：
- 条款中明确说明：""若被保险人因同一原因导致其同时满足'全身较小面积Ⅲ度烧伤'、'轻度面部烧伤'的，仅按其中一项给付。""

这意味着：
1. 即使同时满足两个轻症疾病的赔付标准
2. 但由于是同一原因（烧伤）导致的
3. 保险公司不会重复赔付，只会选择其中一项进行赔付

建议在实际理赔时，保险公司会根据具体烧伤情况和条款约定，选择赔付金额较高或更符合实际情况的一项进行赔付。","[{'content': '伤害导致单眼视力永久不可逆性丧失，但未达到本附加合同所指重大疾病“双 目失明——三周岁后始理赔”的给付标准，但患眼须满足下列至少一项条件： 1.眼球缺失或摘除； 2.矫正视力低于 0.02（采用国际标准视力表，如果使用其他视力表应进行换算）； 3.视野半径小于 5 度。 诊断须在我们认可的医院内由眼科专科医生确认，并且提供理赔当时的视力丧失诊断及检查证 据。 被保险人申请理赔时年龄必须在三周岁以上，并且提供视力丧失诊断及检查证据。 十、 植入心脏起搏器 因严重心律失常而确实已经实施永久性心脏起搏器的植入手术。理赔时须提供完整病历资料及 手术记录，诊断及治疗均须在我们认可的医院的专科医生认为是医疗必须的情况下进行。 十一、 轻度面部32烧伤 指面部烧伤程度为Ⅲ度，且Ⅲ度烧伤的面积达到面部表面积的 30％或者 30％以上，但未达到面 部表面积的 80%。面部的范围指上至发际、下至下颌下缘、两侧'}, {'content': '合同所指重大疾病“严重Ⅲ度房室传导阻滞”的给付标准。 安装临时心脏起搏器不在保障范围内。 十一、 轻度面部46烧伤 指面部烧伤程度为Ⅲ度，且Ⅲ度烧伤的面积达到面部表面积的 30％或者 30％以上，但未达到面 部表面积的 60%。 若被保险人因同一原因导致其同时满足“全身较小面积Ⅲ度烧伤”、“轻度面部烧伤”的，仅按 其中一项给付。 45 永久不可逆：指自疾病确诊或意外伤害发生之日起，经过积极治疗 180 天后，仍无法通过现有医疗手段恢复。 46 面部：面部的范围指上至发际、下至下颌下缘、两侧至下颌支后缘之间的区域，包括额部、眼部、眶部、鼻部、 口唇部、颏部、颧部、颊部和腮腺咬肌部。 第 25 页 共 69 页 十二、 面部重建手术 因疾病或意外伤害导致面部毁容，确实进行整形或者重建手术（颈部以上的面部构造不完整、 缺失或者受损而对其形态及外观进行修复或者重建），同时必须由专科医生认为该面部毁'}, {'content': '视野半径小于 5 度。 诊断须在我们认可的医院内由眼科专科医生确认，并且提供理赔当时的视力丧失诊断及检查证 据。 被保险人申请理赔时年龄必须在三周岁以上，并且提供视力丧失诊断及检查证据。 我们对“视力严重受损——三周岁后始理赔”、“单目失明——三周岁后始理赔”、“角膜移植 术”和“糖尿病视网膜增生性病变”四项中的其中一项承担保险责任，给付其中一项保险金后，对 另三项轻症疾病保险责任同时终止。 十、心脏起搏器植入术 指为治疗严重心律失常实际实施了永久性心脏起搏器的植入手术。理赔时须提供完整病历资料 及手术记录，诊断及治疗均须在我们认可的医院的专科医生认为是医疗必须的情况下进行。并且未 达到本主险合同所指重大疾病“严重Ⅲ度房室传导阻滞”的给付标准。 安装临时心脏起搏器不在保障范围内。 十一、 轻度面部46烧伤 指面部烧伤程度为Ⅲ度，且Ⅲ度烧伤的面积达到面部表面积的 30％或者 30％以上，但未'}, {'content': '%以上，且未达到本主险合 同所指重大疾病“严重Ⅲ度烧伤”的给付标准。体表面积根据《中国新九分法》计算。 二十八、中度面部烧伤 指烧伤程度为Ⅲ度，且面部Ⅲ度烧伤的面积达到面部表面积的 60%或 60%以上，但未达到本主险 合同所指重大疾病“严重面部烧伤”的给付标准。 二十九、中度脊髓小脑共济失调/脊髓小脑变性症 中度脊髓小脑变性症为一组以小脑萎缩和共济失调为主要临床特点的疾病。必须符合所有以下 条件，且未达到本主险合同所指重大疾病“严重脊髓小脑共济失调/脊髓小脑变性症——二十二周岁 前理赔”的给付标准。 1.必须由我们认可的神经内科医生确诊，并有以下全部证据支持： （1）影像学检查证实存在小脑萎缩； （2）临床表现存在共济失调、语言障碍和肌张力异常。 2.运动功能严重障碍，存在自主生活能力部分丧失，无法独立完成六项基本日常生活活动中的 两项或两项以上。 三十、中度多发性硬化 多发性硬化是一种'}, {'content': '二级以上 （含二级）医院须具有鉴定资质； （四）所能提供的与确认保险事故的性质、原因、伤害程度等有关的其他证明和资料。 对于我们已经直接结算的费用，我们不再接受受益人对该部分保险金的申请。 保险金作为被保险人遗产时，继承人还须提供可证明其合法继承权的相关权利文件。 以上证明和资料不完整的，我们将及时一次性通知申请人补充提供。 36 37 38 有效身份证件：指由中华人民共和国政府主管部门规定的能够证明其身份的证件，如：有效期内的居民身份证、港 澳台居民居住证、户口簿以及中华人民共和国政府主管部门颁发或者认可的有效护照或者其他身份证明文件。 医疗机构：指经中华人民共和国卫生行政部门颁发医疗机构执业许可证的医院，有执业医师和护士提供全日 24 小 时的医疗和护理服务；但不包括诊所、精神病院及专供康复、休养、戒毒、戒酒、护理、养老等非以直接诊治病人 为目的之医院。 鉴定机构：指司法部或省级司法行'}, {'content': '九分法》计算。 二十八、中度面部烧伤 指烧伤程度为Ⅲ度，且面部Ⅲ度烧伤的面积达到面部表面积的 60%或 60%以上，但未达到本主险 合同所指重大疾病“严重面部烧伤”的给付标准。 二十九、中度脊髓小脑共济失调/脊髓小脑变性症 中度脊髓小脑变性症为一组以小脑萎缩和共济失调为主要临床特点的疾病。必须符合所有以下 条件，且未达到本主险合同所指重大疾病“严重脊髓小脑共济失调/脊髓小脑变性症——二十二周岁 前理赔”的给付标准。 1.必须由我们认可的神经内科医生确诊，并有以下全部证据支持： （1）影像学检查证实存在小脑萎缩； （2）临床表现存在共济失调、语言障碍和肌张力异常。 2.运动功能严重障碍，存在自主生活能力部分丧失，无法独立完成六项基本日常生活活动中的 两项或两项以上。 三十、中度多发性硬化 多发性硬化是一种以中枢神经系统炎性脱髓鞘病变为主要特点的免疫介导性疾病，病变主要累 及白质。本病须经相关'}, {'content': ""Request error occurred: HTTPSConnectionPool(host='jiutian.10086.cn', port=443): Read timed out. (read timeout=30)""}]","1, 2, 45"
青云卫5号少儿重疾险,"产品：青云卫5号少儿重疾险	问题：什么是条款中定义的""永久不可逆""？","根据青云卫5号少儿重疾险条款的定义，""永久不可逆""是指：

**自疾病确诊或意外伤害发生之日起，经过积极治疗180天后，仍无法通过现有医疗手段恢复的状态。**

这个定义在保险条款中具有以下关键特征：

1. **时间要求**：需要经过180天的积极治疗期
2. **治疗效果**：治疗后仍无法恢复
3. **医疗标准**：基于现有医疗技术水平判断

该定义在保险责任中具体应用在多个方面，例如：
- 单目失明：要求视力永久不可逆性丧失
- 关节机能丧失：指关节永久完全僵硬或麻痹
- 神经系统功能损害：如严重神经白塞病，要求永久不可逆的神经系统损害
- 严重脊髓血管病后遗症：导致永久性不可逆的神经系统功能损害

这一严格定义有助于明确保险责任的界限，确保理赔标准的客观性和一致性。","[{'content': '动：自己上下床或上下轮椅； （4）如厕：自己控制进行大小便； （5）进食：自己从已准备好的碗或碟中取食物放入口中； （6）洗澡：自己进行淋浴或盆浴。 六项基本日常生活活动能力的鉴定不适用于 0-3 周岁幼儿。 31 永久不可逆：指自疾病确诊或意外伤害发生之日起，经过积极治疗 180 天后，仍无法通过现有医疗手段恢复。 第 12 页 共 48 页 1.脑垂体瘤； 2.脑囊肿； 3.脑动脉瘤、脑血管瘤。 八、 角膜移植 指为增进视力或治疗某些角膜疾患，已经实施了异体的角膜移植手术。此手术必须在我们认可 的医院内由专科医生认为是医疗必须的情况下进行。 九、 单目失明——三周岁后始理赔 指因疾病或意外伤害导致单眼视力永久不可逆性丧失，但未达到本附加合同所指重大疾病“双 目失明——三周岁后始理赔”的给付标准，但患眼须满足下列至少一项条件： 1.眼球缺失或摘除； 2.矫正视力低于 0.02（采用国际标'}, {'content': '，并由我们指定的有资格的眼科医生出具医疗诊断证明。 关节机能丧失：指关节永久完全僵硬、或麻痹、或关节不能随意识活动。 咀嚼、吞咽机能丧失：指由于牙齿以外的原因引起器质障碍或机能障碍，以致不能作咀嚼、吞咽运动，除流质食物 外不能摄取或吞咽的状态。 完全丧失基本日常生活活动能力：指以下六项基本日常生活活动皆不能独立进行，需要他人帮助：1）穿衣：自己 能够穿衣及脱衣；2）移动：自己从一个房间到另一个房间；3）行动：自己上下床或上下轮椅；4）如厕：自己控 制进行大小便；5）进食：自己从已准备好的碗或碟中取食物放入口中；6）洗澡：自己进行淋浴或盆浴。 5 我们认可的医院：指卫生行政部门认定的二级或二级以上非营利性医院，但不包括民营医院、康复医院或康复病房、 精神病医院、疗养院、美容医院、护理院、戒酒或戒毒中心、精神心理治疗中心、二级或三级医院的联合医院或联 合病房等（联合医院或联合病房本身是符合卫生'}, {'content': '部以上的面部构造不完整、 缺失或者受损而对其形态及外观进行修复或者重建），同时必须由专科医生认为该面部毁容是需要 接受住院治疗，及其后接受该手术，而对该面部毁容所进行的治疗亦是医疗所需。 因纯粹整容原因、独立的牙齿修复、独立的鼻骨骨折或者独立的皮肤伤口所进行的手术均不受 此保障。 被保险人达到条款约定的“轻度面部烧伤”轻症赔付责任，且因此需行“面部重建手术”，则不 在此保障范围内。 十三、 微创颅脑手术 被保险人因疾病实际实施了全麻下的颅骨钻孔手术或经鼻蝶窦入颅手术或由神经内镜技术实施 的颅脑手术。理赔时必须提供由专科医生出具的诊断书及手术证明。 因外伤而实施的脑外科手术不在保障范围内。 我们对“微创颅脑手术”、“脑垂体瘤、脑囊肿、脑动脉瘤及脑血管瘤”和“植入大脑内分流 45 永久不可逆：指自疾病确诊或意外伤害发生之日起，经过积极治疗 180 天后，仍无法通过现有医疗手段恢复。 46 面部'}, {'content': '系统、消化道、肺、肾 等。累及神经系统损害的白塞病称为神经白塞病。严重神经白塞病必须经专科医生明确诊断，并且 已经造成永久不可逆的神经系统功能损害。永久不可逆的神经系统损害指被保险人持续180天无法独 立完成下列基本日常生活活动之一： 1．移动：自己从一个房间到另一个房间； 2．进食：自己从已准备好的碗或碟中取食物放入口中。 一百〇九、严重Ⅲ度冻伤导致截肢 冻伤是由于寒冷潮湿作用引起的人体局部或全身损伤。指冻伤程度达到Ⅲ度，且导致两个或两 个以上肢体自腕关节或踝关节近端（靠近躯干端）以上完全性断离。 一百一十、严重1型糖尿病并发症 1型糖尿病是由于胰岛素分泌绝对不足而引起以血浆葡萄糖水平增高为特征的代谢内分泌疾病， 需持续利用外源性胰岛素治疗维持180天以上。必须经我们认可的专科医生明确诊断为1型糖尿病， 而且有血胰岛素测定及血C肽或尿C肽测定结果支持诊断，并满足下列至少一个条件： 1．糖'}, {'content': '生阻滞，不能正常地传到心室的心脏传导性疾 病，须满足下列所有条件： 1.心电图显示房室搏动彼此独立，心室率＜50次/分钟； 2.出现阿-斯综合征或心力衰竭的表现； 3.必须持续性依赖心脏起搏器维持心脏正常功能，且已经放置永久性心脏起搏器。 一百二十一、严重癫痫 本病的诊断须由神经科或儿科专科医生根据典型临床症状和脑电图及MRI、PET、CT等影相学检 查做出。理赔时必须提供6个月以上的相关病历记录证明被保险人存在经抗癫痫药物治疗无效而反复 发作的强直阵挛性发作或癫痫大发作，且已行神经外科手术以治疗反复发作的癫痫。 第 42 页 共 48 页 发热性惊厥以及没有全身性发作的失神发作（癫痫小发作）不在保障范围内。 一百二十二、严重脊髓血管病后遗症 指脊髓血管的突发病变引起脊髓梗塞或脊髓出血，导致永久性不可逆的神经系统功能损害，表 现为截瘫或四肢瘫。永久性不可逆的神经系统功能损害指疾病确诊180'}, {'content': ' 为目的之医院。 鉴定机构：指司法部或省级司法行政机关审核登记、从事司法鉴定业务的法人或者其他组织。 第 19 页 共 70 页 二、受益人向我们请求给付保险金的诉讼时效期间为两年，诉讼时效自其知道或者应当知道保 险事故发生之日起计算。 第十四条 宣告死亡处理 在本主险合同保险期间内，被保险人下落不明且经人民法院宣告被保险人死亡的，我们根据人 民法院宣告死亡判决依法确定被保险人死亡日期，并按本条款与身故有关的约定处理。若被保险人 在宣告死亡后重新出现，身故保险金受益人或继承人应于知道或应该知道被保险人重新出现后三十 日内将领取的身故保险金退还给我们。 第五章 如何退保 这部分讲的是您可以申请退保。 第十五条 犹豫期 自您签收本主险合同之日起，有十五日的犹豫期。在此期间请您认真审视本主险合同，如果您 认为本主险合同与您的需求不相符，您可以在此期间提出解除本主险合同，我们将无息退还您所支 付的'}, {'content': ""Request error occurred: HTTPSConnectionPool(host='jiutian.10086.cn', port=443): Read timed out. (read timeout=30)""}]",
青云卫5号少儿重疾险,产品：青云卫5号少儿重疾险	问题：面部的具体范围是如何界定的？,"根据青云卫5号少儿重疾险条款第32条的定义，面部的具体范围界定如下：

**面部范围：**
- **上边界：** 发际线
- **下边界：** 下颌下缘
- **两侧边界：** 下颌支后缘

**包含的具体部位：**
- 额部
- 眼部
- 眶部  
- 鼻部
- 口唇部
- 颏部
- 颧部
- 颊部
- 腮腺咬肌部

这个定义主要用于""轻度面部烧伤""等保险责任的认定，在判断烧伤面积是否达到理赔标准时，将按照上述界定的面部区域范围进行计算。","[{'content': '2．矫正视力低于0.02（采用国际标准视力表，如果使用其他视力表应进行换算）； 3．视野半径小于5度。 被保险人在三周岁之前因疾病导致单眼视力丧失不在保障范围内。 第 49 页 共 70 页 六十五、嗜铬细胞瘤 是指肾上腺或肾上腺外嗜铬组织出现神经内分泌肿瘤，并分泌过多的儿茶酚胺类，实际实施了 手术切除肿瘤的治疗。嗜铬细胞瘤的诊断须经相关专科医生确定。 六十六、颅脑手术 被保险人因疾病实际实施了全麻下的开颅手术（以切开硬脑膜为准，且不包括颅骨钻孔手术和 经鼻蝶窦入颅手术）。理赔时必须提供由专科神经外科医生出具的诊断书及手术证明。 因外伤而实施的颅脑手术、因先天性脑部疾病或畸形而实施的脑部手术、由神经内镜技术实施 的颅脑手术及因脑垂体瘤、脑囊肿、脑动脉瘤及脑血管瘤而进行的开颅手术不在保障范围内。 六十七、严重自身免疫性肝炎 自身免疫性肝炎是一种原因不明的慢性肝脏的坏死性炎性疾病，机体免疫机制'}, {'content': '病“颅脑手术”的给付标准。 28 肢体：肢体是指包括肩关节的整个上肢或包括髋关节的整个下肢。 29 肌力：指肌肉收缩时的力量。肌力划分为 0-5 级，具体为： 0 级：肌肉完全瘫痪，毫无收缩。 1 级：可看到或者触及肌肉轻微收缩，但不能产生动作。 2 级：肌肉在不受重力影响下，可进行运动，即肢体能在床面上移动，但不能抬高。 3 级：在和地心引力相反的方向中尚能完成其动作，但不能对抗外加阻力。 4 级：能对抗一定的阻力，但较正常人为低。 5 级：正常肌力。 30 六项基本日常生活活动：六项基本日常生活活动是指： （1）穿衣：自己能够穿衣及脱衣； （2）移动：自己从一个房间到另一个房间； （3）行动：自己上下床或上下轮椅； （4）如厕：自己控制进行大小便； （5）进食：自己从已准备好的碗或碟中取食物放入口中； （6）洗澡：自己进行淋浴或盆浴。 六项基本日常生活活动能力的鉴定不适用于 0-3 周'}, {'content': '系统功能损害，出现视乳头水肿或视觉受损、 听觉受损、面部或肢体瘫痪、癫痫等，须由头颅断层扫描（CT）、核磁共振检查（MRI）或正电子发 射断层扫描（PET）等影像学检查证实，且须满足下列至少一项条件： 1．已经实施了开颅进行的颅内肿瘤完全或部分切除手术； 2．已经实施了针对颅内肿瘤的放射治疗，如γ刀、质子重离子治疗等。 下列疾病不在保障范围内： 1．脑垂体瘤； 34 语言能力完全丧失，或严重咀嚼吞咽功能障碍：语言能力完全丧失，指无法发出四种语音（包括口唇音、齿舌音、 口盖音和喉头音）中的任何三种、或声带全部切除，或因大脑语言中枢受伤害而患失语症。严重咀嚼吞咽功能障 碍，指因牙齿以外的原因导致器质障碍或机能障碍，以致不能作咀嚼吞咽运动，除流质食物外不能摄取或吞咽的状 态。 第 24 页 共 48 页 2．脑囊肿； 3．颅内血管性疾病（如脑动脉瘤、脑动静脉畸形、海绵状血管瘤、毛细血管扩张症等）'}, {'content': '伤害导致单眼视力永久不可逆性丧失，但未达到本附加合同所指重大疾病“双 目失明——三周岁后始理赔”的给付标准，但患眼须满足下列至少一项条件： 1.眼球缺失或摘除； 2.矫正视力低于 0.02（采用国际标准视力表，如果使用其他视力表应进行换算）； 3.视野半径小于 5 度。 诊断须在我们认可的医院内由眼科专科医生确认，并且提供理赔当时的视力丧失诊断及检查证 据。 被保险人申请理赔时年龄必须在三周岁以上，并且提供视力丧失诊断及检查证据。 十、 植入心脏起搏器 因严重心律失常而确实已经实施永久性心脏起搏器的植入手术。理赔时须提供完整病历资料及 手术记录，诊断及治疗均须在我们认可的医院的专科医生认为是医疗必须的情况下进行。 十一、 轻度面部32烧伤 指面部烧伤程度为Ⅲ度，且Ⅲ度烧伤的面积达到面部表面积的 30％或者 30％以上，但未达到面 部表面积的 80%。面部的范围指上至发际、下至下颌下缘、两侧'}, {'content': '鼻骨骨折或者独立的皮肤伤口所进行的手术均不受 此保障。 十三、 微创颅脑手术 因疾病被保险人确已实施全麻下的颅骨钻孔手术或者经鼻蝶窦入颅手术。因外伤而实施的脑外 科手术不在保障范围内。 十四、 特定的系统性红斑狼疮 指诊断为系统性红斑狼疮，且满足下列全部条件，并且未达到本附加合同所指重大疾病“系统 性红斑狼疮 －（并发）Ⅲ型或以上狼疮性肾炎”或“严重慢性肾衰竭”的标准： 1.在下列五项情况中出现最少三项： 32 面部：面部的范围指上至发际、下至下颌下缘、两侧至下颌支后缘之间的区域，包括额部、眼部、眶部、鼻部、 口唇部、颏部、颧部、颊部和腮腺咬肌部。 第 13 页 共 48 页 （1）关节炎：非磨损性关节炎，需涉及两个或两个以上关节； （2）浆膜炎：胸膜炎或心包炎； （3）肾病：24 小时尿蛋白定量达到 0.5 克，或尿液检查出现细胞管型； （4）血液学异常：溶血性贫血、白细胞减少、或血小板'}, {'content': '肿瘤；2 代表原位癌和非 侵袭性癌；3 代表恶性肿瘤（原发性）；6 代表恶性肿瘤（转移性）；9 代表恶性肿瘤（原发性或转移性未肯定）。 如果出现 ICD-10 与 ICD-O-3 不一致的情况，以 ICD-O-3 为准。 27 TNM 分期：TNM 分期采用 AJCC 癌症分期手册标准。该标准由美国癌症联合委员会与国际抗癌联合会 TNM 委 员会联合制定，是目前肿瘤医学分期的国际通用标准。T 指原发肿瘤的大小、形态等；N 指淋巴结的转移情况； M 指有无其他脏器的转移情况。 甲状腺癌的 TNM 分期：甲状腺癌的 TNM 分期采用目前现行的 AJCC 第八版定义标准，我国国家卫生健康委员会 2018 年发布的《甲状腺癌诊疗规范（2018 年版）》也采用此定义标准，具体见附表二。 第 11 页 共 48 页 指因脑血管的突发病变引起脑血管出血、栓塞或梗塞，须由头颅断层扫描（CT）、核磁共振检 '}, {'content': ""Request error occurred: HTTPSConnectionPool(host='jiutian.10086.cn', port=443): Read timed out. (read timeout=30)""}]",
青云卫5号少儿重疾险,产品：青云卫5号少儿重疾险	问题：面部重建手术在什么情况下不予保障？,"根据青云卫5号少儿重疾险的相关条款，面部重建手术在以下情况下不予保障：

**不予保障的情形包括：**

1. **先天性原因**
   - 因先天性畸形、变形或染色体异常导致的面部毁容

2. **特定除外情况**
   - 纯粹整容原因进行的手术
   - 独立的牙齿修复手术
   - 独立的鼻骨骨折手术
   - 独立的皮肤伤口所进行的手术

3. **重复赔付限制**
   - 如果被保险人已达到""轻度面部烧伤""轻症赔付责任，且因此需要进行面部重建手术，则不在此保障范围内

4. **其他通用免责条款**
   - 遗传性疾病
   - 等待期内因意外伤害以外的原因确诊的疾病
   - 违法行为（如酒驾、无证驾驶等）
   - 特定疾病和状况（如艾滋病、战争等）

**需要注意的是：**
面部重建手术必须满足以下条件才能获得保障：
- 因疾病或意外伤害导致面部毁容
- 由专科医生认为需要接受住院治疗
- 手术是医疗必需的
- 面部范围指上至发际、下至下颌下缘、两侧至下颌支后缘之间的区域","[{'content': ' 先天性畸形、变形或染色体异常：指被保险人出生时就具有的畸形、变形或染色体异常。先天性畸形、变形和染色 体异常依照世界卫生组织《疾病和有关健康问题的国际统计分类》第十次修订版（ICD-10）确定。 35 ICD-10：指《疾病和有关健康问题的国际统计分类》第十次修订版（ICD-10），是世界卫生组织（WHO）发布的 国际通用的疾病分类方法。 第 16 页 共 70 页 医院”、“脚注11 因严重肥胖特定合并症导致的手术”、“脚注15 我们指定的机构”、“脚注21 恶性肿瘤持续存在”、“脚注44 六项基本日常生活活动”。 第三章 如何支付保险费 这部分讲的是您应当按时交纳保险费，如果不及时交费可能会导致合同效力中止。 第七条 保险费的支付 本主险合同保险费的交费方式和交费期间由您与我们约定并在保险单上载明。分期支付保险费 的，在支付首期保险费后，您应当在每个保险费约定支付日支付当期应交保险费'}, {'content': '病，通常具有由亲代传 至后代的垂直传递的特征。 20 先天性畸形、变形或染色体异常：指被保险人出生时就具有的畸形、变形或染色体异常。先天性畸形、变形和染色 体异常依照世界卫生组织《疾病和有关健康问题的国际统计分类》第十次修订版（ICD-10）确定。 21 ICD-10：指《疾病和有关健康问题的国际统计分类》第十次修订版（ICD-10），是世界卫生组织（WHO）发布的国 际通用的疾病分类方法。 第 6 页 共 48 页 除本条款“第五条 责任免除”外，本附加合同中还有一些免除我们责任的条款，详见以下条款 中背景突出显示的内容：“第二条 保险责任”、“第九条 效力中止与恢复”、“第十四条 犹豫期”、“第 二十二条 轻症疾病的定义”、“第二十三条 中症疾病的定义”、“第二十四条 重大疾病的定义”、“脚 注5 我们认可的医院”、“脚注30 六项基本日常生活活动”。 第三章 如何支付保险费 这部分讲'}, {'content': '列至少一项条件： 1．眼球缺失或摘除； 2．矫正视力低于0.02（采用国际标准视力表，如果使用其他视力表应进行换算）； 3．视野半径小于5度。 被保险人在三周岁之前因疾病导致单眼视力丧失不在保障范围内。 六十五、嗜铬细胞瘤 是指肾上腺或肾上腺外嗜铬组织出现神经内分泌肿瘤，并分泌过多的儿茶酚胺类，实际实施了 手术切除肿瘤的治疗。嗜铬细胞瘤的诊断须经相关专科医生确定。 六十六、颅脑手术 被保险人因疾病实际实施了全麻下的开颅手术（以切开硬脑膜为准，且不包括颅骨钻孔手术和 经鼻蝶窦入颅手术）。理赔时必须提供由专科神经外科医生出具的诊断书及手术证明。 因外伤而实施的颅脑手术、因先天性脑部疾病或畸形而实施的脑部手术、由神经内镜技术实施 的颅脑手术及因脑垂体瘤、脑囊肿、脑动脉瘤及脑血管瘤而进行的开颅手术不在保障范围内。 六十七、严重自身免疫性肝炎 自身免疫性肝炎是一种原因不明的慢性肝脏的坏死性炎性疾病，'}, {'content': '鼻骨骨折或者独立的皮肤伤口所进行的手术均不受 此保障。 十三、 微创颅脑手术 因疾病被保险人确已实施全麻下的颅骨钻孔手术或者经鼻蝶窦入颅手术。因外伤而实施的脑外 科手术不在保障范围内。 十四、 特定的系统性红斑狼疮 指诊断为系统性红斑狼疮，且满足下列全部条件，并且未达到本附加合同所指重大疾病“系统 性红斑狼疮 －（并发）Ⅲ型或以上狼疮性肾炎”或“严重慢性肾衰竭”的标准： 1.在下列五项情况中出现最少三项： 32 面部：面部的范围指上至发际、下至下颌下缘、两侧至下颌支后缘之间的区域，包括额部、眼部、眶部、鼻部、 口唇部、颏部、颧部、颊部和腮腺咬肌部。 第 13 页 共 48 页 （1）关节炎：非磨损性关节炎，需涉及两个或两个以上关节； （2）浆膜炎：胸膜炎或心包炎； （3）肾病：24 小时尿蛋白定量达到 0.5 克，或尿液检查出现细胞管型； （4）血液学异常：溶血性贫血、白细胞减少、或血小板'}, {'content': '疗必须的情况下进行。 十一、 轻度面部32烧伤 指面部烧伤程度为Ⅲ度，且Ⅲ度烧伤的面积达到面部表面积的 30％或者 30％以上，但未达到面 部表面积的 80%。面部的范围指上至发际、下至下颌下缘、两侧至下颌支后缘之间的区域，包括额 部、眼部、眶部、鼻部、口唇部、颏部、颧部、颊部和腮腺咬肌部。 十二、 面部重建手术 因疾病或意外伤害导致面部毁容，确实进行整形或者重建手术（颈部以上的面部构造不完整、 缺失或者受损而对其形态及外观进行修复或者重建），同时必须由专科医生认为该面部毁容是需要接 受住院治疗，及其后接受该手术，而对该面部毁容所进行的治疗亦是医疗所需。 因纯粹整容原因、独立的牙齿修复、独立的鼻骨骨折或者独立的皮肤伤口所进行的手术均不受 此保障。 十三、 微创颅脑手术 因疾病被保险人确已实施全麻下的颅骨钻孔手术或者经鼻蝶窦入颅手术。因外伤而实施的脑外 科手术不在保障范围内。 十四、 特定的'}, {'content': ' 共 69 页 十二、 面部重建手术 因疾病或意外伤害导致面部毁容，确实进行整形或者重建手术（颈部以上的面部构造不完整、 缺失或者受损而对其形态及外观进行修复或者重建），同时必须由专科医生认为该面部毁容是需要 接受住院治疗，及其后接受该手术，而对该面部毁容所进行的治疗亦是医疗所需。 因纯粹整容原因、独立的牙齿修复、独立的鼻骨骨折或者独立的皮肤伤口所进行的手术均不受 此保障。 被保险人达到条款约定的“轻度面部烧伤”轻症赔付责任，且因此需行“面部重建手术”，则不 在此保障范围内。 十三、 微创颅脑手术 被保险人因疾病实际实施了全麻下的颅骨钻孔手术或经鼻蝶窦入颅手术或由神经内镜技术实施 的颅脑手术。理赔时必须提供由专科医生出具的诊断书及手术证明。 因外伤而实施的脑外科手术不在保障范围内。 我们对“微创颅脑手术”、“脑垂体瘤、脑囊肿、脑动脉瘤及脑血管瘤”和“植入大脑内分流 器”三项中的其中一项承担'}, {'content': ""Request error occurred: HTTPSConnectionPool(host='jiutian.10086.cn', port=443): Read timed out. (read timeout=30)""}, {'content': '等待期内因意外伤害以外的原因被确诊发生重大疾病、轻症疾病、中症疾病或严重肥胖特定合并症，或因意外伤害以外的原因导致入住重症监护病房，保险公司不承担相应保险责任。此外，以下情形也不在保障范围内：\n\n1. **违法行为**：\n   - 饮酒后驾驶或醉酒后驾驶。\n   - 无合法有效驾驶证驾驶。\n   - 无合法有效行驶证。\n\n2. **特定疾病和状况**：\n   - 感染艾滋病病毒或患艾滋病。\n   - 战争、军事冲突、暴乱。\n   - 遗传性疾病、先天性畸形、变形或染色体异常。\n   - 特定类型和阶段的癌症（如良性肿瘤、原位癌、早期前列腺癌等）。\n   - 非冠状动脉阻塞性疾病引起的肌钙蛋白升高。\n   - 因急性重症肝炎之外的疾病进行ALSS治疗。\n   - 因酗酒或药物滥用导致的肝功能衰竭、肝切除手术、肝功能衰竭等。\n   - 先天性脊柱侧弯、特发性脊柱侧弯的手术治疗。\n   - 部分器官切除手术（如部分肾切除、部分肺切除等）。\n   - 神经官能症、精神疾病。\n   - 非败血症引起的多器官功能障碍综合征。\n   - 先天性心脏疾病引起的肺动脉高压。\n   - 单中心型CD或因感'}]","3, 88"
青云卫5号少儿重疾险,产品：青云卫5号少儿重疾险	问题：微创颅脑手术是否包含因外伤进行的手术？,"根据青云卫5号少儿重疾险条款中关于""微创颅脑手术""的明确规定：

**因外伤而实施的脑外科手术不在保障范围内。**

具体条款内容显示：
- 微创颅脑手术的保障范围仅限于""因疾病""实施的颅骨钻孔手术、经鼻蝶窦入颅手术或由神经内镜技术实施的颅脑手术
- 明确排除了因外伤而实施的脑外科手术

因此，微创颅脑手术不包含因外伤进行的手术，只有因疾病实施的微创颅脑手术才在保障范围内。","[{'content': '列至少一项条件： 1．眼球缺失或摘除； 2．矫正视力低于0.02（采用国际标准视力表，如果使用其他视力表应进行换算）； 3．视野半径小于5度。 被保险人在三周岁之前因疾病导致单眼视力丧失不在保障范围内。 六十五、嗜铬细胞瘤 是指肾上腺或肾上腺外嗜铬组织出现神经内分泌肿瘤，并分泌过多的儿茶酚胺类，实际实施了 手术切除肿瘤的治疗。嗜铬细胞瘤的诊断须经相关专科医生确定。 六十六、颅脑手术 被保险人因疾病实际实施了全麻下的开颅手术（以切开硬脑膜为准，且不包括颅骨钻孔手术和 经鼻蝶窦入颅手术）。理赔时必须提供由专科神经外科医生出具的诊断书及手术证明。 因外伤而实施的颅脑手术、因先天性脑部疾病或畸形而实施的脑部手术、由神经内镜技术实施 的颅脑手术及因脑垂体瘤、脑囊肿、脑动脉瘤及脑血管瘤而进行的开颅手术不在保障范围内。 六十七、严重自身免疫性肝炎 自身免疫性肝炎是一种原因不明的慢性肝脏的坏死性炎性疾病，'}, {'content': '2．矫正视力低于0.02（采用国际标准视力表，如果使用其他视力表应进行换算）； 3．视野半径小于5度。 被保险人在三周岁之前因疾病导致单眼视力丧失不在保障范围内。 第 49 页 共 70 页 六十五、嗜铬细胞瘤 是指肾上腺或肾上腺外嗜铬组织出现神经内分泌肿瘤，并分泌过多的儿茶酚胺类，实际实施了 手术切除肿瘤的治疗。嗜铬细胞瘤的诊断须经相关专科医生确定。 六十六、颅脑手术 被保险人因疾病实际实施了全麻下的开颅手术（以切开硬脑膜为准，且不包括颅骨钻孔手术和 经鼻蝶窦入颅手术）。理赔时必须提供由专科神经外科医生出具的诊断书及手术证明。 因外伤而实施的颅脑手术、因先天性脑部疾病或畸形而实施的脑部手术、由神经内镜技术实施 的颅脑手术及因脑垂体瘤、脑囊肿、脑动脉瘤及脑血管瘤而进行的开颅手术不在保障范围内。 六十七、严重自身免疫性肝炎 自身免疫性肝炎是一种原因不明的慢性肝脏的坏死性炎性疾病，机体免疫机制'}, {'content': '疗必须的情况下进行。 十一、 轻度面部32烧伤 指面部烧伤程度为Ⅲ度，且Ⅲ度烧伤的面积达到面部表面积的 30％或者 30％以上，但未达到面 部表面积的 80%。面部的范围指上至发际、下至下颌下缘、两侧至下颌支后缘之间的区域，包括额 部、眼部、眶部、鼻部、口唇部、颏部、颧部、颊部和腮腺咬肌部。 十二、 面部重建手术 因疾病或意外伤害导致面部毁容，确实进行整形或者重建手术（颈部以上的面部构造不完整、 缺失或者受损而对其形态及外观进行修复或者重建），同时必须由专科医生认为该面部毁容是需要接 受住院治疗，及其后接受该手术，而对该面部毁容所进行的治疗亦是医疗所需。 因纯粹整容原因、独立的牙齿修复、独立的鼻骨骨折或者独立的皮肤伤口所进行的手术均不受 此保障。 十三、 微创颅脑手术 因疾病被保险人确已实施全麻下的颅骨钻孔手术或者经鼻蝶窦入颅手术。因外伤而实施的脑外 科手术不在保障范围内。 十四、 特定的'}, {'content': ' 共 69 页 十二、 面部重建手术 因疾病或意外伤害导致面部毁容，确实进行整形或者重建手术（颈部以上的面部构造不完整、 缺失或者受损而对其形态及外观进行修复或者重建），同时必须由专科医生认为该面部毁容是需要 接受住院治疗，及其后接受该手术，而对该面部毁容所进行的治疗亦是医疗所需。 因纯粹整容原因、独立的牙齿修复、独立的鼻骨骨折或者独立的皮肤伤口所进行的手术均不受 此保障。 被保险人达到条款约定的“轻度面部烧伤”轻症赔付责任，且因此需行“面部重建手术”，则不 在此保障范围内。 十三、 微创颅脑手术 被保险人因疾病实际实施了全麻下的颅骨钻孔手术或经鼻蝶窦入颅手术或由神经内镜技术实施 的颅脑手术。理赔时必须提供由专科医生出具的诊断书及手术证明。 因外伤而实施的脑外科手术不在保障范围内。 我们对“微创颅脑手术”、“脑垂体瘤、脑囊肿、脑动脉瘤及脑血管瘤”和“植入大脑内分流 器”三项中的其中一项承担'}, {'content': '己上下床或上下轮椅； （4）如厕：自己控制进行大小便； （5）进食：自己从已准备好的碗或碟中取食物放入口中； （6）洗澡：自己进行淋浴或盆浴。 六项基本日常生活活动能力的鉴定不适用于 0-3 周岁幼儿。 第 24 页 共 69 页 实际接受了手术或者放射治疗，且未达到本主险合同重大疾病“颅脑手术”的给付标准。 1.脑垂体瘤； 2.脑囊肿； 3.脑动脉瘤、脑血管瘤。 我们对“微创颅脑手术”、“脑垂体瘤、脑囊肿、脑动脉瘤及脑血管瘤”和“植入大脑内分流 器”三项中的其中一项承担保险责任，给付其中一项保险金后，对另两项轻症疾病保险责任同时终 止。 八、 角膜移植术 指为增进视力或治疗某些角膜疾患，实际实施了角膜的异体移植手术。手术必须在我们认可的 医院的专科医生认为是医疗必须的情况下进行。 我们对“视力严重受损——三周岁后始理赔”、“单目失明——三周岁后始理赔”、“角膜移植 术”和“糖尿病视网膜增'}, {'content': '。猝死的认 定以医院的诊断或公安部门的鉴定为准。 2 实际已交纳的保险费：指本主险合同保险事故发生时的基本保险金额所对应的每期保险费金额乘以已交费期数。 3 全残：指下列情形之一： 第 5 页 共 70 页 内因意外伤害以外的原因导致身故或全残，我们无息退还本主险合同实际已交纳的保险费，本主险 合同终止。 被保险人在等待期内因意外伤害以外的原因被确诊发生本主险合同所约定的轻症疾病、中症疾 病或严重肥胖特定合并症4，我们不承担且不再承担此项轻症疾病、中症疾病所对应的保险责任或严 重肥胖手术关爱保险金责任，本主险合同继续有效。 若您投保时选择的保障计划包含可选部分的重症监护病房5补贴保险金责任，且被保险人在等待 期内因意外伤害以外的原因导致入住重症监护病房，我们不承担重症监护病房补贴保险金责任。 被保险人因遭受意外伤害发生本主险合同所约定的保险事故的，无等待期。 在本主险合同保险期间内，若被保'}, {'content': ""Request error occurred: HTTPSConnectionPool(host='jiutian.10086.cn', port=443): Read timed out. (read timeout=30)""}]","3, 88"
青云卫5号少儿重疾险,产品：青云卫5号少儿重疾险	问题：系统性红斑狼疮需要满足哪些条件才能获得理赔？,"根据青云卫5号少儿重疾险的条款规定，系统性红斑狼疮需要满足以下条件才能获得理赔：

**诊断要求：**
- 必须由相关专科医生确诊
- 未达到重大疾病中""系统性红斑狼疮－（并发）Ⅲ型或以上狼疮性肾炎""或""严重慢性肾衰竭""的给付标准

**必须满足下列至少三项条件：**
1. **关节炎**：非磨损性关节炎，需涉及两个或两个以上关节
2. **浆膜炎**：胸膜炎或心包炎
3. **肾病**：24小时尿蛋白定量达到0.5克，或尿液检查出现细胞管型
4. **血液学异常**：溶血性贫血、白细胞减少、或血小板减少
5. **免疫学异常**：抗核抗体阳性、或抗dsDNA阳性，或抗Smith抗体阳性

**重要说明：**
- 系统性红斑狼疮的诊断必须由保险公司认可医院的风湿科或免疫系统专科医生确定
- 其他类型的红斑狼疮，如盘状红斑狼疮、未累及肾脏的红斑狼疮不在保障范围内

建议在申请理赔时提供完整的医疗记录和相关检查报告，以确保顺利获得理赔。","[{'content': '理赔时必须提供由专科医生出具的诊断书及手术证明。 因外伤而实施的脑外科手术不在保障范围内。 我们对“微创颅脑手术”、“脑垂体瘤、脑囊肿、脑动脉瘤及脑血管瘤”和“植入大脑内分流 器”三项中的其中一项承担保险责任，给付其中一项保险金后，对另两项轻症疾病保险责任同时终 止。 十四、 系统性红斑狼疮 系统性红斑狼疮是一种系统性自身免疫病，以全身多系统多脏器受累、反复的复发与缓解、体 内存在大量自身抗体为主要临床特点。须经相关专科医生确诊，并且未达到本主险合同所指重大疾 病“系统性红斑狼疮 －（并发）Ⅲ型或以上狼疮性肾炎”或“严重慢性肾衰竭”的给付标准，且须 满足下列至少三项条件： 1.关节炎：非磨损性关节炎，需涉及两个或两个以上关节； 2.浆膜炎：胸膜炎或心包炎； 3.肾病：24 小时尿蛋白定量达到 0.5 克，或尿液检查出现细胞管型； 4.血液学异常：溶血性贫血、白细胞减少、或血小板减少； 5.'}, {'content': '内分泌肿瘤，并分泌过多的儿茶酚胺类，需要确实进行手术 以切除肿瘤。嗜铬细胞瘤的诊断必须由内分泌专科医生确定。 六十六、颅脑手术 被保险人确已实施全麻下的开颅手术（不包括颅骨钻孔手术和经鼻蝶窦入颅手术）。 因外伤而实施的脑外科手术不在保障范围之内。 理赔时必须提供由神经外科医生出具的诊断书及手术报告。 六十七、严重自身免疫性肝炎 自身免疫性肝炎是一种原因不明的慢性肝脏的坏死性炎性疾病，机体免疫机制被破坏，产生针 对肝脏自身抗原的抗体导致自身免疫反应，从而破坏肝细胞造成肝脏炎症坏死，进而发展为肝硬化。 必须满足所有以下条件： 1．高γ球蛋白血症； 2．血液中存在高水平的自身免疫抗体，如 ANA（抗核抗体）、SMA（抗平滑肌抗体）、抗 LKM1 抗 体或抗-SLA/LP 抗体； 3．肝脏活检证实免疫性肝炎； 4．临床已经出现腹水、食道静脉曲张和脾肿大等肝硬化表现。 六十八、原发性骨髓纤维化 原发'}, {'content': '自身抗体为主要临床特点。本疾病指系统性红斑狼疮累及肾脏，由相关专科医生明确诊 断，且经肾脏活检确认的，符合WHO诊断标准定义Ⅲ型（含）以上的狼疮性肾炎。 其他类型的红斑狼疮，如盘状红斑狼疮、未累及肾脏的红斑狼疮不在保障范围内。 世界卫生组织（WHO）狼疮性肾炎分型： 1．Ⅰ型微小病变型； 2．Ⅱ型系膜病变型； 3．Ⅲ型局灶及节段增生型； 4．Ⅳ型弥漫增生型； 5．Ⅴ型膜型； 6．Ⅵ型肾小球硬化型。 三十九、严重类风湿性关节炎 指广泛分布的慢性进行性多关节病变，表现为关节严重变形，侵犯至少三个主要关节（腕关节、 肘关节、肩关节、踝关节、膝关节、髋关节）或关节组（如手的多个指间、掌指关节，足的多个足 趾、跖趾关节等）。被保险人所患的类风湿性关节炎必须经风湿免疫科专科医生明确诊断并且已经 导致自主生活能力完全丧失，无法独立完成六项基本日常生活活动中的三项或三项以上。 四十、重症急性坏死性筋膜炎 '}, {'content': ' 内存在大量自身抗体为主要临床特点。本疾病指系统性红斑狼疮累及肾脏，由相关专科医生明确诊 断，且经肾脏活检确认的，符合WHO诊断标准定义Ⅲ型（含）以上的狼疮性肾炎。 其他类型的红斑狼疮，如盘状红斑狼疮、未累及肾脏的红斑狼疮不在保障范围内。 世界卫生组织（WHO）狼疮性肾炎分型： 1．Ⅰ型微小病变型； 2．Ⅱ型系膜病变型； 3．Ⅲ型局灶及节段增生型； 4．Ⅳ型弥漫增生型； 5．Ⅴ型膜型； 6．Ⅵ型肾小球硬化型。 三十九、严重类风湿性关节炎 指广泛分布的慢性进行性多关节病变，表现为关节严重变形，侵犯至少三个主要关节（腕关节、 肘关节、肩关节、踝关节、膝关节、髋关节）或关节组（如手的多个指间、掌指关节，足的多个足 趾、跖趾关节等）。被保险人所患的类风湿性关节炎必须经风湿免疫科专科医生明确诊断并且已经 导致自主生活能力完全丧失，无法独立完成六项基本日常生活活动中的三项或三项以上。 四十、重症急性坏'}, {'content': '对“微创颅脑手术”、“脑垂体瘤、脑囊肿、脑动脉瘤及脑血管瘤”和“植入大脑内分流 45 永久不可逆：指自疾病确诊或意外伤害发生之日起，经过积极治疗 180 天后，仍无法通过现有医疗手段恢复。 46 面部：面部的范围指上至发际、下至下颌下缘、两侧至下颌支后缘之间的区域，包括额部、眼部、眶部、鼻部、 口唇部、颏部、颧部、颊部和腮腺咬肌部。 第 26 页 共 70 页 器”三项中的其中一项承担保险责任，给付其中一项保险金后，对另两项轻症疾病保险责任同时终 止。 十四、 系统性红斑狼疮 系统性红斑狼疮是一种系统性自身免疫病，以全身多系统多脏器受累、反复的复发与缓解、体 内存在大量自身抗体为主要临床特点。须经相关专科医生确诊，并且未达到本主险合同所指重大疾 病“系统性红斑狼疮 －（并发）Ⅲ型或以上狼疮性肾炎”或“严重慢性肾衰竭”的给付标准，且须 满足下列至少三项条件： 1.关节炎：非磨损性关节炎，需涉'}, {'content': '磨损性关节炎，需涉及两个或两个以上关节； （2）浆膜炎：胸膜炎或心包炎； （3）肾病：24 小时尿蛋白定量达到 0.5 克，或尿液检查出现细胞管型； （4）血液学异常：溶血性贫血、白细胞减少、或血小板减少； （5）抗核抗体阳性、或抗 dsDNA 阳性，或抗 Smith 抗体阳性。 2.系统性红斑狼疮的诊断必须由我们认可的医院的风湿科或免疫系统专科医生确定。 十五、 视力严重受损——三周岁后始理赔 指因疾病或者意外伤害导致双眼视力永久不可逆性丧失，且未达到本附加合同所指重大疾病“双 目失明——三周岁后始理赔”的给付标准，但满足下列条件之一： 1.双眼中较好眼矫正视力低于 0.1（采用国际标准视力表，如果使用其他视力表应进行换算）； 2.双眼中较好眼视野半径小于 20 度。 被保险人申请理赔时年龄必须在三周岁以上，并且提供视力丧失诊断及检查证据。 十六、 慢性肝功能衰竭 指因慢性肝脏疾病导致肝'}, {'content': ""Request error occurred: HTTPSConnectionPool(host='jiutian.10086.cn', port=443): Read timed out. (read timeout=30)""}]","4, 71"
青云卫5号少儿重疾险,产品：青云卫5号少儿重疾险	问题：视力严重受损和双目失明的理赔标准有什么区别？,"根据青云卫5号少儿重疾险的条款内容，视力严重受损和双目失明的理赔标准区别如下：

## 视力严重受损（轻症疾病）
- **理赔标准**：
  1. 双眼中较好眼矫正视力低于0.1
  2. 或双眼中较好眼视野半径小于20度
- **疾病程度**：未达到""双目失明""的重大疾病给付标准
- **保障类型**：属于轻症疾病保障

## 双目失明（重大疾病）
- **理赔标准**：比视力严重受损更为严重
- **具体标准**：条款中未明确列出具体数值，但明确说明视力严重受损是""未达到双目失明的给付标准""
- **保障类型**：属于重大疾病保障

## 共同要求
1. **年龄限制**：两项责任均要求被保险人在申请理赔时年龄必须在三周岁以上
2. **永久不可逆**：自疾病确诊或意外发生之日起，经过积极治疗180天后仍无法恢复
3. **诊断要求**：须在保险公司认可的医院由眼科专科医生确认，并提供视力丧失诊断及检查证据

## 重要提示
这两项责任与""单目失明""、""角膜移植术""共同构成一组关联责任，保险公司仅对其中一项承担保险责任，给付其中一项保险金后，对其他三项轻症疾病保险责任同时终止。","[{'content': '动：自己上下床或上下轮椅； （4）如厕：自己控制进行大小便； （5）进食：自己从已准备好的碗或碟中取食物放入口中； （6）洗澡：自己进行淋浴或盆浴。 六项基本日常生活活动能力的鉴定不适用于 0-3 周岁幼儿。 31 永久不可逆：指自疾病确诊或意外伤害发生之日起，经过积极治疗 180 天后，仍无法通过现有医疗手段恢复。 第 12 页 共 48 页 1.脑垂体瘤； 2.脑囊肿； 3.脑动脉瘤、脑血管瘤。 八、 角膜移植 指为增进视力或治疗某些角膜疾患，已经实施了异体的角膜移植手术。此手术必须在我们认可 的医院内由专科医生认为是医疗必须的情况下进行。 九、 单目失明——三周岁后始理赔 指因疾病或意外伤害导致单眼视力永久不可逆性丧失，但未达到本附加合同所指重大疾病“双 目失明——三周岁后始理赔”的给付标准，但患眼须满足下列至少一项条件： 1.眼球缺失或摘除； 2.矫正视力低于 0.02（采用国际标'}, {'content': '关节炎，需涉及两个或两个以上关节； 2.浆膜炎：胸膜炎或心包炎； 3.肾病：24 小时尿蛋白定量达到 0.5 克，或尿液检查出现细胞管型； 4.血液学异常：溶血性贫血、白细胞减少、或血小板减少； 5.抗核抗体阳性、或抗 dsDNA 阳性，或抗 Smith 抗体阳性。 十五、 视力严重受损——三周岁后始理赔 指因疾病或者意外伤害导致双眼视力永久不可逆性丧失，且未达到本主险合同所指重大疾病“双 目失明——三周岁后始理赔”的给付标准，但满足下列条件之一： 1.双眼中较好眼矫正视力低于 0.1（采用国际标准视力表，如果使用其他视力表应进行换算）； 2.双眼中较好眼视野半径小于 20 度。 被保险人申请理赔时年龄必须在三周岁以上，并且提供视力丧失诊断及检查证据。 我们对“视力严重受损——三周岁后始理赔”、“单目失明——三周岁后始理赔”、“角膜移植 术”和“糖尿病视网膜增生性病变”四项中的其中一项承担'}, {'content': '实施了角膜的异体移植手术。手术必须在我们认可的 医院的专科医生认为是医疗必须的情况下进行。 我们对“视力严重受损——三周岁后始理赔”、“单目失明——三周岁后始理赔”、“角膜移植 术”和“糖尿病视网膜增生性病变”四项中的其中一项承担保险责任，给付其中一项保险金后，对 另三项轻症疾病保险责任同时终止。 九、 单目失明——三周岁后始理赔 指因疾病或意外伤害导致单眼视力永久不可逆45性丧失，但未达到本主险合同所指重大疾病 “双目失明——三周岁后始理赔”的给付标准，但患眼须满足下列至少一项条件： 1.眼球缺失或摘除； 2.矫正视力低于 0.02（采用国际标准视力表，如果使用其他视力表应进行换算）； 3.视野半径小于 5 度。 诊断须在我们认可的医院内由眼科专科医生确认，并且提供理赔当时的视力丧失诊断及检查证 据。 被保险人申请理赔时年龄必须在三周岁以上，并且提供视力丧失诊断及检查证据。 我们对“视力'}, {'content': '疾病 “双目失明——三周岁后始理赔”的给付标准，但患眼须满足下列至少一项条件： 1.眼球缺失或摘除； 2.矫正视力低于 0.02（采用国际标准视力表，如果使用其他视力表应进行换算）； 3.视野半径小于 5 度。 诊断须在我们认可的医院内由眼科专科医生确认，并且提供理赔当时的视力丧失诊断及检查证 据。 被保险人申请理赔时年龄必须在三周岁以上，并且提供视力丧失诊断及检查证据。 我们对“视力严重受损——三周岁后始理赔”、“单目失明——三周岁后始理赔”、“角膜移植 术”和“糖尿病视网膜增生性病变”四项中的其中一项承担保险责任，给付其中一项保险金后，对 另三项轻症疾病保险责任同时终止。 十、心脏起搏器植入术 指为治疗严重心律失常实际实施了永久性心脏起搏器的植入手术。理赔时须提供完整病历资料 及手术记录，诊断及治疗均须在我们认可的医院的专科医生认为是医疗必须的情况下进行。并且未 达到本主险合同所指重大'}, {'content': '须经相关专科医生确诊，并且未达到本主险合同所指重大疾 病“系统性红斑狼疮 －（并发）Ⅲ型或以上狼疮性肾炎”或“严重慢性肾衰竭”的给付标准，且须 满足下列至少三项条件： 1.关节炎：非磨损性关节炎，需涉及两个或两个以上关节； 2.浆膜炎：胸膜炎或心包炎； 3.肾病：24 小时尿蛋白定量达到 0.5 克，或尿液检查出现细胞管型； 4.血液学异常：溶血性贫血、白细胞减少、或血小板减少； 5.抗核抗体阳性、或抗 dsDNA 阳性，或抗 Smith 抗体阳性。 十五、 视力严重受损——三周岁后始理赔 指因疾病或者意外伤害导致双眼视力永久不可逆性丧失，且未达到本主险合同所指重大疾病“双 目失明——三周岁后始理赔”的给付标准，但满足下列条件之一： 1.双眼中较好眼矫正视力低于 0.1（采用国际标准视力表，如果使用其他视力表应进行换算）； 2.双眼中较好眼视野半径小于 20 度。 被保险人申请理赔时年龄必'}, {'content': '大脑内分流 器”三项中的其中一项承担保险责任，给付其中一项保险金后，对另两项轻症疾病保险责任同时终 止。 八、 角膜移植术 指为增进视力或治疗某些角膜疾患，实际实施了角膜的异体移植手术。手术必须在我们认可的 医院的专科医生认为是医疗必须的情况下进行。 我们对“视力严重受损——三周岁后始理赔”、“单目失明——三周岁后始理赔”、“角膜移植 术”和“糖尿病视网膜增生性病变”四项中的其中一项承担保险责任，给付其中一项保险金后，对 另三项轻症疾病保险责任同时终止。 九、 单目失明——三周岁后始理赔 第 25 页 共 70 页 指因疾病或意外伤害导致单眼视力永久不可逆45性丧失，但未达到本主险合同所指重大疾病 “双目失明——三周岁后始理赔”的给付标准，但患眼须满足下列至少一项条件： 1.眼球缺失或摘除； 2.矫正视力低于 0.02（采用国际标准视力表，如果使用其他视力表应进行换算）； 3.视野半径小于'}, {'content': ""Request error occurred: HTTPSConnectionPool(host='jiutian.10086.cn', port=443): Read timed out. (read timeout=30)""}]",5
青云卫5号少儿重疾险,产品：青云卫5号少儿重疾险	问题：角膜移植术的理赔是否会影响其他眼部疾病的保障？,"根据青云卫5号少儿重疾险的条款内容：

**角膜移植术的理赔会影响其他眼部疾病的保障。**

具体说明如下：

在轻症疾病保障中，""角膜移植术""与""视力严重受损——三周岁后始理赔""、""单目失明——三周岁后始理赔""、""糖尿病视网膜增生性病变""这四项被归为同一组轻症疾病。

条款明确规定：
""我们对'视力严重受损——三周岁后始理赔'、'单目失明——三周岁后始理赔'、'角膜移植术'和'糖尿病视网膜增生性病变'四项中的其中一项承担保险责任，给付其中一项保险金后，对另三项轻症疾病保险责任同时终止。""

这意味着：
- 如果被保险人因角膜移植术获得轻症保险金理赔
- 那么保险公司对另外三项眼部相关轻症疾病（视力严重受损、单目失明、糖尿病视网膜增生性病变）的保障责任将同时终止
- 后续如果再发生这些眼部疾病，将无法再次获得轻症理赔

这种分组设计是该保险产品的常见条款安排，旨在对相关联的疾病风险进行合理的风险控制。","[{'content': ' 肝纤维化标准达到 4 分。 由酒精或药物滥用而引起的本疾病不在保障范围内。 我们对“病毒性肝炎导致的肝硬化”、“慢性肝功能衰竭”、“早期肝硬化”和“慢性肝衰竭代 偿早期”四项中的其中一项承担保险责任，给付其中一项保险金后，对另三项轻症疾病保险责任同 时终止。 七、脑垂体瘤、脑囊肿、脑动脉瘤及脑血管瘤 指经头颅断层扫描（CT）、核磁共振检查（MRI）或者其他影像学检查被确诊为下列病变，并 实际接受了手术或者放射治疗，且未达到本主险合同重大疾病“颅脑手术”的给付标准。 1.脑垂体瘤； 2.脑囊肿； 3.脑动脉瘤、脑血管瘤。 我们对“微创颅脑手术”、“脑垂体瘤、脑囊肿、脑动脉瘤及脑血管瘤”和“植入大脑内分流 器”三项中的其中一项承担保险责任，给付其中一项保险金后，对另两项轻症疾病保险责任同时终 止。 八、 角膜移植术 指为增进视力或治疗某些角膜疾患，实际实施了角膜的异体移植手术。手术必须在我们'}, {'content': '己上下床或上下轮椅； （4）如厕：自己控制进行大小便； （5）进食：自己从已准备好的碗或碟中取食物放入口中； （6）洗澡：自己进行淋浴或盆浴。 六项基本日常生活活动能力的鉴定不适用于 0-3 周岁幼儿。 第 24 页 共 69 页 实际接受了手术或者放射治疗，且未达到本主险合同重大疾病“颅脑手术”的给付标准。 1.脑垂体瘤； 2.脑囊肿； 3.脑动脉瘤、脑血管瘤。 我们对“微创颅脑手术”、“脑垂体瘤、脑囊肿、脑动脉瘤及脑血管瘤”和“植入大脑内分流 器”三项中的其中一项承担保险责任，给付其中一项保险金后，对另两项轻症疾病保险责任同时终 止。 八、 角膜移植术 指为增进视力或治疗某些角膜疾患，实际实施了角膜的异体移植手术。手术必须在我们认可的 医院的专科医生认为是医疗必须的情况下进行。 我们对“视力严重受损——三周岁后始理赔”、“单目失明——三周岁后始理赔”、“角膜移植 术”和“糖尿病视网膜增'}, {'content': '列至少一项条件： 1．眼球缺失或摘除； 2．矫正视力低于0.02（采用国际标准视力表，如果使用其他视力表应进行换算）； 3．视野半径小于5度。 被保险人在三周岁之前因疾病导致单眼视力丧失不在保障范围内。 六十五、嗜铬细胞瘤 是指肾上腺或肾上腺外嗜铬组织出现神经内分泌肿瘤，并分泌过多的儿茶酚胺类，实际实施了 手术切除肿瘤的治疗。嗜铬细胞瘤的诊断须经相关专科医生确定。 六十六、颅脑手术 被保险人因疾病实际实施了全麻下的开颅手术（以切开硬脑膜为准，且不包括颅骨钻孔手术和 经鼻蝶窦入颅手术）。理赔时必须提供由专科神经外科医生出具的诊断书及手术证明。 因外伤而实施的颅脑手术、因先天性脑部疾病或畸形而实施的脑部手术、由神经内镜技术实施 的颅脑手术及因脑垂体瘤、脑囊肿、脑动脉瘤及脑血管瘤而进行的开颅手术不在保障范围内。 六十七、严重自身免疫性肝炎 自身免疫性肝炎是一种原因不明的慢性肝脏的坏死性炎性疾病，'}, {'content': '大脑内分流 器”三项中的其中一项承担保险责任，给付其中一项保险金后，对另两项轻症疾病保险责任同时终 止。 八、 角膜移植术 指为增进视力或治疗某些角膜疾患，实际实施了角膜的异体移植手术。手术必须在我们认可的 医院的专科医生认为是医疗必须的情况下进行。 我们对“视力严重受损——三周岁后始理赔”、“单目失明——三周岁后始理赔”、“角膜移植 术”和“糖尿病视网膜增生性病变”四项中的其中一项承担保险责任，给付其中一项保险金后，对 另三项轻症疾病保险责任同时终止。 九、 单目失明——三周岁后始理赔 第 25 页 共 70 页 指因疾病或意外伤害导致单眼视力永久不可逆45性丧失，但未达到本主险合同所指重大疾病 “双目失明——三周岁后始理赔”的给付标准，但患眼须满足下列至少一项条件： 1.眼球缺失或摘除； 2.矫正视力低于 0.02（采用国际标准视力表，如果使用其他视力表应进行换算）； 3.视野半径小于'}, {'content': '2．矫正视力低于0.02（采用国际标准视力表，如果使用其他视力表应进行换算）； 3．视野半径小于5度。 被保险人在三周岁之前因疾病导致单眼视力丧失不在保障范围内。 第 49 页 共 70 页 六十五、嗜铬细胞瘤 是指肾上腺或肾上腺外嗜铬组织出现神经内分泌肿瘤，并分泌过多的儿茶酚胺类，实际实施了 手术切除肿瘤的治疗。嗜铬细胞瘤的诊断须经相关专科医生确定。 六十六、颅脑手术 被保险人因疾病实际实施了全麻下的开颅手术（以切开硬脑膜为准，且不包括颅骨钻孔手术和 经鼻蝶窦入颅手术）。理赔时必须提供由专科神经外科医生出具的诊断书及手术证明。 因外伤而实施的颅脑手术、因先天性脑部疾病或畸形而实施的脑部手术、由神经内镜技术实施 的颅脑手术及因脑垂体瘤、脑囊肿、脑动脉瘤及脑血管瘤而进行的开颅手术不在保障范围内。 六十七、严重自身免疫性肝炎 自身免疫性肝炎是一种原因不明的慢性肝脏的坏死性炎性疾病，机体免疫机制'}, {'content': '实施了角膜的异体移植手术。手术必须在我们认可的 医院的专科医生认为是医疗必须的情况下进行。 我们对“视力严重受损——三周岁后始理赔”、“单目失明——三周岁后始理赔”、“角膜移植 术”和“糖尿病视网膜增生性病变”四项中的其中一项承担保险责任，给付其中一项保险金后，对 另三项轻症疾病保险责任同时终止。 九、 单目失明——三周岁后始理赔 指因疾病或意外伤害导致单眼视力永久不可逆45性丧失，但未达到本主险合同所指重大疾病 “双目失明——三周岁后始理赔”的给付标准，但患眼须满足下列至少一项条件： 1.眼球缺失或摘除； 2.矫正视力低于 0.02（采用国际标准视力表，如果使用其他视力表应进行换算）； 3.视野半径小于 5 度。 诊断须在我们认可的医院内由眼科专科医生确认，并且提供理赔当时的视力丧失诊断及检查证 据。 被保险人申请理赔时年龄必须在三周岁以上，并且提供视力丧失诊断及检查证据。 我们对“视力'}, {'content': ""Request error occurred: HTTPSConnectionPool(host='jiutian.10086.cn', port=443): Read timed out. (read timeout=30)""}]",88
青云卫5号少儿重疾险,产品：青云卫5号少儿重疾险	问题：糖尿病视网膜增生性病变需要提供哪些证明材料？,"根据青云卫5号少儿重疾险的相关条款，申请糖尿病视网膜增生性病变理赔需要提供以下证明材料：

**一、基础申请材料**
1. 保险合同
2. 申请人及被保险人的有效身份证件
3. 保险金给付申请书

**二、专项医疗证明材料**
1. **视力检查证据**：提供理赔当时的视力丧失诊断及检查证据
2. **专科医生诊断**：诊断必须在保险公司认可的医院内由眼科专科医生确认
3. **视野检查报告**：需证明视野半径小于5度

**三、年龄要求证明**
- 被保险人申请理赔时年龄必须在三周岁以上，需提供年龄证明文件

**四、其他注意事项**
1. 该疾病属于轻症疾病保障范围
2. 对""视力严重受损""、""单目失明""、""角膜移植术""和""糖尿病视网膜增生性病变""四项中的其中一项承担保险责任，给付其中一项保险金后，对另三项轻症疾病保险责任同时终止

建议在申请前先联系保险公司客服，确认具体医院资质要求和完整的材料清单，以确保理赔顺利进行。","[{'content': '视野半径小于 5 度。 诊断须在我们认可的医院内由眼科专科医生确认，并且提供理赔当时的视力丧失诊断及检查证 据。 被保险人申请理赔时年龄必须在三周岁以上，并且提供视力丧失诊断及检查证据。 我们对“视力严重受损——三周岁后始理赔”、“单目失明——三周岁后始理赔”、“角膜移植 术”和“糖尿病视网膜增生性病变”四项中的其中一项承担保险责任，给付其中一项保险金后，对 另三项轻症疾病保险责任同时终止。 十、心脏起搏器植入术 指为治疗严重心律失常实际实施了永久性心脏起搏器的植入手术。理赔时须提供完整病历资料 及手术记录，诊断及治疗均须在我们认可的医院的专科医生认为是医疗必须的情况下进行。并且未 达到本主险合同所指重大疾病“严重Ⅲ度房室传导阻滞”的给付标准。 安装临时心脏起搏器不在保障范围内。 十一、 轻度面部46烧伤 指面部烧伤程度为Ⅲ度，且Ⅲ度烧伤的面积达到面部表面积的 30％或者 30％以上，但未'}, {'content': ' 第十二条 保险金申请 申请保险金时，由相应保险金受益人作为申请人填写保险金给付申请书，并提供下列证明和资 料： 第 17 页 共 69 页 一、轻症疾病保险金、中症疾病保险金、重大疾病保险金、少儿特定疾病关爱保险金、少儿罕见 疾病关爱保险金、白血病骨髓移植保险金、严重肥胖手术关爱保险金、重大疾病或中症疾病保险费 补偿保险金、疾病关爱保险金、重大疾病多次给付保险金、“恶性肿瘤——重度”关爱保险金给付 和豁免保险费申请所需的证明和资料 （一）保险合同； （二）申请人及被保险人的有效身份证件36； （三）由我们认可的医院出具的确诊本主险合同定义的轻症疾病、中症疾病、重大疾病、少儿 特定疾病、少儿罕见疾病、白血病骨髓移植、因严重肥胖特定合并症导致的手术的证明材料； （四）所能提供的与确认保险事故的性质、原因等有关的其他证明和资料。 二、基因检测医疗费用保险金申请所需的证明和资料 （一）保险合同；'}, {'content': ' （二）申请人的有效身份证件； （三）由二级以上（含二级）医院或鉴定机构24出具的被保险人身体伤残鉴定书，其中二级以上 （含二级）医院须具有鉴定资质； （四）所能提供的与确认保险事故的性质、原因、伤害程度等有关的其他证明和资料。 三、疾病豁免保险费申请所需的证明和资料 （一）保险合同； （二）申请人的有效身份证件； （三）由我们认可的医院出具的确诊本附加合同定义的轻症疾病、中症疾病或重大疾病的证明 材料； （四）所能提供的与确认保险事故的性质、原因等有关的其他证明和资料。 以上证明和资料不完整的，我们将及时一次性通知申请人补充提供。 第十二条 保险费的豁免 一、我们在收到豁免保险费申请书及豁免保险费所需证明和资料后，将在五个工作日内作出核 定；情形复杂的，在三十日内作出核定。若我们要求投保人、被保险人或者受益人补充提供有关证 明和资料的，则上述的三十日不包括补充提供有关证明和资料的期间。 '}, {'content': '七十七、瑞氏综合征 瑞氏综合征是线粒体功能障碍性疾病。导致脂肪代谢障碍，引起短链脂肪酸、血氨升高，造成 脑水肿。主要临床表现为急性发热、反复呕吐、惊厥及意识障碍等等。 肝脏活检是确诊的重要手段。瑞氏综合征需由三级医院的儿科专科医生确诊，并符合下列所有 条件： 1．有脑水肿和颅内压升高的脑脊液检查和影像学检查证据； 2．血氨超过正常值的 3 倍； 3．临床出现昏迷，病程至少达到疾病分期第 3 期。 七十八、严重骨髓异常增生综合征 严重骨髓异常增生综合征是指符合世界卫生组织（WHO）2008年分型方案中的难治性贫血细胞减 少伴原始细胞增多-1（RAEB-1）、难治性贫血细胞减少伴原始细胞增多-2（RAEB-2）、MDS-未分类（MDS- U）、MDS伴单纯5q-，且需满足下列所有条件： 1．由我们认可的医院中设有专门血液病专科的公立三级甲等医院，血液病专科的主治级别以上 的医师确诊； 2．骨髓'}, {'content': '失程度等难以确定的，我们对无法确定的部分不承担保险责任，但我们通过其他途径已经及时知道 或者应当及时知道保险事故发生或者虽未及时通知但不影响我们确定保险事故的性质、原因、损失 程度的除外。 第十二条 保险金申请 申请保险金时，由相应保险金受益人作为申请人填写保险金给付申请书，并提供下列证明和资 料： 一、轻症疾病保险金、中症疾病保险金、重大疾病保险金、少儿特定疾病关爱保险金、少儿罕见 疾病关爱保险金、白血病骨髓移植保险金、严重肥胖手术关爱保险金、重大疾病或中症疾病保险费 补偿保险金、疾病关爱保险金、重大疾病多次给付保险金、“恶性肿瘤——重度”关爱保险金给付 和豁免保险费申请所需的证明和资料 （一）保险合同； （二）申请人及被保险人的有效身份证件36； （三）由我们认可的医院出具的确诊本主险合同定义的轻症疾病、中症疾病、重大疾病、少儿 特定疾病、少儿罕见疾病、白血病骨髓移植、因严重肥胖特定合'}, {'content': '证明和资料 （一）保险合同； （二）申请人的有效身份证件； （三）国家卫生行政部门认定的医疗机构37、公安部门或其他相关机构出具的被保险人的死亡证 明； （四）所能提供的与确认保险事故的性质、原因等有关的其他证明和资料。 五、全残保险金申请所需的证明和资料 （一）保险合同； （二）申请人及被保险人的有效身份证件； （三）由二级以上（含二级）医院或鉴定机构38出具的被保险人身体伤残鉴定书，其中二级以上 （含二级）医院须具有鉴定资质； （四）所能提供的与确认保险事故的性质、原因、伤害程度等有关的其他证明和资料。 对于我们已经直接结算的费用，我们不再接受受益人对该部分保险金的申请。 保险金作为被保险人遗产时，继承人还须提供可证明其合法继承权的相关权利文件。 以上证明和资料不完整的，我们将及时一次性通知申请人补充提供。 第十三条 保险金给付 一、我们在收到保险金给付申请书及保险金申请所需证明和资料'}, {'content': ""Request error occurred: HTTPSConnectionPool(host='jiutian.10086.cn', port=443): Read timed out. (read timeout=30)""}]",1
青云卫5号少儿重疾险,产品：青云卫5号少儿重疾险	问题：安装永久性心脏起搏器需要满足什么医疗条件？,"根据青云卫5号少儿重疾险条款，安装永久性心脏起搏器需要满足以下医疗条件：

**保障范围：**
- 仅保障为治疗严重心律失常而实施的永久性心脏起搏器植入手术

**理赔条件：**
1. **医疗必要性**：诊断及治疗必须由保险公司认可医院的专科医生确认为医疗必需
2. **完整医疗记录**：需提供完整病历资料及手术记录
3. **排除情况**：
   - 未达到重大疾病""严重Ⅲ度房室传导阻滞""的给付标准
   - 安装临时心脏起搏器不在保障范围内

**特别说明：**
如果病情已达到""严重Ⅲ度房室传导阻滞""的给付标准（需满足心室率＜50次/分钟、出现阿-斯综合征或心力衰竭、必须依赖永久性心脏起搏器维持心脏功能等条件），则应按重大疾病标准进行理赔。

建议在申请理赔前，确认治疗医院为保险公司认可机构，并妥善保管所有医疗记录和手术证明文件。","[{'content': '视野半径小于 5 度。 诊断须在我们认可的医院内由眼科专科医生确认，并且提供理赔当时的视力丧失诊断及检查证 据。 被保险人申请理赔时年龄必须在三周岁以上，并且提供视力丧失诊断及检查证据。 我们对“视力严重受损——三周岁后始理赔”、“单目失明——三周岁后始理赔”、“角膜移植 术”和“糖尿病视网膜增生性病变”四项中的其中一项承担保险责任，给付其中一项保险金后，对 另三项轻症疾病保险责任同时终止。 十、心脏起搏器植入术 指为治疗严重心律失常实际实施了永久性心脏起搏器的植入手术。理赔时须提供完整病历资料 及手术记录，诊断及治疗均须在我们认可的医院的专科医生认为是医疗必须的情况下进行。并且未 达到本主险合同所指重大疾病“严重Ⅲ度房室传导阻滞”的给付标准。 安装临时心脏起搏器不在保障范围内。 十一、 轻度面部46烧伤 指面部烧伤程度为Ⅲ度，且Ⅲ度烧伤的面积达到面部表面积的 30％或者 30％以上，但未'}, {'content': ' 由心脏科专科医生根据临床症状和典型心电图表现明确诊断，并且经专科医生判断认为必须安 装且实际已安装了永久性心脏除颤器。 一百〇五、弥漫性硬化 是一种罕见的、散发的脱髓鞘疾病。病理为大脑双侧半球白质大片脱髓鞘，以及一些小脱髓鞘 病灶。脱髓鞘区轴索相对保留，在病灶中央区轴索可显著破坏。须经专科医生明确诊断，并且需满 足自主生活能力严重丧失，无法独立完成六项基本日常生活活动中的三项或三项以上。 一百〇六、闭锁综合征 又称闭锁症候群，即去传出状态，系脑桥基底部病变所致。须经专科医生明确诊断，并且需满 足自主生活能力严重丧失，无法独立完成六项基本日常生活活动中的三项或三项以上。 一百〇七、神经白塞病 白塞病是一种慢性全身性血管炎症性疾病，主要表现为复发性口腔溃疡、生殖器溃疡、眼炎及 皮肤损害，并可累及大血管、神经系统、消化道、肺、肾等。累及神经系统损害的白塞病称为神经白 塞病。神经白塞病必须经专科'}, {'content': '能征、精神疾病及酒精中毒所致脑损害不在保障范围内。 一百一十九、严重破伤风 指破伤风梭菌经由皮肤或黏膜伤口侵入人体，在缺氧环境下生长繁殖，产生毒素而引起肌痉挛 的一种特异性感染。须经专科医生明确诊断。 一百二十、严重Ⅲ度房室传导阻滞 指心房激动在房室交界区、房室束及其分支内发生阻滞，不能正常地传到心室的心脏传导性疾 病，须满足下列所有条件： 1.心电图显示房室搏动彼此独立，心室率＜50次/分钟； 2.出现阿-斯综合征或心力衰竭的表现； 3.必须持续性依赖心脏起搏器维持心脏正常功能，且已经放置永久性心脏起搏器。 一百二十一、严重癫痫 诊断须由神经科或儿科专科医生根据典型临床症状和脑电图及头颅断层扫描（CT）、核磁共振 检查（MRI）、正电子发射断层扫描（PET）等影像学检查做出。须提供180天以上的相关病历记录证 明被保险人存在经抗癫痫药物治疗无效而反复发作的强直阵挛性发作或癫痫大发作，且实'}, {'content': '围内。 一百一十九、严重破伤风 指破伤风梭菌经由皮肤或黏膜伤口侵入人体，在缺氧环境下生长繁殖，产生毒素而引起肌痉挛 的一种特异性感染。须经专科医生明确诊断。 一百二十、严重Ⅲ度房室传导阻滞 指心房激动在房室交界区、房室束及其分支内发生阻滞，不能正常地传到心室的心脏传导性疾 病，须满足下列所有条件： 1.心电图显示房室搏动彼此独立，心室率＜50次/分钟； 2.出现阿-斯综合征或心力衰竭的表现； 第 58 页 共 70 页 3.必须持续性依赖心脏起搏器维持心脏正常功能，且已经放置永久性心脏起搏器。 一百二十一、严重癫痫 诊断须由神经科或儿科专科医生根据典型临床症状和脑电图及头颅断层扫描（CT）、核磁共振 检查（MRI）、正电子发射断层扫描（PET）等影像学检查做出。须提供180天以上的相关病历记录证 明被保险人存在经抗癫痫药物治疗无效而反复发作的强直阵挛性发作或癫痫大发作，且实际实施了 神经外'}, {'content': '检查报告显示静息状态下肺动脉平均压超过 25mmHg。 第 17 页 共 48 页 四十、 严重阻塞性睡眠呼吸暂停综合征 须由相关医学范畴的注册专科医生，经多导睡眠监测仪检查明确诊断为严重阻塞性睡眠呼吸暂 停综合征(OSA)，并必须符合以下两项条件： 1.被保险人必须现正接受持续气道正压呼吸器(CPAP)之夜间治疗； 2.必须提供睡眠测试的文件证明，显示呼吸暂停低通气指数（AHI）＞30 及夜间血氧饱和度平均 值持续＜85%。 四十一、 永久性心脏除颤器植入 因严重心律失常而于心腔内进行植入永久性心脏除颤器的手术，此严重心律失常并不能以其他 方法治疗，必须由相关专科医生确认植入心脏除颤器为医疗所需。 体外心脏电复律（心脏电除颤)、临时性埋藏式心脏复律除颤器安装除外。 四十二、 早期肝硬化 肝硬化须由专科医生明确诊断。必须由活检证实有再生的肝细胞结节和典型的肝组织纤维化。 下列条件必须全部满'}, {'content': '生阻滞，不能正常地传到心室的心脏传导性疾 病，须满足下列所有条件： 1.心电图显示房室搏动彼此独立，心室率＜50次/分钟； 2.出现阿-斯综合征或心力衰竭的表现； 3.必须持续性依赖心脏起搏器维持心脏正常功能，且已经放置永久性心脏起搏器。 一百二十一、严重癫痫 本病的诊断须由神经科或儿科专科医生根据典型临床症状和脑电图及MRI、PET、CT等影相学检 查做出。理赔时必须提供6个月以上的相关病历记录证明被保险人存在经抗癫痫药物治疗无效而反复 发作的强直阵挛性发作或癫痫大发作，且已行神经外科手术以治疗反复发作的癫痫。 第 42 页 共 48 页 发热性惊厥以及没有全身性发作的失神发作（癫痫小发作）不在保障范围内。 一百二十二、严重脊髓血管病后遗症 指脊髓血管的突发病变引起脊髓梗塞或脊髓出血，导致永久性不可逆的神经系统功能损害，表 现为截瘫或四肢瘫。永久性不可逆的神经系统功能损害指疾病确诊180'}, {'content': ""Request error occurred: HTTPSConnectionPool(host='jiutian.10086.cn', port=443): Read timed out. (read timeout=30)""}]",1
青云卫5号少儿重疾险,产品：青云卫5号少儿重疾险	问题：轻度面部烧伤的理赔面积要求是多少？,"根据青云卫5号少儿重疾险条款内容，轻度面部烧伤的理赔要求如下：

**理赔条件：**
- 烧伤程度：Ⅲ度烧伤
- 烧伤面积：达到面部表面积的30%或以上
- 但未达到面部表面积的60%

**补充说明：**
- 面部范围界定：上至发际、下至下颌下缘、两侧至下颌支后缘
- 体表面积计算标准：按照《中国新九分法》进行计算
- 若因同一原因同时满足""全身较小面积Ⅲ度烧伤""和""轻度面部烧伤""，仅按其中一项给付保险金

需要注意的是，这属于轻症疾病保障范围，未达到重大疾病""严重Ⅲ度烧伤""的给付标准。","[{'content': '伤害导致单眼视力永久不可逆性丧失，但未达到本附加合同所指重大疾病“双 目失明——三周岁后始理赔”的给付标准，但患眼须满足下列至少一项条件： 1.眼球缺失或摘除； 2.矫正视力低于 0.02（采用国际标准视力表，如果使用其他视力表应进行换算）； 3.视野半径小于 5 度。 诊断须在我们认可的医院内由眼科专科医生确认，并且提供理赔当时的视力丧失诊断及检查证 据。 被保险人申请理赔时年龄必须在三周岁以上，并且提供视力丧失诊断及检查证据。 十、 植入心脏起搏器 因严重心律失常而确实已经实施永久性心脏起搏器的植入手术。理赔时须提供完整病历资料及 手术记录，诊断及治疗均须在我们认可的医院的专科医生认为是医疗必须的情况下进行。 十一、 轻度面部32烧伤 指面部烧伤程度为Ⅲ度，且Ⅲ度烧伤的面积达到面部表面积的 30％或者 30％以上，但未达到面 部表面积的 80%。面部的范围指上至发际、下至下颌下缘、两侧'}, {'content': '%以上，且未达到本主险合 同所指重大疾病“严重Ⅲ度烧伤”的给付标准。体表面积根据《中国新九分法》计算。 二十八、中度面部烧伤 指烧伤程度为Ⅲ度，且面部Ⅲ度烧伤的面积达到面部表面积的 60%或 60%以上，但未达到本主险 合同所指重大疾病“严重面部烧伤”的给付标准。 二十九、中度脊髓小脑共济失调/脊髓小脑变性症 中度脊髓小脑变性症为一组以小脑萎缩和共济失调为主要临床特点的疾病。必须符合所有以下 条件，且未达到本主险合同所指重大疾病“严重脊髓小脑共济失调/脊髓小脑变性症——二十二周岁 前理赔”的给付标准。 1.必须由我们认可的神经内科医生确诊，并有以下全部证据支持： （1）影像学检查证实存在小脑萎缩； （2）临床表现存在共济失调、语言障碍和肌张力异常。 2.运动功能严重障碍，存在自主生活能力部分丧失，无法独立完成六项基本日常生活活动中的 两项或两项以上。 三十、中度多发性硬化 多发性硬化是一种'}, {'content': '九分法》计算。 二十八、中度面部烧伤 指烧伤程度为Ⅲ度，且面部Ⅲ度烧伤的面积达到面部表面积的 60%或 60%以上，但未达到本主险 合同所指重大疾病“严重面部烧伤”的给付标准。 二十九、中度脊髓小脑共济失调/脊髓小脑变性症 中度脊髓小脑变性症为一组以小脑萎缩和共济失调为主要临床特点的疾病。必须符合所有以下 条件，且未达到本主险合同所指重大疾病“严重脊髓小脑共济失调/脊髓小脑变性症——二十二周岁 前理赔”的给付标准。 1.必须由我们认可的神经内科医生确诊，并有以下全部证据支持： （1）影像学检查证实存在小脑萎缩； （2）临床表现存在共济失调、语言障碍和肌张力异常。 2.运动功能严重障碍，存在自主生活能力部分丧失，无法独立完成六项基本日常生活活动中的 两项或两项以上。 三十、中度多发性硬化 多发性硬化是一种以中枢神经系统炎性脱髓鞘病变为主要特点的免疫介导性疾病，病变主要累 及白质。本病须经相关'}, {'content': '视野半径小于 5 度。 诊断须在我们认可的医院内由眼科专科医生确认，并且提供理赔当时的视力丧失诊断及检查证 据。 被保险人申请理赔时年龄必须在三周岁以上，并且提供视力丧失诊断及检查证据。 我们对“视力严重受损——三周岁后始理赔”、“单目失明——三周岁后始理赔”、“角膜移植 术”和“糖尿病视网膜增生性病变”四项中的其中一项承担保险责任，给付其中一项保险金后，对 另三项轻症疾病保险责任同时终止。 十、心脏起搏器植入术 指为治疗严重心律失常实际实施了永久性心脏起搏器的植入手术。理赔时须提供完整病历资料 及手术记录，诊断及治疗均须在我们认可的医院的专科医生认为是医疗必须的情况下进行。并且未 达到本主险合同所指重大疾病“严重Ⅲ度房室传导阻滞”的给付标准。 安装临时心脏起搏器不在保障范围内。 十一、 轻度面部46烧伤 指面部烧伤程度为Ⅲ度，且Ⅲ度烧伤的面积达到面部表面积的 30％或者 30％以上，但未'}, {'content': '入术 指为治疗严重心律失常实际实施了永久性心脏起搏器的植入手术。理赔时须提供完整病历资料 及手术记录，诊断及治疗均须在我们认可的医院的专科医生认为是医疗必须的情况下进行。并且未 达到本主险合同所指重大疾病“严重Ⅲ度房室传导阻滞”的给付标准。 安装临时心脏起搏器不在保障范围内。 十一、 轻度面部46烧伤 指面部烧伤程度为Ⅲ度，且Ⅲ度烧伤的面积达到面部表面积的 30％或者 30％以上，但未达到面 部表面积的 60%。 若被保险人因同一原因导致其同时满足“全身较小面积Ⅲ度烧伤”、“轻度面部烧伤”的，仅按 其中一项给付。 十二、 面部重建手术 因疾病或意外伤害导致面部毁容，确实进行整形或者重建手术（颈部以上的面部构造不完整、 缺失或者受损而对其形态及外观进行修复或者重建），同时必须由专科医生认为该面部毁容是需要 接受住院治疗，及其后接受该手术，而对该面部毁容所进行的治疗亦是医疗所需。 因纯粹整容原'}, {'content': '分期达到慢性肾脏病 4 期，即肾小球滤过 率（GFR）＜30ml/min，持续超过 90 日； 2.血肌酐（Scr）＞5mg/dl 或＞442umol/L，持续超过 90 日。 二十六、中度强直性脊柱炎 是一种慢性全身性炎性疾病，主要侵犯脊柱导致脊柱畸形。强直性脊柱炎必须由专科医生明确 诊断，须满足下列所有条件，且未达到本主险合同所指重大疾病“严重强直性脊柱炎”的给付标准。 1.严重脊柱畸形； 2.自主生活能力部分丧失，无法独立完成六项基本日常生活活动中的两项或两项以上。 第 37 页 共 70 页 二十七、中度全身Ⅲ度烧伤 指烧伤程度为Ⅲ度，且Ⅲ度烧伤的面积达到全身体表面积的 15%或 15%以上，且未达到本主险合 同所指重大疾病“严重Ⅲ度烧伤”的给付标准。体表面积根据《中国新九分法》计算。 二十八、中度面部烧伤 指烧伤程度为Ⅲ度，且面部Ⅲ度烧伤的面积达到面部表面积的 60%或 60%以'}, {'content': ""Request error occurred: HTTPSConnectionPool(host='jiutian.10086.cn', port=443): Read timed out. (read timeout=30)""}]","1, 45"
青云卫5号少儿重疾险,产品：青云卫5号少儿重疾险	问题：如果因整容原因进行面部手术能否获得保障？,"根据青云卫5号少儿重疾险的条款内容，**因纯粹整容原因进行面部手术无法获得保障**。

具体说明如下：

在条款第十二条""面部重建手术""中明确规定了保障范围：
- 该保障仅适用于**因疾病或意外伤害导致面部毁容**而必须进行的整形或重建手术
- 同时需要满足：
  - 由专科医生认定该面部毁容需要接受住院治疗
  - 后续手术是医疗必需的

条款中特别强调：**""因纯粹整容原因、独立的牙齿修复、独立的鼻骨骨折或者独立的皮肤伤口所进行的手术均不受此保障""**

因此，如果是为了美容目的而进行的整容手术，不属于保险责任范围，保险公司不承担赔付责任。只有因疾病或意外导致的面部毁容且经医生认定为医疗必需的重建手术才能获得保障。","[{'content': ' 先天性畸形、变形或染色体异常：指被保险人出生时就具有的畸形、变形或染色体异常。先天性畸形、变形和染色 体异常依照世界卫生组织《疾病和有关健康问题的国际统计分类》第十次修订版（ICD-10）确定。 35 ICD-10：指《疾病和有关健康问题的国际统计分类》第十次修订版（ICD-10），是世界卫生组织（WHO）发布的 国际通用的疾病分类方法。 第 16 页 共 70 页 医院”、“脚注11 因严重肥胖特定合并症导致的手术”、“脚注15 我们指定的机构”、“脚注21 恶性肿瘤持续存在”、“脚注44 六项基本日常生活活动”。 第三章 如何支付保险费 这部分讲的是您应当按时交纳保险费，如果不及时交费可能会导致合同效力中止。 第七条 保险费的支付 本主险合同保险费的交费方式和交费期间由您与我们约定并在保险单上载明。分期支付保险费 的，在支付首期保险费后，您应当在每个保险费约定支付日支付当期应交保险费'}, {'content': '定合并症导致的手术的，本主险合同终止，我们向被保险人退还本 主险合同的现金价值。 发生上述其他情形导致被保险人发生轻症疾病、中症疾病、重大疾病、少儿特定疾病、少儿罕见 疾病、因严重肥胖特定合并症导致的手术、身故或全残的，本主险合同终止，我们向您退还本主险 合同的现金价值。 第六条 其他免责条款 除本条款“第五条 责任免除”外，本主险合同中还有一些免除我们责任的条款，详见以下条款 中背景突出显示的内容：“第二条 保险责任”、“第九条 效力中止与恢复”、“第十一条 保险事 故通知”、“第十五条 犹豫期”、“第二十五条 年龄性别错误的处理”、“第三十条 轻症疾病的 定义”、“第三十一条 中症疾病的定义”、“第三十二条 重大疾病的定义”、“第三十三条 少儿 特定疾病的定义”、“第三十四条 少儿罕见疾病的定义”、“脚注3 全残”、“脚注6 我们认可的 24 毒品：指《中华人民共和国刑法》规定的鸦片、'}, {'content': '伤害导致单眼视力永久不可逆性丧失，但未达到本附加合同所指重大疾病“双 目失明——三周岁后始理赔”的给付标准，但患眼须满足下列至少一项条件： 1.眼球缺失或摘除； 2.矫正视力低于 0.02（采用国际标准视力表，如果使用其他视力表应进行换算）； 3.视野半径小于 5 度。 诊断须在我们认可的医院内由眼科专科医生确认，并且提供理赔当时的视力丧失诊断及检查证 据。 被保险人申请理赔时年龄必须在三周岁以上，并且提供视力丧失诊断及检查证据。 十、 植入心脏起搏器 因严重心律失常而确实已经实施永久性心脏起搏器的植入手术。理赔时须提供完整病历资料及 手术记录，诊断及治疗均须在我们认可的医院的专科医生认为是医疗必须的情况下进行。 十一、 轻度面部32烧伤 指面部烧伤程度为Ⅲ度，且Ⅲ度烧伤的面积达到面部表面积的 30％或者 30％以上，但未达到面 部表面积的 80%。面部的范围指上至发际、下至下颌下缘、两侧'}, {'content': ' 共 69 页 十二、 面部重建手术 因疾病或意外伤害导致面部毁容，确实进行整形或者重建手术（颈部以上的面部构造不完整、 缺失或者受损而对其形态及外观进行修复或者重建），同时必须由专科医生认为该面部毁容是需要 接受住院治疗，及其后接受该手术，而对该面部毁容所进行的治疗亦是医疗所需。 因纯粹整容原因、独立的牙齿修复、独立的鼻骨骨折或者独立的皮肤伤口所进行的手术均不受 此保障。 被保险人达到条款约定的“轻度面部烧伤”轻症赔付责任，且因此需行“面部重建手术”，则不 在此保障范围内。 十三、 微创颅脑手术 被保险人因疾病实际实施了全麻下的颅骨钻孔手术或经鼻蝶窦入颅手术或由神经内镜技术实施 的颅脑手术。理赔时必须提供由专科医生出具的诊断书及手术证明。 因外伤而实施的脑外科手术不在保障范围内。 我们对“微创颅脑手术”、“脑垂体瘤、脑囊肿、脑动脉瘤及脑血管瘤”和“植入大脑内分流 器”三项中的其中一项承担'}, {'content': '疗必须的情况下进行。 十一、 轻度面部32烧伤 指面部烧伤程度为Ⅲ度，且Ⅲ度烧伤的面积达到面部表面积的 30％或者 30％以上，但未达到面 部表面积的 80%。面部的范围指上至发际、下至下颌下缘、两侧至下颌支后缘之间的区域，包括额 部、眼部、眶部、鼻部、口唇部、颏部、颧部、颊部和腮腺咬肌部。 十二、 面部重建手术 因疾病或意外伤害导致面部毁容，确实进行整形或者重建手术（颈部以上的面部构造不完整、 缺失或者受损而对其形态及外观进行修复或者重建），同时必须由专科医生认为该面部毁容是需要接 受住院治疗，及其后接受该手术，而对该面部毁容所进行的治疗亦是医疗所需。 因纯粹整容原因、独立的牙齿修复、独立的鼻骨骨折或者独立的皮肤伤口所进行的手术均不受 此保障。 十三、 微创颅脑手术 因疾病被保险人确已实施全麻下的颅骨钻孔手术或者经鼻蝶窦入颅手术。因外伤而实施的脑外 科手术不在保障范围内。 十四、 特定的'}, {'content': '入术 指为治疗严重心律失常实际实施了永久性心脏起搏器的植入手术。理赔时须提供完整病历资料 及手术记录，诊断及治疗均须在我们认可的医院的专科医生认为是医疗必须的情况下进行。并且未 达到本主险合同所指重大疾病“严重Ⅲ度房室传导阻滞”的给付标准。 安装临时心脏起搏器不在保障范围内。 十一、 轻度面部46烧伤 指面部烧伤程度为Ⅲ度，且Ⅲ度烧伤的面积达到面部表面积的 30％或者 30％以上，但未达到面 部表面积的 60%。 若被保险人因同一原因导致其同时满足“全身较小面积Ⅲ度烧伤”、“轻度面部烧伤”的，仅按 其中一项给付。 十二、 面部重建手术 因疾病或意外伤害导致面部毁容，确实进行整形或者重建手术（颈部以上的面部构造不完整、 缺失或者受损而对其形态及外观进行修复或者重建），同时必须由专科医生认为该面部毁容是需要 接受住院治疗，及其后接受该手术，而对该面部毁容所进行的治疗亦是医疗所需。 因纯粹整容原'}, {'content': ""Request error occurred: HTTPSConnectionPool(host='jiutian.10086.cn', port=443): Read timed out. (read timeout=30)""}, {'content': '等待期内因意外伤害以外的原因被确诊发生重大疾病、轻症疾病、中症疾病或严重肥胖特定合并症，或因意外伤害以外的原因导致入住重症监护病房，保险公司不承担相应保险责任。此外，以下情形也不在保障范围内：\n\n1. **违法行为**：\n   - 饮酒后驾驶或醉酒后驾驶。\n   - 无合法有效驾驶证驾驶。\n   - 无合法有效行驶证。\n\n2. **特定疾病和状况**：\n   - 感染艾滋病病毒或患艾滋病。\n   - 战争、军事冲突、暴乱。\n   - 遗传性疾病、先天性畸形、变形或染色体异常。\n   - 特定类型和阶段的癌症（如良性肿瘤、原位癌、早期前列腺癌等）。\n   - 非冠状动脉阻塞性疾病引起的肌钙蛋白升高。\n   - 因急性重症肝炎之外的疾病进行ALSS治疗。\n   - 因酗酒或药物滥用导致的肝功能衰竭、肝切除手术、肝功能衰竭等。\n   - 先天性脊柱侧弯、特发性脊柱侧弯的手术治疗。\n   - 部分器官切除手术（如部分肾切除、部分肺切除等）。\n   - 神经官能症、精神疾病。\n   - 非败血症引起的多器官功能障碍综合征。\n   - 先天性心脏疾病引起的肺动脉高压。\n   - 单中心型CD或因感'}]",3
青云卫5号少儿重疾险,产品：青云卫5号少儿重疾险	问题：脑部相关疾病保障中哪些项目是互斥的？,"根据青云卫5号少儿重疾险的相关内容，在脑部相关疾病保障中，以下项目存在互斥关系：

**轻度脑中风后遗症与严重脑中风后遗症是互斥的**

具体说明：
- 轻度脑中风后遗症指因脑血管突发病变导致神经系统功能障碍，但**未达到""严重脑中风后遗症""的给付标准**
- 条款明确规定：""给付其中一项保险金后，对另两项轻症疾病保险责任同时终止""
- 这意味着如果已经获得轻度脑中风的赔付，就不能再就严重脑中风申请赔付

**其他脑部相关疾病保障项目：**
1. **脑恶性肿瘤** - 符合""恶性肿瘤——重度""定义标准
2. **神经母细胞瘤** - 原发于神经母细胞的恶性肿瘤
3. **其他恶性肿瘤** - 均需符合ICD-10和ICD-O-3的恶性肿瘤编码标准

这些疾病项目之间不存在明确的互斥关系，但需要满足各自的诊断标准和定义要求。","[{'content': '中失控地增生，浸润各种组织，而 正常造血功能受到抑制，正常血细胞生成减少，产生相应的临床表现，周围血细胞有质和量的变化。 被保险人所患白血病必须根据骨髓病理学检查结果和周围血象化验结果，经相关专科医生确诊。 相当于 Binet 分期方案 A 期程度的慢性淋巴细胞白血病不在保障范围内。 二、淋巴瘤 指原发于淋巴组织的恶性肿瘤——重度，恶性肿瘤——重度释义同重大疾病中的“恶性肿瘤— —重度”释义。 三、神经母细胞瘤 指原发于神经母细胞的恶性肿瘤——重度，恶性肿瘤——重度释义同重大疾病中的“恶性肿瘤 ——重度”释义。 四、肾母细胞瘤 指原发于肾母细胞的恶性肿瘤——重度，恶性肿瘤——重度释义同重大疾病中的“恶性肿瘤— —重度”释义。 五、脑恶性肿瘤 指符合重大疾病中的“恶性肿瘤——重度”定义标准，经病理学检查结果明确诊断，临床诊断 属于世界卫生组织《疾病和有关健康问题的国际统计分类》第十次修订版（'}, {'content': '造血干细胞或祖细胞突变，在骨髓或其他造血组织中失控地增生，浸润各种组织，而 正常造血功能受到抑制，正常血细胞生成减少，产生相应的临床表现，周围血细胞有质和量的变化。 被保险人所患白血病必须根据骨髓病理学检查结果和周围血象化验结果，经相关专科医生确诊。 相当于 Binet 分期方案 A 期程度的慢性淋巴细胞白血病不在保障范围内。 二、淋巴瘤 指原发于淋巴组织的恶性肿瘤——重度，恶性肿瘤——重度释义同重大疾病中的“恶性肿瘤— —重度”释义。 三、神经母细胞瘤 指原发于神经母细胞的恶性肿瘤——重度，恶性肿瘤——重度释义同重大疾病中的“恶性肿瘤 ——重度”释义。 四、肾母细胞瘤 指原发于肾母细胞的恶性肿瘤——重度，恶性肿瘤——重度释义同重大疾病中的“恶性肿瘤— —重度”释义。 五、脑恶性肿瘤 指符合重大疾病中的“恶性肿瘤——重度”定义标准，经病理学检查结果明确诊断，临床诊断 属于世界卫生组织《疾病'}, {'content': ' 重大疾病的定义 本条第一至二十八项重大疾病定义是中国保险行业协会制定的重大疾病保险的疾病定义；第二 十九至一百三十七项为非中国保险行业协会制定的重大疾病定义。 一、恶性肿瘤——重度 指恶性细胞不受控制的进行性增长和扩散，浸润和破坏周围正常组织，可以经血管、淋巴管和 体腔扩散转移到身体其他部位，病灶经组织病理学检查（涵盖骨髓病理学检查）结果明确诊断，临 床诊断属于世界卫生组织（WHO，World Health Organization）《疾病和有关健康问题的国际统计 分类》第十次修订版（ICD-10）的恶性肿瘤类别及《国际疾病分类肿瘤学专辑》第三版（ICD-O-3） 的肿瘤形态学编码属于3、6、9（恶性肿瘤）范畴的疾病。 下列疾病不属于“恶性肿瘤——重度”，不在保障范围内： 1．ICD-O-3肿瘤形态学编码属于0（良性肿瘤）、1（动态未定性肿瘤）、2（原位癌和非侵袭性 癌）范畴的疾病，如：'}, {'content': '疾病的定义 本条第一至二十八项重大疾病定义是中国保险行业协会制定的重大疾病保险的疾病定义；第二 十九至一百二十七项为非中国保险行业协会制定的重大疾病定义。 第 22 页 共 48 页 一、恶性肿瘤——重度 指恶性细胞不受控制的进行性增长和扩散，浸润和破坏周围正常组织，可以经血管、淋巴管和 体腔扩散转移到身体其他部位，病灶经组织病理学检查（涵盖骨髓病理学检查）结果明确诊断，临 床诊断属于世界卫生组织（WHO，World Health Organization）《疾病和有关健康问题的国际统计分类》 第十次修订版（ICD-10）的恶性肿瘤类别及《国际疾病分类肿瘤学专辑》第三版（ICD-O-3）的肿瘤 形态学编码属于3、6、9（恶性肿瘤）范畴的疾病。 下列疾病不属于“恶性肿瘤——重度”，不在保障范围内： 1．ICD-O-3肿瘤形态学编码属于0（良性肿瘤）、1（动态未定性肿瘤）、2（原位癌和非侵袭性'}, {'content': '保险责任，给付其中一项保险金后，对另两项轻症疾病保险责任同时终止。 三、 轻度脑中风后遗症 指因脑血管的突发病变引起脑血管出血、栓塞或梗塞，须由头颅断层扫描（CT）、核磁共振检 查（MRI）等影像学检查证实，并导致神经系统永久性的功能障碍，但未达到“严重脑中风后遗 症”的给付标准，在疾病确诊 180 天后，仍遗留下列至少一种障碍： 1.一肢（含）以上肢体42肌力43为 3 级； 侵袭性癌；3 代表恶性肿瘤（原发性）；6 代表恶性肿瘤（转移性）；9 代表恶性肿瘤（原发性或转移性未肯定）。 如果出现 ICD-10 与 ICD-O-3 不一致的情况，以 ICD-O-3 为准。 41 TNM 分期：TNM 分期采用 AJCC 癌症分期手册标准。该标准由美国癌症联合委员会与国际抗癌联合会 TNM 委员会联 合制定，是目前肿瘤医学分期的国际通用标准。T 指原发肿瘤的大小、形态等；N 指淋巴结的转移情况'}, {'content': '业协会制定的重大疾病保险的疾病定义；第二 十九至一百三十七项为非中国保险行业协会制定的重大疾病定义。 一、恶性肿瘤——重度 指恶性细胞不受控制的进行性增长和扩散，浸润和破坏周围正常组织，可以经血管、淋巴管和 体腔扩散转移到身体其他部位，病灶经组织病理学检查（涵盖骨髓病理学检查）结果明确诊断，临 床诊断属于世界卫生组织（WHO，World Health Organization）《疾病和有关健康问题的国际统计 分类》第十次修订版（ICD-10）的恶性肿瘤类别及《国际疾病分类肿瘤学专辑》第三版（ICD-O-3） 的肿瘤形态学编码属于3、6、9（恶性肿瘤）范畴的疾病。 下列疾病不属于“恶性肿瘤——重度”，不在保障范围内： 1．ICD-O-3肿瘤形态学编码属于0（良性肿瘤）、1（动态未定性肿瘤）、2（原位癌和非侵袭性 癌）范畴的疾病，如： （1）原位癌，癌前病变，非浸润性癌，非侵袭性癌，肿瘤细胞未'}, {'content': ""Request error occurred: HTTPSConnectionPool(host='jiutian.10086.cn', port=443): Read timed out. (read timeout=30)""}]",47
青云卫5号少儿重疾险,产品：青云卫5号少儿重疾险	问题：视力理赔需要提供哪些具体的检查证据？,"根据青云卫5号少儿重疾险条款，视力理赔需要提供以下具体检查证据：

**一、基本要求：**
1. 被保险人年龄必须满三周岁以上
2. 提供视力丧失的诊断证明
3. 提供相关的视力检查证据

**二、具体检查证据要求：**

**对于""视力严重受损""理赔：**
- 需提供双眼视力检查报告，证明双眼中较好眼：
  - 矫正视力低于0.1（采用国际标准视力表）
  - 或视野半径小于20度

**对于""单目失明""理赔：**
- 需提供患眼满足以下至少一项条件的检查证据：
  - 眼球缺失或摘除的医疗证明
  - 矫正视力低于0.02的检查报告
  - 视野半径小于5度的检查报告

**三、医疗机构要求：**
- 检查必须在二级以上（含二级）具有鉴定资质的医院进行
- 医院需持有医疗机构执业许可证
- 检查应由专科医生进行

**四、其他要求：**
- 视力丧失必须是永久不可逆的（自确诊之日起经过180天治疗后仍无法恢复）
- 需提供有效身份证件
- 证明资料不完整时，保险公司会一次性通知补充

建议在申请理赔前，先咨询保险公司的具体要求，确保资料齐全。","[{'content': '二级以上 （含二级）医院须具有鉴定资质； （四）所能提供的与确认保险事故的性质、原因、伤害程度等有关的其他证明和资料。 对于我们已经直接结算的费用，我们不再接受受益人对该部分保险金的申请。 保险金作为被保险人遗产时，继承人还须提供可证明其合法继承权的相关权利文件。 以上证明和资料不完整的，我们将及时一次性通知申请人补充提供。 36 37 38 有效身份证件：指由中华人民共和国政府主管部门规定的能够证明其身份的证件，如：有效期内的居民身份证、港 澳台居民居住证、户口簿以及中华人民共和国政府主管部门颁发或者认可的有效护照或者其他身份证明文件。 医疗机构：指经中华人民共和国卫生行政部门颁发医疗机构执业许可证的医院，有执业医师和护士提供全日 24 小 时的医疗和护理服务；但不包括诊所、精神病院及专供康复、休养、戒毒、戒酒、护理、养老等非以直接诊治病人 为目的之医院。 鉴定机构：指司法部或省级司法行'}, {'content': '动：自己上下床或上下轮椅； （4）如厕：自己控制进行大小便； （5）进食：自己从已准备好的碗或碟中取食物放入口中； （6）洗澡：自己进行淋浴或盆浴。 六项基本日常生活活动能力的鉴定不适用于 0-3 周岁幼儿。 31 永久不可逆：指自疾病确诊或意外伤害发生之日起，经过积极治疗 180 天后，仍无法通过现有医疗手段恢复。 第 12 页 共 48 页 1.脑垂体瘤； 2.脑囊肿； 3.脑动脉瘤、脑血管瘤。 八、 角膜移植 指为增进视力或治疗某些角膜疾患，已经实施了异体的角膜移植手术。此手术必须在我们认可 的医院内由专科医生认为是医疗必须的情况下进行。 九、 单目失明——三周岁后始理赔 指因疾病或意外伤害导致单眼视力永久不可逆性丧失，但未达到本附加合同所指重大疾病“双 目失明——三周岁后始理赔”的给付标准，但患眼须满足下列至少一项条件： 1.眼球缺失或摘除； 2.矫正视力低于 0.02（采用国际标'}, {'content': '关节炎，需涉及两个或两个以上关节； 2.浆膜炎：胸膜炎或心包炎； 3.肾病：24 小时尿蛋白定量达到 0.5 克，或尿液检查出现细胞管型； 4.血液学异常：溶血性贫血、白细胞减少、或血小板减少； 5.抗核抗体阳性、或抗 dsDNA 阳性，或抗 Smith 抗体阳性。 十五、 视力严重受损——三周岁后始理赔 指因疾病或者意外伤害导致双眼视力永久不可逆性丧失，且未达到本主险合同所指重大疾病“双 目失明——三周岁后始理赔”的给付标准，但满足下列条件之一： 1.双眼中较好眼矫正视力低于 0.1（采用国际标准视力表，如果使用其他视力表应进行换算）； 2.双眼中较好眼视野半径小于 20 度。 被保险人申请理赔时年龄必须在三周岁以上，并且提供视力丧失诊断及检查证据。 我们对“视力严重受损——三周岁后始理赔”、“单目失明——三周岁后始理赔”、“角膜移植 术”和“糖尿病视网膜增生性病变”四项中的其中一项承担'}, {'content': '磨损性关节炎，需涉及两个或两个以上关节； （2）浆膜炎：胸膜炎或心包炎； （3）肾病：24 小时尿蛋白定量达到 0.5 克，或尿液检查出现细胞管型； （4）血液学异常：溶血性贫血、白细胞减少、或血小板减少； （5）抗核抗体阳性、或抗 dsDNA 阳性，或抗 Smith 抗体阳性。 2.系统性红斑狼疮的诊断必须由我们认可的医院的风湿科或免疫系统专科医生确定。 十五、 视力严重受损——三周岁后始理赔 指因疾病或者意外伤害导致双眼视力永久不可逆性丧失，且未达到本附加合同所指重大疾病“双 目失明——三周岁后始理赔”的给付标准，但满足下列条件之一： 1.双眼中较好眼矫正视力低于 0.1（采用国际标准视力表，如果使用其他视力表应进行换算）； 2.双眼中较好眼视野半径小于 20 度。 被保险人申请理赔时年龄必须在三周岁以上，并且提供视力丧失诊断及检查证据。 十六、 慢性肝功能衰竭 指因慢性肝脏疾病导致肝'}, {'content': '断及检查证据。 三十六、 中度听力受损——三周岁后始理赔 指因疾病或意外伤害导致双耳听力永久不可逆性丧失，在 500 赫兹，1000 赫兹和 2000 赫兹语 音频率下，平均听阈大于 80 分贝。需有纯音听力测试、声导抗检测或听觉诱发电位检测等证实。 被保险人申请理赔时年龄必须在三周岁以上，并且提供理赔当时的听力丧失诊断及检查证据。 三十七、 人工耳蜗植入术 指由于耳蜗的永久损害而实际实施了人工耳蜗植入手术。须经专科医师确认手术在医学上是必 要的，且在植入手术之前已经符合下列全部条件： 1.双耳持续 12 个月以上重度感音神经性耳聋； 2.使用相应的听力辅助设备效果不佳。 三十八、 轻度慢性肾脏疾病 轻度慢性肾脏疾病是指双肾功能慢性不可逆性衰竭，但未达到“严重慢性肾衰竭”的给付标准。 须由我们认可的医院的专科医生确诊，且必须符合下列所有条件： 1.肾小球滤过率（GFR）＜25ml/min，'}, {'content': '大脑内分流 器”三项中的其中一项承担保险责任，给付其中一项保险金后，对另两项轻症疾病保险责任同时终 止。 八、 角膜移植术 指为增进视力或治疗某些角膜疾患，实际实施了角膜的异体移植手术。手术必须在我们认可的 医院的专科医生认为是医疗必须的情况下进行。 我们对“视力严重受损——三周岁后始理赔”、“单目失明——三周岁后始理赔”、“角膜移植 术”和“糖尿病视网膜增生性病变”四项中的其中一项承担保险责任，给付其中一项保险金后，对 另三项轻症疾病保险责任同时终止。 九、 单目失明——三周岁后始理赔 第 25 页 共 70 页 指因疾病或意外伤害导致单眼视力永久不可逆45性丧失，但未达到本主险合同所指重大疾病 “双目失明——三周岁后始理赔”的给付标准，但患眼须满足下列至少一项条件： 1.眼球缺失或摘除； 2.矫正视力低于 0.02（采用国际标准视力表，如果使用其他视力表应进行换算）； 3.视野半径小于'}, {'content': ""Request error occurred: HTTPSConnectionPool(host='jiutian.10086.cn', port=443): Read timed out. (read timeout=30)""}]",5
青云卫5号少儿重疾险,产品：青云卫5号少儿重疾险	问题：起搏器植入术的理赔是否需要达到严重Ⅲ度房室传导阻滞的程度？,"根据青云卫5号少儿重疾险的条款内容，关于心脏起搏器植入术的理赔条件如下：

**不需要达到严重Ⅲ度房室传导阻滞的程度**

具体说明：
1. **理赔条件**：为治疗严重心律失常实际实施了永久性心脏起搏器的植入手术
2. **除外情况**：明确说明""未达到本主险合同所指重大疾病'严重Ⅲ度房室传导阻滞'的给付标准""
3. **理赔要求**：
   - 须提供完整病历资料及手术记录
   - 诊断和治疗须在保险公司认可的医院由专科医生确认为医疗必需
   - 仅保障永久性心脏起搏器，临时心脏起搏器不在保障范围内

这意味着心脏起搏器植入术作为一项独立的保障责任，其理赔标准低于重大疾病中的""严重Ⅲ度房室传导阻滞""。只要符合严重心律失常的诊断且医疗必需实施永久性心脏起搏器植入，即可申请理赔，无需达到严重Ⅲ度房室传导阻滞的严重程度。","[{'content': '入术 指为治疗严重心律失常实际实施了永久性心脏起搏器的植入手术。理赔时须提供完整病历资料 及手术记录，诊断及治疗均须在我们认可的医院的专科医生认为是医疗必须的情况下进行。并且未 达到本主险合同所指重大疾病“严重Ⅲ度房室传导阻滞”的给付标准。 安装临时心脏起搏器不在保障范围内。 十一、 轻度面部46烧伤 指面部烧伤程度为Ⅲ度，且Ⅲ度烧伤的面积达到面部表面积的 30％或者 30％以上，但未达到面 部表面积的 60%。 若被保险人因同一原因导致其同时满足“全身较小面积Ⅲ度烧伤”、“轻度面部烧伤”的，仅按 其中一项给付。 十二、 面部重建手术 因疾病或意外伤害导致面部毁容，确实进行整形或者重建手术（颈部以上的面部构造不完整、 缺失或者受损而对其形态及外观进行修复或者重建），同时必须由专科医生认为该面部毁容是需要 接受住院治疗，及其后接受该手术，而对该面部毁容所进行的治疗亦是医疗所需。 因纯粹整容原'}, {'content': '围内。 一百一十九、严重破伤风 指破伤风梭菌经由皮肤或黏膜伤口侵入人体，在缺氧环境下生长繁殖，产生毒素而引起肌痉挛 的一种特异性感染。须经专科医生明确诊断。 一百二十、严重Ⅲ度房室传导阻滞 指心房激动在房室交界区、房室束及其分支内发生阻滞，不能正常地传到心室的心脏传导性疾 病，须满足下列所有条件： 1.心电图显示房室搏动彼此独立，心室率＜50次/分钟； 2.出现阿-斯综合征或心力衰竭的表现； 第 58 页 共 70 页 3.必须持续性依赖心脏起搏器维持心脏正常功能，且已经放置永久性心脏起搏器。 一百二十一、严重癫痫 诊断须由神经科或儿科专科医生根据典型临床症状和脑电图及头颅断层扫描（CT）、核磁共振 检查（MRI）、正电子发射断层扫描（PET）等影像学检查做出。须提供180天以上的相关病历记录证 明被保险人存在经抗癫痫药物治疗无效而反复发作的强直阵挛性发作或癫痫大发作，且实际实施了 神经外'}, {'content': '视野半径小于 5 度。 诊断须在我们认可的医院内由眼科专科医生确认，并且提供理赔当时的视力丧失诊断及检查证 据。 被保险人申请理赔时年龄必须在三周岁以上，并且提供视力丧失诊断及检查证据。 我们对“视力严重受损——三周岁后始理赔”、“单目失明——三周岁后始理赔”、“角膜移植 术”和“糖尿病视网膜增生性病变”四项中的其中一项承担保险责任，给付其中一项保险金后，对 另三项轻症疾病保险责任同时终止。 十、心脏起搏器植入术 指为治疗严重心律失常实际实施了永久性心脏起搏器的植入手术。理赔时须提供完整病历资料 及手术记录，诊断及治疗均须在我们认可的医院的专科医生认为是医疗必须的情况下进行。并且未 达到本主险合同所指重大疾病“严重Ⅲ度房室传导阻滞”的给付标准。 安装临时心脏起搏器不在保障范围内。 十一、 轻度面部46烧伤 指面部烧伤程度为Ⅲ度，且Ⅲ度烧伤的面积达到面部表面积的 30％或者 30％以上，但未'}, {'content': '伤害导致单眼视力永久不可逆性丧失，但未达到本附加合同所指重大疾病“双 目失明——三周岁后始理赔”的给付标准，但患眼须满足下列至少一项条件： 1.眼球缺失或摘除； 2.矫正视力低于 0.02（采用国际标准视力表，如果使用其他视力表应进行换算）； 3.视野半径小于 5 度。 诊断须在我们认可的医院内由眼科专科医生确认，并且提供理赔当时的视力丧失诊断及检查证 据。 被保险人申请理赔时年龄必须在三周岁以上，并且提供视力丧失诊断及检查证据。 十、 植入心脏起搏器 因严重心律失常而确实已经实施永久性心脏起搏器的植入手术。理赔时须提供完整病历资料及 手术记录，诊断及治疗均须在我们认可的医院的专科医生认为是医疗必须的情况下进行。 十一、 轻度面部32烧伤 指面部烧伤程度为Ⅲ度，且Ⅲ度烧伤的面积达到面部表面积的 30％或者 30％以上，但未达到面 部表面积的 80%。面部的范围指上至发际、下至下颌下缘、两侧'}, {'content': '疾病 “双目失明——三周岁后始理赔”的给付标准，但患眼须满足下列至少一项条件： 1.眼球缺失或摘除； 2.矫正视力低于 0.02（采用国际标准视力表，如果使用其他视力表应进行换算）； 3.视野半径小于 5 度。 诊断须在我们认可的医院内由眼科专科医生确认，并且提供理赔当时的视力丧失诊断及检查证 据。 被保险人申请理赔时年龄必须在三周岁以上，并且提供视力丧失诊断及检查证据。 我们对“视力严重受损——三周岁后始理赔”、“单目失明——三周岁后始理赔”、“角膜移植 术”和“糖尿病视网膜增生性病变”四项中的其中一项承担保险责任，给付其中一项保险金后，对 另三项轻症疾病保险责任同时终止。 十、心脏起搏器植入术 指为治疗严重心律失常实际实施了永久性心脏起搏器的植入手术。理赔时须提供完整病历资料 及手术记录，诊断及治疗均须在我们认可的医院的专科医生认为是医疗必须的情况下进行。并且未 达到本主险合同所指重大'}, {'content': '合同所指重大疾病“严重Ⅲ度房室传导阻滞”的给付标准。 安装临时心脏起搏器不在保障范围内。 十一、 轻度面部46烧伤 指面部烧伤程度为Ⅲ度，且Ⅲ度烧伤的面积达到面部表面积的 30％或者 30％以上，但未达到面 部表面积的 60%。 若被保险人因同一原因导致其同时满足“全身较小面积Ⅲ度烧伤”、“轻度面部烧伤”的，仅按 其中一项给付。 45 永久不可逆：指自疾病确诊或意外伤害发生之日起，经过积极治疗 180 天后，仍无法通过现有医疗手段恢复。 46 面部：面部的范围指上至发际、下至下颌下缘、两侧至下颌支后缘之间的区域，包括额部、眼部、眶部、鼻部、 口唇部、颏部、颧部、颊部和腮腺咬肌部。 第 25 页 共 69 页 十二、 面部重建手术 因疾病或意外伤害导致面部毁容，确实进行整形或者重建手术（颈部以上的面部构造不完整、 缺失或者受损而对其形态及外观进行修复或者重建），同时必须由专科医生认为该面部毁'}, {'content': ""Request error occurred: HTTPSConnectionPool(host='jiutian.10086.cn', port=443): Read timed out. (read timeout=30)""}]","1, 2"
青云卫5号少儿重疾险,产品：青云卫5号少儿重疾险	问题：哪些情况下的颅脑手术不在保障范围内？,"根据青云卫5号少儿重疾险的相关条款，以下情况下的颅脑手术不在保障范围内：

**明确排除的颅脑手术情况：**

1. **先天性脑积水** - 植入大脑内分流器手术中明确将先天性脑积水排除在保障范围外

2. **与颅脑手术相关的其他排除情形：**
   - 因**先天性畸形、变形或染色体异常**导致的颅脑手术
   - 因**遗传性疾病**导致的颅脑手术
   - 在**等待期内**因意外伤害以外的原因确诊需要进行的颅脑手术

**其他相关排除条款：**
- 对""微创颅脑手术""、""脑垂体瘤、脑囊肿、脑动脉瘤及脑血管瘤""和""植入大脑内分流器""三项中的其中一项承担保险责任，给付其中一项保险金后，对另两项轻症疾病保险责任同时终止
- 因酒精或者滥用药物引致的疾病不在保障范围内
- 作为器官捐献者而实施的手术不在保障范围内

建议在投保前详细阅读保险条款中的""责任免除""部分及各项疾病定义中的具体排除情形，以获得完整的保障范围信息。","[{'content': '病，通常具有由亲代传 至后代的垂直传递的特征。 20 先天性畸形、变形或染色体异常：指被保险人出生时就具有的畸形、变形或染色体异常。先天性畸形、变形和染色 体异常依照世界卫生组织《疾病和有关健康问题的国际统计分类》第十次修订版（ICD-10）确定。 21 ICD-10：指《疾病和有关健康问题的国际统计分类》第十次修订版（ICD-10），是世界卫生组织（WHO）发布的国 际通用的疾病分类方法。 第 6 页 共 48 页 除本条款“第五条 责任免除”外，本附加合同中还有一些免除我们责任的条款，详见以下条款 中背景突出显示的内容：“第二条 保险责任”、“第九条 效力中止与恢复”、“第十四条 犹豫期”、“第 二十二条 轻症疾病的定义”、“第二十三条 中症疾病的定义”、“第二十四条 重大疾病的定义”、“脚 注5 我们认可的医院”、“脚注30 六项基本日常生活活动”。 第三章 如何支付保险费 这部分讲'}, {'content': ' 先天性畸形、变形或染色体异常：指被保险人出生时就具有的畸形、变形或染色体异常。先天性畸形、变形和染色 体异常依照世界卫生组织《疾病和有关健康问题的国际统计分类》第十次修订版（ICD-10）确定。 35 ICD-10：指《疾病和有关健康问题的国际统计分类》第十次修订版（ICD-10），是世界卫生组织（WHO）发布的 国际通用的疾病分类方法。 第 16 页 共 70 页 医院”、“脚注11 因严重肥胖特定合并症导致的手术”、“脚注15 我们指定的机构”、“脚注21 恶性肿瘤持续存在”、“脚注44 六项基本日常生活活动”。 第三章 如何支付保险费 这部分讲的是您应当按时交纳保险费，如果不及时交费可能会导致合同效力中止。 第七条 保险费的支付 本主险合同保险费的交费方式和交费期间由您与我们约定并在保险单上载明。分期支付保险费 的，在支付首期保险费后，您应当在每个保险费约定支付日支付当期应交保险费'}, {'content': '骨折，陈旧性骨折不在保障范围内。 四十九、 急性肾衰竭肾脏透析治疗 急性肾衰竭（ARF）是指各种病因引起的肾功能在短期内（数小时或数周）急剧进行性下降，导 致体内氮质产物潴留而出现的临床综合征，国际上近年来改称为急性肾损伤（AKI）。急性肾衰竭肾 脏透析治疗指诊断为急性肾衰竭，且满足下列全部条件： 1.少尿或无尿 2 天以上； 2.血肌酐（Scr）＞5mg/dl 或＞442µmol/L； 3.血钾＞6.5mmol/L； 4.接受了血液透析治疗。 五十、 急性坏死性胰腺炎腹腔镜手术 指由相关专科医生确诊为急性出血性坏死性胰腺炎，并实际实施了腹腔镜手术治疗，以进行坏 死组织清除、坏死病灶切除或胰腺切除。 因酒精所致的胰腺炎不在保障范围内。 五十一、 昏迷 48 小时 指因疾病或意外伤害导致意识丧失，对外界刺激和体内需求均无反应，昏迷程度按照格拉斯哥 昏迷分级（GCS，Glasgow Coma '}, {'content': '为是医学上必需的情况下进行。 二十一、 肝叶切除 第 14 页 共 48 页 指因疾病或意外伤害导致肝脏严重损害，已经实施了肝左叶切除手术或肝右叶切除手术（备注： 本定义是按肝脏的传统解剖分段法将肝脏分为肝左叶和肝右叶）。 下列情况不在保障范围内： 1.肝区切除、肝段切除手术； 2.因酒精或者滥用药物引致的疾病或者紊乱； 3.因恶性肿瘤进行的肝切除手术； 4.作为器官捐献者而实施的肝切除手术。 二十二、 植入大脑内分流器 指确实在脑室进行分流器植入手术，以缓解升高的脑脊液压力。必须由脑神经专科医生证实植 入分流器为医疗所需，且未达到重大疾病“严重脑损伤”或“颅脑手术”或“破裂脑动脉瘤夹闭手 术”给付标准。 先天性脑积水不在保障范围内。 二十三、 双侧睾丸切除术 指为治疗疾病实际接受了经腹部切开或腹腔镜进行的双侧睾丸完全切除手术。 下列情况不在保障范围内： 1.部分睾丸切除； 2.变性手术；'}, {'content': '实际实施了左半肝或右半肝切除手术（备注：本定义 采用国际肝胆胰学会于 2000 年发布的肝解剖和手术名称的命名方法）。 下列情况不在保障范围内： 1.因酒精或者滥用药物引致的疾病或者紊乱而实施的肝切除手术； 2.因恶性肿瘤进行的肝切除手术； 3.作为器官捐献者或肝移植接受者而实施的肝切除手术。 二十二、 植入大脑内分流器 指在脑室进行分流器植入手术，以缓解升高的脑脊液压力。必须由相关专科医生证实植入分流 器为医疗所需，并且未达到本主险合同所指重大疾病“严重脑损伤”、“颅脑手术”或“破裂脑动脉 瘤开颅夹闭手术”给付标准。 先天性脑积水不在保障范围内。 我们对“微创颅脑手术”、“脑垂体瘤、脑囊肿、脑动脉瘤及脑血管瘤”和“植入大脑内分流 器”三项中的其中一项承担保险责任，给付其中一项保险金后，对另两项轻症疾病保险责任同时终 止。 二十三、 双侧睾丸切除术 指因医疗必需和为治疗疾病实际接受了经腹部'}, {'content': '断为慢性缩窄性心包炎且必须满足以下所有条件： 1．心功能衰竭达到美国纽约心脏病学会（New York Heart Association，NYHA）心功能状态分 级Ⅳ级，并持续 180 天以上； 2．实际接受了以下任何一种手术路径的心包剥脱或心包切除手术；手术路径：胸骨正中切口； 双侧前胸切口；左前胸肋间切口。 经胸腔镜、胸壁打孔进行的手术、心包粘连松解手术不在保障范围内。 七十一、脑型疟疾 恶性疟原虫严重感染导致的脑病或脑型疟疾，以昏迷为主要特征。脑型疟疾的诊断须由注册医 生确认，且外周血涂片存在恶性疟原虫。 其他明确病因导致的脑病不在保障范围内。 七十二、胆道重建手术 指因外伤导致的胆道创伤导致接受涉及胆总管小肠吻合术的胆道重建手术。手术必须在专科医 生认为是医疗所需的情况下进行。 胆道闭锁并不在保障范围内。 七十三、主动脉夹层瘤 指主动脉的内膜破裂导致血液流入主动脉壁中形成夹层动脉瘤'}, {'content': ""Request error occurred: HTTPSConnectionPool(host='jiutian.10086.cn', port=443): Read timed out. (read timeout=30)""}, {'content': '等待期内因意外伤害以外的原因被确诊发生重大疾病、轻症疾病、中症疾病或严重肥胖特定合并症，或因意外伤害以外的原因导致入住重症监护病房，保险公司不承担相应保险责任。此外，以下情形也不在保障范围内：\n\n1. **违法行为**：\n   - 饮酒后驾驶或醉酒后驾驶。\n   - 无合法有效驾驶证驾驶。\n   - 无合法有效行驶证。\n\n2. **特定疾病和状况**：\n   - 感染艾滋病病毒或患艾滋病。\n   - 战争、军事冲突、暴乱。\n   - 遗传性疾病、先天性畸形、变形或染色体异常。\n   - 特定类型和阶段的癌症（如良性肿瘤、原位癌、早期前列腺癌等）。\n   - 非冠状动脉阻塞性疾病引起的肌钙蛋白升高。\n   - 因急性重症肝炎之外的疾病进行ALSS治疗。\n   - 因酗酒或药物滥用导致的肝功能衰竭、肝切除手术、肝功能衰竭等。\n   - 先天性脊柱侧弯、特发性脊柱侧弯的手术治疗。\n   - 部分器官切除手术（如部分肾切除、部分肺切除等）。\n   - 神经官能症、精神疾病。\n   - 非败血症引起的多器官功能障碍综合征。\n   - 先天性心脏疾病引起的肺动脉高压。\n   - 单中心型CD或因感'}]",
